!SESSION 2024-10-26 00:25:44.086 -----------------------------------------------
eclipse.buildId=I20100608-0911
java.version=1.6.0_27
java.vendor=Sun Microsystems Inc.
BootLoader constants: OS=win32, ARCH=x86, WS=win32, NL=zh_CN
Command-line arguments:  -os win32 -ws win32 -arch x86

This is a continuation of log file C:\Users\zihao\OneDrive\Documents\BVN\BleachVsNarutoX Project\.metadata\.bak_0.log
Created Time: 2024-10-26 20:33:47.588

!ENTRY org.eclipse.core.resources 4 1 2024-10-26 20:33:47.588
!MESSAGE 刷新资源时发生了问题
!SUBENTRY 1 org.eclipse.core.resources 4 1 2024-10-26 20:33:47.588
!MESSAGE 自动刷新本机代码 5 时发生了问题。

!ENTRY org.eclipse.core.resources 4 1 2024-10-26 20:33:48.602
!MESSAGE 刷新资源时发生了问题
!SUBENTRY 1 org.eclipse.core.resources 4 1 2024-10-26 20:33:48.602
!MESSAGE 自动刷新本机代码 5 时发生了问题。

!ENTRY org.eclipse.core.resources 4 1 2024-10-26 20:33:49.616
!MESSAGE 刷新资源时发生了问题
!SUBENTRY 1 org.eclipse.core.resources 4 1 2024-10-26 20:33:49.616
!MESSAGE 自动刷新本机代码 5 时发生了问题。

!ENTRY org.eclipse.core.resources 4 1 2024-10-26 20:33:50.627
!MESSAGE 刷新资源时发生了问题
!SUBENTRY 1 org.eclipse.core.resources 4 1 2024-10-26 20:33:50.627
!MESSAGE 自动刷新本机代码 5 时发生了问题。

!ENTRY org.eclipse.core.resources 4 1 2024-10-26 20:33:51.631
!MESSAGE 刷新资源时发生了问题
!SUBENTRY 1 org.eclipse.core.resources 4 1 2024-10-26 20:33:51.631
!MESSAGE 自动刷新本机代码 5 时发生了问题。

!ENTRY org.eclipse.core.resources 4 1 2024-10-26 20:33:52.646
!MESSAGE 刷新资源时发生了问题
!SUBENTRY 1 org.eclipse.core.resources 4 1 2024-10-26 20:33:52.646
!MESSAGE 自动刷新本机代码 5 时发生了问题。

!ENTRY org.eclipse.core.resources 4 1 2024-10-26 20:33:53.649
!MESSAGE 刷新资源时发生了问题
!SUBENTRY 1 org.eclipse.core.resources 4 1 2024-10-26 20:33:53.649
!MESSAGE 自动刷新本机代码 5 时发生了问题。

!ENTRY org.eclipse.core.resources 4 1 2024-10-26 20:33:54.664
!MESSAGE 刷新资源时发生了问题
!SUBENTRY 1 org.eclipse.core.resources 4 1 2024-10-26 20:33:54.664
!MESSAGE 自动刷新本机代码 5 时发生了问题。

!ENTRY org.eclipse.core.resources 4 1 2024-10-26 20:33:55.674
!MESSAGE 刷新资源时发生了问题
!SUBENTRY 1 org.eclipse.core.resources 4 1 2024-10-26 20:33:55.674
!MESSAGE 自动刷新本机代码 5 时发生了问题。

!ENTRY org.eclipse.core.resources 4 1 2024-10-26 20:33:56.689
!MESSAGE 刷新资源时发生了问题
!SUBENTRY 1 org.eclipse.core.resources 4 1 2024-10-26 20:33:56.689
!MESSAGE 自动刷新本机代码 5 时发生了问题。

!ENTRY org.eclipse.core.resources 4 1 2024-10-26 20:33:57.695
!MESSAGE 刷新资源时发生了问题
!SUBENTRY 1 org.eclipse.core.resources 4 1 2024-10-26 20:33:57.695
!MESSAGE 自动刷新本机代码 5 时发生了问题。

!ENTRY org.eclipse.core.resources 4 1 2024-10-26 20:33:58.699
!MESSAGE 刷新资源时发生了问题
!SUBENTRY 1 org.eclipse.core.resources 4 1 2024-10-26 20:33:58.699
!MESSAGE 自动刷新本机代码 5 时发生了问题。

!ENTRY org.eclipse.core.resources 4 1 2024-10-26 20:33:59.714
!MESSAGE 刷新资源时发生了问题
!SUBENTRY 1 org.eclipse.core.resources 4 1 2024-10-26 20:33:59.714
!MESSAGE 自动刷新本机代码 5 时发生了问题。

!ENTRY org.eclipse.core.resources 4 1 2024-10-26 20:34:00.715
!MESSAGE 刷新资源时发生了问题
!SUBENTRY 1 org.eclipse.core.resources 4 1 2024-10-26 20:34:00.715
!MESSAGE 自动刷新本机代码 5 时发生了问题。

!ENTRY org.eclipse.core.resources 4 1 2024-10-26 20:34:01.719
!MESSAGE 刷新资源时发生了问题
!SUBENTRY 1 org.eclipse.core.resources 4 1 2024-10-26 20:34:01.719
!MESSAGE 自动刷新本机代码 5 时发生了问题。

!ENTRY org.eclipse.core.resources 4 1 2024-10-26 20:34:02.726
!MESSAGE 刷新资源时发生了问题
!SUBENTRY 1 org.eclipse.core.resources 4 1 2024-10-26 20:34:02.726
!MESSAGE 自动刷新本机代码 5 时发生了问题。

!ENTRY org.eclipse.core.resources 4 1 2024-10-26 20:34:03.738
!MESSAGE 刷新资源时发生了问题
!SUBENTRY 1 org.eclipse.core.resources 4 1 2024-10-26 20:34:03.738
!MESSAGE 自动刷新本机代码 5 时发生了问题。

!ENTRY org.eclipse.core.resources 4 1 2024-10-26 20:34:04.744
!MESSAGE 刷新资源时发生了问题
!SUBENTRY 1 org.eclipse.core.resources 4 1 2024-10-26 20:34:04.745
!MESSAGE 自动刷新本机代码 5 时发生了问题。

!ENTRY org.eclipse.core.resources 4 1 2024-10-26 20:34:05.754
!MESSAGE 刷新资源时发生了问题
!SUBENTRY 1 org.eclipse.core.resources 4 1 2024-10-26 20:34:05.754
!MESSAGE 自动刷新本机代码 5 时发生了问题。

!ENTRY org.eclipse.core.resources 4 1 2024-10-26 20:34:06.815
!MESSAGE 刷新资源时发生了问题
!SUBENTRY 1 org.eclipse.core.resources 4 1 2024-10-26 20:34:06.815
!MESSAGE 自动刷新本机代码 5 时发生了问题。

!ENTRY org.eclipse.core.resources 4 1 2024-10-26 20:34:07.817
!MESSAGE 刷新资源时发生了问题
!SUBENTRY 1 org.eclipse.core.resources 4 1 2024-10-26 20:34:07.817
!MESSAGE 自动刷新本机代码 5 时发生了问题。

!ENTRY org.eclipse.core.resources 4 1 2024-10-26 20:34:08.822
!MESSAGE 刷新资源时发生了问题
!SUBENTRY 1 org.eclipse.core.resources 4 1 2024-10-26 20:34:08.822
!MESSAGE 自动刷新本机代码 5 时发生了问题。

!ENTRY org.eclipse.core.resources 4 1 2024-10-26 20:34:09.838
!MESSAGE 刷新资源时发生了问题
!SUBENTRY 1 org.eclipse.core.resources 4 1 2024-10-26 20:34:09.838
!MESSAGE 自动刷新本机代码 5 时发生了问题。

!ENTRY org.eclipse.core.resources 4 1 2024-10-26 20:34:10.844
!MESSAGE 刷新资源时发生了问题
!SUBENTRY 1 org.eclipse.core.resources 4 1 2024-10-26 20:34:10.845
!MESSAGE 自动刷新本机代码 5 时发生了问题。

!ENTRY org.eclipse.core.resources 4 1 2024-10-26 20:34:11.859
!MESSAGE 刷新资源时发生了问题
!SUBENTRY 1 org.eclipse.core.resources 4 1 2024-10-26 20:34:11.859
!MESSAGE 自动刷新本机代码 5 时发生了问题。

!ENTRY org.eclipse.core.resources 4 1 2024-10-26 20:34:12.865
!MESSAGE 刷新资源时发生了问题
!SUBENTRY 1 org.eclipse.core.resources 4 1 2024-10-26 20:34:12.865
!MESSAGE 自动刷新本机代码 5 时发生了问题。

!ENTRY org.eclipse.core.resources 4 1 2024-10-26 20:34:13.870
!MESSAGE 刷新资源时发生了问题
!SUBENTRY 1 org.eclipse.core.resources 4 1 2024-10-26 20:34:13.870
!MESSAGE 自动刷新本机代码 5 时发生了问题。

!ENTRY org.eclipse.core.resources 4 1 2024-10-26 20:34:14.886
!MESSAGE 刷新资源时发生了问题
!SUBENTRY 1 org.eclipse.core.resources 4 1 2024-10-26 20:34:14.886
!MESSAGE 自动刷新本机代码 5 时发生了问题。

!ENTRY org.eclipse.core.resources 4 1 2024-10-26 20:34:15.888
!MESSAGE 刷新资源时发生了问题
!SUBENTRY 1 org.eclipse.core.resources 4 1 2024-10-26 20:34:15.888
!MESSAGE 自动刷新本机代码 5 时发生了问题。

!ENTRY org.eclipse.core.resources 4 1 2024-10-26 20:34:16.890
!MESSAGE 刷新资源时发生了问题
!SUBENTRY 1 org.eclipse.core.resources 4 1 2024-10-26 20:34:16.890
!MESSAGE 自动刷新本机代码 5 时发生了问题。

!ENTRY org.eclipse.core.resources 4 1 2024-10-26 20:34:17.895
!MESSAGE 刷新资源时发生了问题
!SUBENTRY 1 org.eclipse.core.resources 4 1 2024-10-26 20:34:17.895
!MESSAGE 自动刷新本机代码 5 时发生了问题。

!ENTRY org.eclipse.core.resources 4 1 2024-10-26 20:34:18.897
!MESSAGE 刷新资源时发生了问题
!SUBENTRY 1 org.eclipse.core.resources 4 1 2024-10-26 20:34:18.897
!MESSAGE 自动刷新本机代码 5 时发生了问题。

!ENTRY org.eclipse.core.resources 4 1 2024-10-26 20:34:19.911
!MESSAGE 刷新资源时发生了问题
!SUBENTRY 1 org.eclipse.core.resources 4 1 2024-10-26 20:34:19.911
!MESSAGE 自动刷新本机代码 5 时发生了问题。

!ENTRY org.eclipse.core.resources 4 1 2024-10-26 20:34:20.914
!MESSAGE 刷新资源时发生了问题
!SUBENTRY 1 org.eclipse.core.resources 4 1 2024-10-26 20:34:20.914
!MESSAGE 自动刷新本机代码 5 时发生了问题。

!ENTRY org.eclipse.core.resources 4 1 2024-10-26 20:34:21.917
!MESSAGE 刷新资源时发生了问题
!SUBENTRY 1 org.eclipse.core.resources 4 1 2024-10-26 20:34:21.917
!MESSAGE 自动刷新本机代码 5 时发生了问题。

!ENTRY org.eclipse.core.resources 4 1 2024-10-26 20:34:22.929
!MESSAGE 刷新资源时发生了问题
!SUBENTRY 1 org.eclipse.core.resources 4 1 2024-10-26 20:34:22.929
!MESSAGE 自动刷新本机代码 5 时发生了问题。

!ENTRY org.eclipse.core.resources 4 1 2024-10-26 20:34:23.933
!MESSAGE 刷新资源时发生了问题
!SUBENTRY 1 org.eclipse.core.resources 4 1 2024-10-26 20:34:23.933
!MESSAGE 自动刷新本机代码 5 时发生了问题。

!ENTRY org.eclipse.core.resources 4 1 2024-10-26 20:34:24.941
!MESSAGE 刷新资源时发生了问题
!SUBENTRY 1 org.eclipse.core.resources 4 1 2024-10-26 20:34:24.941
!MESSAGE 自动刷新本机代码 5 时发生了问题。

!ENTRY org.eclipse.core.resources 4 1 2024-10-26 20:34:25.950
!MESSAGE 刷新资源时发生了问题
!SUBENTRY 1 org.eclipse.core.resources 4 1 2024-10-26 20:34:25.950
!MESSAGE 自动刷新本机代码 5 时发生了问题。

!ENTRY org.eclipse.core.resources 4 1 2024-10-26 20:34:26.961
!MESSAGE 刷新资源时发生了问题
!SUBENTRY 1 org.eclipse.core.resources 4 1 2024-10-26 20:34:26.961
!MESSAGE 自动刷新本机代码 5 时发生了问题。

!ENTRY org.eclipse.core.resources 4 1 2024-10-26 20:34:27.968
!MESSAGE 刷新资源时发生了问题
!SUBENTRY 1 org.eclipse.core.resources 4 1 2024-10-26 20:34:27.968
!MESSAGE 自动刷新本机代码 5 时发生了问题。

!ENTRY org.eclipse.core.resources 4 1 2024-10-26 20:34:28.983
!MESSAGE 刷新资源时发生了问题
!SUBENTRY 1 org.eclipse.core.resources 4 1 2024-10-26 20:34:28.983
!MESSAGE 自动刷新本机代码 5 时发生了问题。

!ENTRY org.eclipse.core.resources 4 1 2024-10-26 20:34:29.993
!MESSAGE 刷新资源时发生了问题
!SUBENTRY 1 org.eclipse.core.resources 4 1 2024-10-26 20:34:29.993
!MESSAGE 自动刷新本机代码 5 时发生了问题。

!ENTRY org.eclipse.core.resources 4 1 2024-10-26 20:34:30.997
!MESSAGE 刷新资源时发生了问题
!SUBENTRY 1 org.eclipse.core.resources 4 1 2024-10-26 20:34:30.997
!MESSAGE 自动刷新本机代码 5 时发生了问题。

!ENTRY org.eclipse.core.resources 4 1 2024-10-26 20:34:31.999
!MESSAGE 刷新资源时发生了问题
!SUBENTRY 1 org.eclipse.core.resources 4 1 2024-10-26 20:34:31.999
!MESSAGE 自动刷新本机代码 5 时发生了问题。

!ENTRY org.eclipse.core.resources 4 1 2024-10-26 20:34:33.214
!MESSAGE 刷新资源时发生了问题
!SUBENTRY 1 org.eclipse.core.resources 4 1 2024-10-26 20:34:33.215
!MESSAGE 自动刷新本机代码 5 时发生了问题。

!ENTRY org.eclipse.core.resources 4 1 2024-10-26 20:34:34.228
!MESSAGE 刷新资源时发生了问题
!SUBENTRY 1 org.eclipse.core.resources 4 1 2024-10-26 20:34:34.228
!MESSAGE 自动刷新本机代码 5 时发生了问题。

!ENTRY org.eclipse.core.resources 4 1 2024-10-26 20:34:35.229
!MESSAGE 刷新资源时发生了问题
!SUBENTRY 1 org.eclipse.core.resources 4 1 2024-10-26 20:34:35.229
!MESSAGE 自动刷新本机代码 5 时发生了问题。

!ENTRY org.eclipse.core.resources 4 1 2024-10-26 20:34:36.234
!MESSAGE 刷新资源时发生了问题
!SUBENTRY 1 org.eclipse.core.resources 4 1 2024-10-26 20:34:36.234
!MESSAGE 自动刷新本机代码 5 时发生了问题。

!ENTRY org.eclipse.core.resources 4 1 2024-10-26 20:34:37.247
!MESSAGE 刷新资源时发生了问题
!SUBENTRY 1 org.eclipse.core.resources 4 1 2024-10-26 20:34:37.247
!MESSAGE 自动刷新本机代码 5 时发生了问题。

!ENTRY org.eclipse.core.resources 4 1 2024-10-26 20:34:38.251
!MESSAGE 刷新资源时发生了问题
!SUBENTRY 1 org.eclipse.core.resources 4 1 2024-10-26 20:34:38.251
!MESSAGE 自动刷新本机代码 5 时发生了问题。

!ENTRY org.eclipse.core.resources 4 1 2024-10-26 20:34:39.255
!MESSAGE 刷新资源时发生了问题
!SUBENTRY 1 org.eclipse.core.resources 4 1 2024-10-26 20:34:39.255
!MESSAGE 自动刷新本机代码 5 时发生了问题。

!ENTRY org.eclipse.core.resources 4 1 2024-10-26 20:34:40.258
!MESSAGE 刷新资源时发生了问题
!SUBENTRY 1 org.eclipse.core.resources 4 1 2024-10-26 20:34:40.258
!MESSAGE 自动刷新本机代码 5 时发生了问题。

!ENTRY org.eclipse.core.resources 4 1 2024-10-26 20:34:41.272
!MESSAGE 刷新资源时发生了问题
!SUBENTRY 1 org.eclipse.core.resources 4 1 2024-10-26 20:34:41.272
!MESSAGE 自动刷新本机代码 5 时发生了问题。

!ENTRY org.eclipse.core.resources 4 1 2024-10-26 20:34:42.277
!MESSAGE 刷新资源时发生了问题
!SUBENTRY 1 org.eclipse.core.resources 4 1 2024-10-26 20:34:42.277
!MESSAGE 自动刷新本机代码 5 时发生了问题。

!ENTRY org.eclipse.core.resources 4 1 2024-10-26 20:34:43.292
!MESSAGE 刷新资源时发生了问题
!SUBENTRY 1 org.eclipse.core.resources 4 1 2024-10-26 20:34:43.292
!MESSAGE 自动刷新本机代码 5 时发生了问题。

!ENTRY org.eclipse.core.resources 4 1 2024-10-26 20:34:44.305
!MESSAGE 刷新资源时发生了问题
!SUBENTRY 1 org.eclipse.core.resources 4 1 2024-10-26 20:34:44.305
!MESSAGE 自动刷新本机代码 5 时发生了问题。

!ENTRY org.eclipse.core.resources 4 1 2024-10-26 20:34:45.307
!MESSAGE 刷新资源时发生了问题
!SUBENTRY 1 org.eclipse.core.resources 4 1 2024-10-26 20:34:45.307
!MESSAGE 自动刷新本机代码 5 时发生了问题。

!ENTRY org.eclipse.core.resources 4 1 2024-10-26 20:34:46.320
!MESSAGE 刷新资源时发生了问题
!SUBENTRY 1 org.eclipse.core.resources 4 1 2024-10-26 20:34:46.320
!MESSAGE 自动刷新本机代码 5 时发生了问题。

!ENTRY org.eclipse.core.resources 4 1 2024-10-26 20:34:47.323
!MESSAGE 刷新资源时发生了问题
!SUBENTRY 1 org.eclipse.core.resources 4 1 2024-10-26 20:34:47.323
!MESSAGE 自动刷新本机代码 5 时发生了问题。

!ENTRY org.eclipse.core.resources 4 1 2024-10-26 20:34:48.328
!MESSAGE 刷新资源时发生了问题
!SUBENTRY 1 org.eclipse.core.resources 4 1 2024-10-26 20:34:48.328
!MESSAGE 自动刷新本机代码 5 时发生了问题。

!ENTRY org.eclipse.core.resources 4 1 2024-10-26 20:34:49.342
!MESSAGE 刷新资源时发生了问题
!SUBENTRY 1 org.eclipse.core.resources 4 1 2024-10-26 20:34:49.342
!MESSAGE 自动刷新本机代码 5 时发生了问题。

!ENTRY org.eclipse.core.resources 4 1 2024-10-26 20:34:50.345
!MESSAGE 刷新资源时发生了问题
!SUBENTRY 1 org.eclipse.core.resources 4 1 2024-10-26 20:34:50.345
!MESSAGE 自动刷新本机代码 5 时发生了问题。

!ENTRY org.eclipse.core.resources 4 1 2024-10-26 20:34:51.346
!MESSAGE 刷新资源时发生了问题
!SUBENTRY 1 org.eclipse.core.resources 4 1 2024-10-26 20:34:51.346
!MESSAGE 自动刷新本机代码 5 时发生了问题。

!ENTRY org.eclipse.core.resources 4 1 2024-10-26 20:34:52.347
!MESSAGE 刷新资源时发生了问题
!SUBENTRY 1 org.eclipse.core.resources 4 1 2024-10-26 20:34:52.347
!MESSAGE 自动刷新本机代码 5 时发生了问题。

!ENTRY org.eclipse.core.resources 4 1 2024-10-26 20:34:53.393
!MESSAGE 刷新资源时发生了问题
!SUBENTRY 1 org.eclipse.core.resources 4 1 2024-10-26 20:34:53.393
!MESSAGE 自动刷新本机代码 5 时发生了问题。

!ENTRY org.eclipse.core.resources 4 1 2024-10-26 20:34:54.404
!MESSAGE 刷新资源时发生了问题
!SUBENTRY 1 org.eclipse.core.resources 4 1 2024-10-26 20:34:54.404
!MESSAGE 自动刷新本机代码 5 时发生了问题。

!ENTRY org.eclipse.core.resources 4 1 2024-10-26 20:34:55.416
!MESSAGE 刷新资源时发生了问题
!SUBENTRY 1 org.eclipse.core.resources 4 1 2024-10-26 20:34:55.416
!MESSAGE 自动刷新本机代码 5 时发生了问题。

!ENTRY org.eclipse.core.resources 4 1 2024-10-26 20:34:56.428
!MESSAGE 刷新资源时发生了问题
!SUBENTRY 1 org.eclipse.core.resources 4 1 2024-10-26 20:34:56.428
!MESSAGE 自动刷新本机代码 5 时发生了问题。

!ENTRY org.eclipse.core.resources 4 1 2024-10-26 20:34:57.489
!MESSAGE 刷新资源时发生了问题
!SUBENTRY 1 org.eclipse.core.resources 4 1 2024-10-26 20:34:57.489
!MESSAGE 自动刷新本机代码 5 时发生了问题。

!ENTRY org.eclipse.core.resources 4 1 2024-10-26 20:34:58.491
!MESSAGE 刷新资源时发生了问题
!SUBENTRY 1 org.eclipse.core.resources 4 1 2024-10-26 20:34:58.491
!MESSAGE 自动刷新本机代码 5 时发生了问题。

!ENTRY org.eclipse.core.resources 4 1 2024-10-26 20:34:59.496
!MESSAGE 刷新资源时发生了问题
!SUBENTRY 1 org.eclipse.core.resources 4 1 2024-10-26 20:34:59.496
!MESSAGE 自动刷新本机代码 5 时发生了问题。

!ENTRY org.eclipse.core.resources 4 1 2024-10-26 20:35:00.499
!MESSAGE 刷新资源时发生了问题
!SUBENTRY 1 org.eclipse.core.resources 4 1 2024-10-26 20:35:00.499
!MESSAGE 自动刷新本机代码 5 时发生了问题。

!ENTRY org.eclipse.core.resources 4 1 2024-10-26 20:35:01.513
!MESSAGE 刷新资源时发生了问题
!SUBENTRY 1 org.eclipse.core.resources 4 1 2024-10-26 20:35:01.513
!MESSAGE 自动刷新本机代码 5 时发生了问题。

!ENTRY org.eclipse.core.resources 4 1 2024-10-26 20:35:02.515
!MESSAGE 刷新资源时发生了问题
!SUBENTRY 1 org.eclipse.core.resources 4 1 2024-10-26 20:35:02.515
!MESSAGE 自动刷新本机代码 5 时发生了问题。

!ENTRY org.eclipse.core.resources 4 1 2024-10-26 20:35:03.526
!MESSAGE 刷新资源时发生了问题
!SUBENTRY 1 org.eclipse.core.resources 4 1 2024-10-26 20:35:03.526
!MESSAGE 自动刷新本机代码 5 时发生了问题。

!ENTRY org.eclipse.core.resources 4 1 2024-10-26 20:35:04.530
!MESSAGE 刷新资源时发生了问题
!SUBENTRY 1 org.eclipse.core.resources 4 1 2024-10-26 20:35:04.530
!MESSAGE 自动刷新本机代码 5 时发生了问题。

!ENTRY org.eclipse.core.resources 4 1 2024-10-26 20:35:05.542
!MESSAGE 刷新资源时发生了问题
!SUBENTRY 1 org.eclipse.core.resources 4 1 2024-10-26 20:35:05.542
!MESSAGE 自动刷新本机代码 5 时发生了问题。

!ENTRY org.eclipse.core.resources 4 1 2024-10-26 20:35:06.558
!MESSAGE 刷新资源时发生了问题
!SUBENTRY 1 org.eclipse.core.resources 4 1 2024-10-26 20:35:06.558
!MESSAGE 自动刷新本机代码 5 时发生了问题。

!ENTRY org.eclipse.core.resources 4 1 2024-10-26 20:35:07.560
!MESSAGE 刷新资源时发生了问题
!SUBENTRY 1 org.eclipse.core.resources 4 1 2024-10-26 20:35:07.560
!MESSAGE 自动刷新本机代码 5 时发生了问题。

!ENTRY org.eclipse.core.resources 4 1 2024-10-26 20:35:08.563
!MESSAGE 刷新资源时发生了问题
!SUBENTRY 1 org.eclipse.core.resources 4 1 2024-10-26 20:35:08.563
!MESSAGE 自动刷新本机代码 5 时发生了问题。

!ENTRY org.eclipse.core.resources 4 1 2024-10-26 20:35:09.565
!MESSAGE 刷新资源时发生了问题
!SUBENTRY 1 org.eclipse.core.resources 4 1 2024-10-26 20:35:09.565
!MESSAGE 自动刷新本机代码 5 时发生了问题。

!ENTRY org.eclipse.core.resources 4 1 2024-10-26 20:35:10.578
!MESSAGE 刷新资源时发生了问题
!SUBENTRY 1 org.eclipse.core.resources 4 1 2024-10-26 20:35:10.578
!MESSAGE 自动刷新本机代码 5 时发生了问题。

!ENTRY org.eclipse.core.resources 4 1 2024-10-26 20:35:11.579
!MESSAGE 刷新资源时发生了问题
!SUBENTRY 1 org.eclipse.core.resources 4 1 2024-10-26 20:35:11.579
!MESSAGE 自动刷新本机代码 5 时发生了问题。

!ENTRY org.eclipse.core.resources 4 1 2024-10-26 20:35:12.583
!MESSAGE 刷新资源时发生了问题
!SUBENTRY 1 org.eclipse.core.resources 4 1 2024-10-26 20:35:12.583
!MESSAGE 自动刷新本机代码 5 时发生了问题。

!ENTRY org.eclipse.core.resources 4 1 2024-10-26 20:35:13.586
!MESSAGE 刷新资源时发生了问题
!SUBENTRY 1 org.eclipse.core.resources 4 1 2024-10-26 20:35:13.586
!MESSAGE 自动刷新本机代码 5 时发生了问题。

!ENTRY org.eclipse.core.resources 4 1 2024-10-26 20:35:14.588
!MESSAGE 刷新资源时发生了问题
!SUBENTRY 1 org.eclipse.core.resources 4 1 2024-10-26 20:35:14.588
!MESSAGE 自动刷新本机代码 5 时发生了问题。

!ENTRY org.eclipse.core.resources 4 1 2024-10-26 20:35:15.603
!MESSAGE 刷新资源时发生了问题
!SUBENTRY 1 org.eclipse.core.resources 4 1 2024-10-26 20:35:15.603
!MESSAGE 自动刷新本机代码 5 时发生了问题。

!ENTRY org.eclipse.core.resources 4 1 2024-10-26 20:35:16.615
!MESSAGE 刷新资源时发生了问题
!SUBENTRY 1 org.eclipse.core.resources 4 1 2024-10-26 20:35:16.615
!MESSAGE 自动刷新本机代码 5 时发生了问题。

!ENTRY org.eclipse.core.resources 4 1 2024-10-26 20:35:17.627
!MESSAGE 刷新资源时发生了问题
!SUBENTRY 1 org.eclipse.core.resources 4 1 2024-10-26 20:35:17.627
!MESSAGE 自动刷新本机代码 5 时发生了问题。

!ENTRY org.eclipse.core.resources 4 1 2024-10-26 20:35:18.630
!MESSAGE 刷新资源时发生了问题
!SUBENTRY 1 org.eclipse.core.resources 4 1 2024-10-26 20:35:18.630
!MESSAGE 自动刷新本机代码 5 时发生了问题。

!ENTRY org.eclipse.core.resources 4 1 2024-10-26 20:35:19.639
!MESSAGE 刷新资源时发生了问题
!SUBENTRY 1 org.eclipse.core.resources 4 1 2024-10-26 20:35:19.639
!MESSAGE 自动刷新本机代码 5 时发生了问题。

!ENTRY org.eclipse.core.resources 4 1 2024-10-26 20:35:20.643
!MESSAGE 刷新资源时发生了问题
!SUBENTRY 1 org.eclipse.core.resources 4 1 2024-10-26 20:35:20.643
!MESSAGE 自动刷新本机代码 5 时发生了问题。

!ENTRY org.eclipse.core.resources 4 1 2024-10-26 20:35:21.657
!MESSAGE 刷新资源时发生了问题
!SUBENTRY 1 org.eclipse.core.resources 4 1 2024-10-26 20:35:21.657
!MESSAGE 自动刷新本机代码 5 时发生了问题。

!ENTRY org.eclipse.core.resources 4 1 2024-10-26 20:35:22.718
!MESSAGE 刷新资源时发生了问题
!SUBENTRY 1 org.eclipse.core.resources 4 1 2024-10-26 20:35:22.718
!MESSAGE 自动刷新本机代码 5 时发生了问题。

!ENTRY org.eclipse.core.resources 4 1 2024-10-26 20:35:23.720
!MESSAGE 刷新资源时发生了问题
!SUBENTRY 1 org.eclipse.core.resources 4 1 2024-10-26 20:35:23.720
!MESSAGE 自动刷新本机代码 5 时发生了问题。

!ENTRY org.eclipse.core.resources 4 1 2024-10-26 20:35:24.728
!MESSAGE 刷新资源时发生了问题
!SUBENTRY 1 org.eclipse.core.resources 4 1 2024-10-26 20:35:24.728
!MESSAGE 自动刷新本机代码 5 时发生了问题。

!ENTRY org.eclipse.core.resources 4 1 2024-10-26 20:35:25.734
!MESSAGE 刷新资源时发生了问题
!SUBENTRY 1 org.eclipse.core.resources 4 1 2024-10-26 20:35:25.734
!MESSAGE 自动刷新本机代码 5 时发生了问题。

!ENTRY org.eclipse.core.resources 4 1 2024-10-26 20:35:26.746
!MESSAGE 刷新资源时发生了问题
!SUBENTRY 1 org.eclipse.core.resources 4 1 2024-10-26 20:35:26.746
!MESSAGE 自动刷新本机代码 5 时发生了问题。

!ENTRY org.eclipse.core.resources 4 1 2024-10-26 20:35:27.751
!MESSAGE 刷新资源时发生了问题
!SUBENTRY 1 org.eclipse.core.resources 4 1 2024-10-26 20:35:27.751
!MESSAGE 自动刷新本机代码 5 时发生了问题。

!ENTRY org.eclipse.core.resources 4 1 2024-10-26 20:35:28.756
!MESSAGE 刷新资源时发生了问题
!SUBENTRY 1 org.eclipse.core.resources 4 1 2024-10-26 20:35:28.756
!MESSAGE 自动刷新本机代码 5 时发生了问题。

!ENTRY org.eclipse.core.resources 4 1 2024-10-26 20:35:29.759
!MESSAGE 刷新资源时发生了问题
!SUBENTRY 1 org.eclipse.core.resources 4 1 2024-10-26 20:35:29.759
!MESSAGE 自动刷新本机代码 5 时发生了问题。

!ENTRY org.eclipse.core.resources 4 1 2024-10-26 20:35:30.760
!MESSAGE 刷新资源时发生了问题
!SUBENTRY 1 org.eclipse.core.resources 4 1 2024-10-26 20:35:30.760
!MESSAGE 自动刷新本机代码 5 时发生了问题。

!ENTRY org.eclipse.core.resources 4 1 2024-10-26 20:35:31.763
!MESSAGE 刷新资源时发生了问题
!SUBENTRY 1 org.eclipse.core.resources 4 1 2024-10-26 20:35:31.763
!MESSAGE 自动刷新本机代码 5 时发生了问题。

!ENTRY org.eclipse.core.resources 4 1 2024-10-26 20:35:32.777
!MESSAGE 刷新资源时发生了问题
!SUBENTRY 1 org.eclipse.core.resources 4 1 2024-10-26 20:35:32.777
!MESSAGE 自动刷新本机代码 5 时发生了问题。

!ENTRY org.eclipse.core.resources 4 1 2024-10-26 20:35:33.785
!MESSAGE 刷新资源时发生了问题
!SUBENTRY 1 org.eclipse.core.resources 4 1 2024-10-26 20:35:33.785
!MESSAGE 自动刷新本机代码 5 时发生了问题。

!ENTRY org.eclipse.core.resources 4 1 2024-10-26 20:35:34.795
!MESSAGE 刷新资源时发生了问题
!SUBENTRY 1 org.eclipse.core.resources 4 1 2024-10-26 20:35:34.795
!MESSAGE 自动刷新本机代码 5 时发生了问题。

!ENTRY org.eclipse.core.resources 4 1 2024-10-26 20:35:35.798
!MESSAGE 刷新资源时发生了问题
!SUBENTRY 1 org.eclipse.core.resources 4 1 2024-10-26 20:35:35.798
!MESSAGE 自动刷新本机代码 5 时发生了问题。

!ENTRY org.eclipse.core.resources 4 1 2024-10-26 20:35:36.800
!MESSAGE 刷新资源时发生了问题
!SUBENTRY 1 org.eclipse.core.resources 4 1 2024-10-26 20:35:36.800
!MESSAGE 自动刷新本机代码 5 时发生了问题。

!ENTRY org.eclipse.core.resources 4 1 2024-10-26 20:35:37.813
!MESSAGE 刷新资源时发生了问题
!SUBENTRY 1 org.eclipse.core.resources 4 1 2024-10-26 20:35:37.813
!MESSAGE 自动刷新本机代码 5 时发生了问题。

!ENTRY org.eclipse.core.resources 4 1 2024-10-26 20:35:38.817
!MESSAGE 刷新资源时发生了问题
!SUBENTRY 1 org.eclipse.core.resources 4 1 2024-10-26 20:35:38.817
!MESSAGE 自动刷新本机代码 5 时发生了问题。

!ENTRY org.eclipse.core.resources 4 1 2024-10-26 20:35:39.830
!MESSAGE 刷新资源时发生了问题
!SUBENTRY 1 org.eclipse.core.resources 4 1 2024-10-26 20:35:39.830
!MESSAGE 自动刷新本机代码 5 时发生了问题。

!ENTRY org.eclipse.core.resources 4 1 2024-10-26 20:35:40.835
!MESSAGE 刷新资源时发生了问题
!SUBENTRY 1 org.eclipse.core.resources 4 1 2024-10-26 20:35:40.835
!MESSAGE 自动刷新本机代码 5 时发生了问题。

!ENTRY org.eclipse.core.resources 4 1 2024-10-26 20:35:41.841
!MESSAGE 刷新资源时发生了问题
!SUBENTRY 1 org.eclipse.core.resources 4 1 2024-10-26 20:35:41.841
!MESSAGE 自动刷新本机代码 5 时发生了问题。

!ENTRY org.eclipse.core.resources 4 1 2024-10-26 20:35:42.842
!MESSAGE 刷新资源时发生了问题
!SUBENTRY 1 org.eclipse.core.resources 4 1 2024-10-26 20:35:42.842
!MESSAGE 自动刷新本机代码 5 时发生了问题。

!ENTRY org.eclipse.core.resources 4 1 2024-10-26 20:35:43.857
!MESSAGE 刷新资源时发生了问题
!SUBENTRY 1 org.eclipse.core.resources 4 1 2024-10-26 20:35:43.857
!MESSAGE 自动刷新本机代码 5 时发生了问题。

!ENTRY org.eclipse.core.resources 4 1 2024-10-26 20:35:44.869
!MESSAGE 刷新资源时发生了问题
!SUBENTRY 1 org.eclipse.core.resources 4 1 2024-10-26 20:35:44.870
!MESSAGE 自动刷新本机代码 5 时发生了问题。

!ENTRY org.eclipse.core.resources 4 1 2024-10-26 20:35:45.883
!MESSAGE 刷新资源时发生了问题
!SUBENTRY 1 org.eclipse.core.resources 4 1 2024-10-26 20:35:45.883
!MESSAGE 自动刷新本机代码 5 时发生了问题。

!ENTRY org.eclipse.core.resources 4 1 2024-10-26 20:35:46.886
!MESSAGE 刷新资源时发生了问题
!SUBENTRY 1 org.eclipse.core.resources 4 1 2024-10-26 20:35:46.886
!MESSAGE 自动刷新本机代码 5 时发生了问题。

!ENTRY org.eclipse.core.resources 4 1 2024-10-26 20:35:47.901
!MESSAGE 刷新资源时发生了问题
!SUBENTRY 1 org.eclipse.core.resources 4 1 2024-10-26 20:35:47.901
!MESSAGE 自动刷新本机代码 5 时发生了问题。

!ENTRY org.eclipse.core.resources 4 1 2024-10-26 20:35:48.914
!MESSAGE 刷新资源时发生了问题
!SUBENTRY 1 org.eclipse.core.resources 4 1 2024-10-26 20:35:48.914
!MESSAGE 自动刷新本机代码 5 时发生了问题。

!ENTRY org.eclipse.core.resources 4 1 2024-10-26 20:35:49.920
!MESSAGE 刷新资源时发生了问题
!SUBENTRY 1 org.eclipse.core.resources 4 1 2024-10-26 20:35:49.920
!MESSAGE 自动刷新本机代码 5 时发生了问题。

!ENTRY org.eclipse.core.resources 4 1 2024-10-26 20:35:50.934
!MESSAGE 刷新资源时发生了问题
!SUBENTRY 1 org.eclipse.core.resources 4 1 2024-10-26 20:35:50.934
!MESSAGE 自动刷新本机代码 5 时发生了问题。

!ENTRY org.eclipse.core.resources 4 1 2024-10-26 20:35:51.935
!MESSAGE 刷新资源时发生了问题
!SUBENTRY 1 org.eclipse.core.resources 4 1 2024-10-26 20:35:51.935
!MESSAGE 自动刷新本机代码 5 时发生了问题。

!ENTRY org.eclipse.core.resources 4 1 2024-10-26 20:35:52.950
!MESSAGE 刷新资源时发生了问题
!SUBENTRY 1 org.eclipse.core.resources 4 1 2024-10-26 20:35:52.950
!MESSAGE 自动刷新本机代码 5 时发生了问题。

!ENTRY org.eclipse.core.resources 4 1 2024-10-26 20:35:53.963
!MESSAGE 刷新资源时发生了问题
!SUBENTRY 1 org.eclipse.core.resources 4 1 2024-10-26 20:35:53.963
!MESSAGE 自动刷新本机代码 5 时发生了问题。

!ENTRY org.eclipse.core.resources 4 1 2024-10-26 20:35:54.975
!MESSAGE 刷新资源时发生了问题
!SUBENTRY 1 org.eclipse.core.resources 4 1 2024-10-26 20:35:54.975
!MESSAGE 自动刷新本机代码 5 时发生了问题。

!ENTRY org.eclipse.core.resources 4 1 2024-10-26 20:35:55.986
!MESSAGE 刷新资源时发生了问题
!SUBENTRY 1 org.eclipse.core.resources 4 1 2024-10-26 20:35:55.986
!MESSAGE 自动刷新本机代码 5 时发生了问题。

!ENTRY org.eclipse.core.resources 4 1 2024-10-26 20:35:56.989
!MESSAGE 刷新资源时发生了问题
!SUBENTRY 1 org.eclipse.core.resources 4 1 2024-10-26 20:35:56.989
!MESSAGE 自动刷新本机代码 5 时发生了问题。

!ENTRY org.eclipse.core.resources 4 1 2024-10-26 20:35:57.991
!MESSAGE 刷新资源时发生了问题
!SUBENTRY 1 org.eclipse.core.resources 4 1 2024-10-26 20:35:57.991
!MESSAGE 自动刷新本机代码 5 时发生了问题。

!ENTRY org.eclipse.core.resources 4 1 2024-10-26 20:35:58.992
!MESSAGE 刷新资源时发生了问题
!SUBENTRY 1 org.eclipse.core.resources 4 1 2024-10-26 20:35:58.992
!MESSAGE 自动刷新本机代码 5 时发生了问题。

!ENTRY org.eclipse.core.resources 4 1 2024-10-26 20:36:00.006
!MESSAGE 刷新资源时发生了问题
!SUBENTRY 1 org.eclipse.core.resources 4 1 2024-10-26 20:36:00.006
!MESSAGE 自动刷新本机代码 5 时发生了问题。

!ENTRY org.eclipse.core.resources 4 1 2024-10-26 20:36:01.068
!MESSAGE 刷新资源时发生了问题
!SUBENTRY 1 org.eclipse.core.resources 4 1 2024-10-26 20:36:01.068
!MESSAGE 自动刷新本机代码 5 时发生了问题。

!ENTRY org.eclipse.core.resources 4 1 2024-10-26 20:36:02.070
!MESSAGE 刷新资源时发生了问题
!SUBENTRY 1 org.eclipse.core.resources 4 1 2024-10-26 20:36:02.070
!MESSAGE 自动刷新本机代码 5 时发生了问题。

!ENTRY org.eclipse.core.resources 4 1 2024-10-26 20:36:03.084
!MESSAGE 刷新资源时发生了问题
!SUBENTRY 1 org.eclipse.core.resources 4 1 2024-10-26 20:36:03.084
!MESSAGE 自动刷新本机代码 5 时发生了问题。

!ENTRY org.eclipse.core.resources 4 1 2024-10-26 20:36:04.098
!MESSAGE 刷新资源时发生了问题
!SUBENTRY 1 org.eclipse.core.resources 4 1 2024-10-26 20:36:04.098
!MESSAGE 自动刷新本机代码 5 时发生了问题。

!ENTRY org.eclipse.core.resources 4 1 2024-10-26 20:36:05.110
!MESSAGE 刷新资源时发生了问题
!SUBENTRY 1 org.eclipse.core.resources 4 1 2024-10-26 20:36:05.110
!MESSAGE 自动刷新本机代码 5 时发生了问题。

!ENTRY org.eclipse.core.resources 4 1 2024-10-26 20:36:06.112
!MESSAGE 刷新资源时发生了问题
!SUBENTRY 1 org.eclipse.core.resources 4 1 2024-10-26 20:36:06.112
!MESSAGE 自动刷新本机代码 5 时发生了问题。

!ENTRY org.eclipse.core.resources 4 1 2024-10-26 20:36:07.113
!MESSAGE 刷新资源时发生了问题
!SUBENTRY 1 org.eclipse.core.resources 4 1 2024-10-26 20:36:07.113
!MESSAGE 自动刷新本机代码 5 时发生了问题。

!ENTRY org.eclipse.core.resources 4 1 2024-10-26 20:36:08.116
!MESSAGE 刷新资源时发生了问题
!SUBENTRY 1 org.eclipse.core.resources 4 1 2024-10-26 20:36:08.116
!MESSAGE 自动刷新本机代码 5 时发生了问题。

!ENTRY org.eclipse.core.resources 4 1 2024-10-26 20:36:09.119
!MESSAGE 刷新资源时发生了问题
!SUBENTRY 1 org.eclipse.core.resources 4 1 2024-10-26 20:36:09.119
!MESSAGE 自动刷新本机代码 5 时发生了问题。

!ENTRY org.eclipse.core.resources 4 1 2024-10-26 20:36:10.121
!MESSAGE 刷新资源时发生了问题
!SUBENTRY 1 org.eclipse.core.resources 4 1 2024-10-26 20:36:10.121
!MESSAGE 自动刷新本机代码 5 时发生了问题。

!ENTRY org.eclipse.core.resources 4 1 2024-10-26 20:36:11.134
!MESSAGE 刷新资源时发生了问题
!SUBENTRY 1 org.eclipse.core.resources 4 1 2024-10-26 20:36:11.134
!MESSAGE 自动刷新本机代码 5 时发生了问题。

!ENTRY org.eclipse.core.resources 4 1 2024-10-26 20:36:12.147
!MESSAGE 刷新资源时发生了问题
!SUBENTRY 1 org.eclipse.core.resources 4 1 2024-10-26 20:36:12.147
!MESSAGE 自动刷新本机代码 5 时发生了问题。

!ENTRY org.eclipse.core.resources 4 1 2024-10-26 20:36:13.160
!MESSAGE 刷新资源时发生了问题
!SUBENTRY 1 org.eclipse.core.resources 4 1 2024-10-26 20:36:13.160
!MESSAGE 自动刷新本机代码 5 时发生了问题。

!ENTRY org.eclipse.core.resources 4 1 2024-10-26 20:36:14.175
!MESSAGE 刷新资源时发生了问题
!SUBENTRY 1 org.eclipse.core.resources 4 1 2024-10-26 20:36:14.175
!MESSAGE 自动刷新本机代码 5 时发生了问题。

!ENTRY org.eclipse.core.resources 4 1 2024-10-26 20:36:15.190
!MESSAGE 刷新资源时发生了问题
!SUBENTRY 1 org.eclipse.core.resources 4 1 2024-10-26 20:36:15.190
!MESSAGE 自动刷新本机代码 5 时发生了问题。

!ENTRY org.eclipse.core.resources 4 1 2024-10-26 20:36:16.195
!MESSAGE 刷新资源时发生了问题
!SUBENTRY 1 org.eclipse.core.resources 4 1 2024-10-26 20:36:16.195
!MESSAGE 自动刷新本机代码 5 时发生了问题。

!ENTRY org.eclipse.core.resources 4 1 2024-10-26 20:36:17.196
!MESSAGE 刷新资源时发生了问题
!SUBENTRY 1 org.eclipse.core.resources 4 1 2024-10-26 20:36:17.196
!MESSAGE 自动刷新本机代码 5 时发生了问题。

!ENTRY org.eclipse.core.resources 4 1 2024-10-26 20:36:18.198
!MESSAGE 刷新资源时发生了问题
!SUBENTRY 1 org.eclipse.core.resources 4 1 2024-10-26 20:36:18.198
!MESSAGE 自动刷新本机代码 5 时发生了问题。

!ENTRY org.eclipse.core.resources 4 1 2024-10-26 20:36:19.212
!MESSAGE 刷新资源时发生了问题
!SUBENTRY 1 org.eclipse.core.resources 4 1 2024-10-26 20:36:19.212
!MESSAGE 自动刷新本机代码 5 时发生了问题。

!ENTRY org.eclipse.core.resources 4 1 2024-10-26 20:36:20.227
!MESSAGE 刷新资源时发生了问题
!SUBENTRY 1 org.eclipse.core.resources 4 1 2024-10-26 20:36:20.227
!MESSAGE 自动刷新本机代码 5 时发生了问题。

!ENTRY org.eclipse.core.resources 4 1 2024-10-26 20:36:21.238
!MESSAGE 刷新资源时发生了问题
!SUBENTRY 1 org.eclipse.core.resources 4 1 2024-10-26 20:36:21.238
!MESSAGE 自动刷新本机代码 5 时发生了问题。

!ENTRY org.eclipse.core.resources 4 1 2024-10-26 20:36:22.240
!MESSAGE 刷新资源时发生了问题
!SUBENTRY 1 org.eclipse.core.resources 4 1 2024-10-26 20:36:22.240
!MESSAGE 自动刷新本机代码 5 时发生了问题。

!ENTRY org.eclipse.core.resources 4 1 2024-10-26 20:36:23.245
!MESSAGE 刷新资源时发生了问题
!SUBENTRY 1 org.eclipse.core.resources 4 1 2024-10-26 20:36:23.245
!MESSAGE 自动刷新本机代码 5 时发生了问题。

!ENTRY org.eclipse.core.resources 4 1 2024-10-26 20:36:24.256
!MESSAGE 刷新资源时发生了问题
!SUBENTRY 1 org.eclipse.core.resources 4 1 2024-10-26 20:36:24.256
!MESSAGE 自动刷新本机代码 5 时发生了问题。

!ENTRY org.eclipse.core.resources 4 1 2024-10-26 20:36:25.260
!MESSAGE 刷新资源时发生了问题
!SUBENTRY 1 org.eclipse.core.resources 4 1 2024-10-26 20:36:25.260
!MESSAGE 自动刷新本机代码 5 时发生了问题。

!ENTRY org.eclipse.core.resources 4 1 2024-10-26 20:36:26.262
!MESSAGE 刷新资源时发生了问题
!SUBENTRY 1 org.eclipse.core.resources 4 1 2024-10-26 20:36:26.262
!MESSAGE 自动刷新本机代码 5 时发生了问题。

!ENTRY org.eclipse.core.resources 4 1 2024-10-26 20:36:27.267
!MESSAGE 刷新资源时发生了问题
!SUBENTRY 1 org.eclipse.core.resources 4 1 2024-10-26 20:36:27.267
!MESSAGE 自动刷新本机代码 5 时发生了问题。

!ENTRY org.eclipse.core.resources 4 1 2024-10-26 20:36:28.270
!MESSAGE 刷新资源时发生了问题
!SUBENTRY 1 org.eclipse.core.resources 4 1 2024-10-26 20:36:28.270
!MESSAGE 自动刷新本机代码 5 时发生了问题。

!ENTRY org.eclipse.core.resources 4 1 2024-10-26 20:36:29.285
!MESSAGE 刷新资源时发生了问题
!SUBENTRY 1 org.eclipse.core.resources 4 1 2024-10-26 20:36:29.285
!MESSAGE 自动刷新本机代码 5 时发生了问题。

!ENTRY org.eclipse.core.resources 4 1 2024-10-26 20:36:30.291
!MESSAGE 刷新资源时发生了问题
!SUBENTRY 1 org.eclipse.core.resources 4 1 2024-10-26 20:36:30.291
!MESSAGE 自动刷新本机代码 5 时发生了问题。

!ENTRY org.eclipse.core.resources 4 1 2024-10-26 20:36:31.293
!MESSAGE 刷新资源时发生了问题
!SUBENTRY 1 org.eclipse.core.resources 4 1 2024-10-26 20:36:31.293
!MESSAGE 自动刷新本机代码 5 时发生了问题。

!ENTRY org.eclipse.core.resources 4 1 2024-10-26 20:36:32.307
!MESSAGE 刷新资源时发生了问题
!SUBENTRY 1 org.eclipse.core.resources 4 1 2024-10-26 20:36:32.307
!MESSAGE 自动刷新本机代码 5 时发生了问题。

!ENTRY org.eclipse.core.resources 4 1 2024-10-26 20:36:33.309
!MESSAGE 刷新资源时发生了问题
!SUBENTRY 1 org.eclipse.core.resources 4 1 2024-10-26 20:36:33.309
!MESSAGE 自动刷新本机代码 5 时发生了问题。

!ENTRY org.eclipse.core.resources 4 1 2024-10-26 20:36:34.322
!MESSAGE 刷新资源时发生了问题
!SUBENTRY 1 org.eclipse.core.resources 4 1 2024-10-26 20:36:34.322
!MESSAGE 自动刷新本机代码 5 时发生了问题。

!ENTRY org.eclipse.core.resources 4 1 2024-10-26 20:36:35.323
!MESSAGE 刷新资源时发生了问题
!SUBENTRY 1 org.eclipse.core.resources 4 1 2024-10-26 20:36:35.323
!MESSAGE 自动刷新本机代码 5 时发生了问题。

!ENTRY org.eclipse.core.resources 4 1 2024-10-26 20:36:36.337
!MESSAGE 刷新资源时发生了问题
!SUBENTRY 1 org.eclipse.core.resources 4 1 2024-10-26 20:36:36.337
!MESSAGE 自动刷新本机代码 5 时发生了问题。

!ENTRY org.eclipse.core.resources 4 1 2024-10-26 20:36:37.397
!MESSAGE 刷新资源时发生了问题
!SUBENTRY 1 org.eclipse.core.resources 4 1 2024-10-26 20:36:37.397
!MESSAGE 自动刷新本机代码 5 时发生了问题。

!ENTRY org.eclipse.core.resources 4 1 2024-10-26 20:36:38.398
!MESSAGE 刷新资源时发生了问题
!SUBENTRY 1 org.eclipse.core.resources 4 1 2024-10-26 20:36:38.398
!MESSAGE 自动刷新本机代码 5 时发生了问题。

!ENTRY org.eclipse.core.resources 4 1 2024-10-26 20:36:39.411
!MESSAGE 刷新资源时发生了问题
!SUBENTRY 1 org.eclipse.core.resources 4 1 2024-10-26 20:36:39.411
!MESSAGE 自动刷新本机代码 5 时发生了问题。

!ENTRY org.eclipse.core.resources 4 1 2024-10-26 20:36:40.425
!MESSAGE 刷新资源时发生了问题
!SUBENTRY 1 org.eclipse.core.resources 4 1 2024-10-26 20:36:40.425
!MESSAGE 自动刷新本机代码 5 时发生了问题。

!ENTRY org.eclipse.core.resources 4 1 2024-10-26 20:36:41.439
!MESSAGE 刷新资源时发生了问题
!SUBENTRY 1 org.eclipse.core.resources 4 1 2024-10-26 20:36:41.439
!MESSAGE 自动刷新本机代码 5 时发生了问题。

!ENTRY org.eclipse.core.resources 4 1 2024-10-26 20:36:42.454
!MESSAGE 刷新资源时发生了问题
!SUBENTRY 1 org.eclipse.core.resources 4 1 2024-10-26 20:36:42.454
!MESSAGE 自动刷新本机代码 5 时发生了问题。

!ENTRY org.eclipse.core.resources 4 1 2024-10-26 20:36:43.469
!MESSAGE 刷新资源时发生了问题
!SUBENTRY 1 org.eclipse.core.resources 4 1 2024-10-26 20:36:43.469
!MESSAGE 自动刷新本机代码 5 时发生了问题。

!ENTRY org.eclipse.core.resources 4 1 2024-10-26 20:36:44.481
!MESSAGE 刷新资源时发生了问题
!SUBENTRY 1 org.eclipse.core.resources 4 1 2024-10-26 20:36:44.481
!MESSAGE 自动刷新本机代码 5 时发生了问题。

!ENTRY org.eclipse.core.resources 4 1 2024-10-26 20:36:45.492
!MESSAGE 刷新资源时发生了问题
!SUBENTRY 1 org.eclipse.core.resources 4 1 2024-10-26 20:36:45.492
!MESSAGE 自动刷新本机代码 5 时发生了问题。

!ENTRY org.eclipse.core.resources 4 1 2024-10-26 20:36:46.506
!MESSAGE 刷新资源时发生了问题
!SUBENTRY 1 org.eclipse.core.resources 4 1 2024-10-26 20:36:46.506
!MESSAGE 自动刷新本机代码 5 时发生了问题。

!ENTRY org.eclipse.core.resources 4 1 2024-10-26 20:36:47.510
!MESSAGE 刷新资源时发生了问题
!SUBENTRY 1 org.eclipse.core.resources 4 1 2024-10-26 20:36:47.510
!MESSAGE 自动刷新本机代码 5 时发生了问题。

!ENTRY org.eclipse.core.resources 4 1 2024-10-26 20:36:48.524
!MESSAGE 刷新资源时发生了问题
!SUBENTRY 1 org.eclipse.core.resources 4 1 2024-10-26 20:36:48.524
!MESSAGE 自动刷新本机代码 5 时发生了问题。

!ENTRY org.eclipse.core.resources 4 1 2024-10-26 20:36:49.536
!MESSAGE 刷新资源时发生了问题
!SUBENTRY 1 org.eclipse.core.resources 4 1 2024-10-26 20:36:49.536
!MESSAGE 自动刷新本机代码 5 时发生了问题。

!ENTRY org.eclipse.core.resources 4 1 2024-10-26 20:36:50.550
!MESSAGE 刷新资源时发生了问题
!SUBENTRY 1 org.eclipse.core.resources 4 1 2024-10-26 20:36:50.550
!MESSAGE 自动刷新本机代码 5 时发生了问题。

!ENTRY org.eclipse.core.resources 4 1 2024-10-26 20:36:51.565
!MESSAGE 刷新资源时发生了问题
!SUBENTRY 1 org.eclipse.core.resources 4 1 2024-10-26 20:36:51.565
!MESSAGE 自动刷新本机代码 5 时发生了问题。

!ENTRY org.eclipse.core.resources 4 1 2024-10-26 20:36:52.578
!MESSAGE 刷新资源时发生了问题
!SUBENTRY 1 org.eclipse.core.resources 4 1 2024-10-26 20:36:52.578
!MESSAGE 自动刷新本机代码 5 时发生了问题。

!ENTRY org.eclipse.core.resources 4 1 2024-10-26 20:36:53.587
!MESSAGE 刷新资源时发生了问题
!SUBENTRY 1 org.eclipse.core.resources 4 1 2024-10-26 20:36:53.587
!MESSAGE 自动刷新本机代码 5 时发生了问题。

!ENTRY org.eclipse.core.resources 4 1 2024-10-26 20:36:54.591
!MESSAGE 刷新资源时发生了问题
!SUBENTRY 1 org.eclipse.core.resources 4 1 2024-10-26 20:36:54.591
!MESSAGE 自动刷新本机代码 5 时发生了问题。

!ENTRY org.eclipse.core.resources 4 1 2024-10-26 20:36:55.595
!MESSAGE 刷新资源时发生了问题
!SUBENTRY 1 org.eclipse.core.resources 4 1 2024-10-26 20:36:55.595
!MESSAGE 自动刷新本机代码 5 时发生了问题。

!ENTRY org.eclipse.core.resources 4 1 2024-10-26 20:36:56.607
!MESSAGE 刷新资源时发生了问题
!SUBENTRY 1 org.eclipse.core.resources 4 1 2024-10-26 20:36:56.607
!MESSAGE 自动刷新本机代码 5 时发生了问题。

!ENTRY org.eclipse.core.resources 4 1 2024-10-26 20:36:57.619
!MESSAGE 刷新资源时发生了问题
!SUBENTRY 1 org.eclipse.core.resources 4 1 2024-10-26 20:36:57.619
!MESSAGE 自动刷新本机代码 5 时发生了问题。

!ENTRY org.eclipse.core.resources 4 1 2024-10-26 20:36:58.630
!MESSAGE 刷新资源时发生了问题
!SUBENTRY 1 org.eclipse.core.resources 4 1 2024-10-26 20:36:58.630
!MESSAGE 自动刷新本机代码 5 时发生了问题。

!ENTRY org.eclipse.core.resources 4 1 2024-10-26 20:36:59.631
!MESSAGE 刷新资源时发生了问题
!SUBENTRY 1 org.eclipse.core.resources 4 1 2024-10-26 20:36:59.631
!MESSAGE 自动刷新本机代码 5 时发生了问题。

!ENTRY org.eclipse.core.resources 4 1 2024-10-26 20:37:00.635
!MESSAGE 刷新资源时发生了问题
!SUBENTRY 1 org.eclipse.core.resources 4 1 2024-10-26 20:37:00.635
!MESSAGE 自动刷新本机代码 5 时发生了问题。

!ENTRY org.eclipse.core.resources 4 1 2024-10-26 20:37:01.648
!MESSAGE 刷新资源时发生了问题
!SUBENTRY 1 org.eclipse.core.resources 4 1 2024-10-26 20:37:01.648
!MESSAGE 自动刷新本机代码 5 时发生了问题。

!ENTRY org.eclipse.core.resources 4 1 2024-10-26 20:37:02.649
!MESSAGE 刷新资源时发生了问题
!SUBENTRY 1 org.eclipse.core.resources 4 1 2024-10-26 20:37:02.649
!MESSAGE 自动刷新本机代码 5 时发生了问题。

!ENTRY org.eclipse.core.resources 4 1 2024-10-26 20:37:03.653
!MESSAGE 刷新资源时发生了问题
!SUBENTRY 1 org.eclipse.core.resources 4 1 2024-10-26 20:37:03.653
!MESSAGE 自动刷新本机代码 5 时发生了问题。

!ENTRY org.eclipse.core.resources 4 1 2024-10-26 20:37:04.668
!MESSAGE 刷新资源时发生了问题
!SUBENTRY 1 org.eclipse.core.resources 4 1 2024-10-26 20:37:04.668
!MESSAGE 自动刷新本机代码 5 时发生了问题。

!ENTRY org.eclipse.core.resources 4 1 2024-10-26 20:37:05.669
!MESSAGE 刷新资源时发生了问题
!SUBENTRY 1 org.eclipse.core.resources 4 1 2024-10-26 20:37:05.669
!MESSAGE 自动刷新本机代码 5 时发生了问题。

!ENTRY org.eclipse.core.resources 4 1 2024-10-26 20:37:06.672
!MESSAGE 刷新资源时发生了问题
!SUBENTRY 1 org.eclipse.core.resources 4 1 2024-10-26 20:37:06.672
!MESSAGE 自动刷新本机代码 5 时发生了问题。

!ENTRY org.eclipse.core.resources 4 1 2024-10-26 20:37:07.676
!MESSAGE 刷新资源时发生了问题
!SUBENTRY 1 org.eclipse.core.resources 4 1 2024-10-26 20:37:07.676
!MESSAGE 自动刷新本机代码 5 时发生了问题。

!ENTRY org.eclipse.core.resources 4 1 2024-10-26 20:37:08.678
!MESSAGE 刷新资源时发生了问题
!SUBENTRY 1 org.eclipse.core.resources 4 1 2024-10-26 20:37:08.678
!MESSAGE 自动刷新本机代码 5 时发生了问题。

!ENTRY org.eclipse.core.resources 4 1 2024-10-26 20:37:09.680
!MESSAGE 刷新资源时发生了问题
!SUBENTRY 1 org.eclipse.core.resources 4 1 2024-10-26 20:37:09.680
!MESSAGE 自动刷新本机代码 5 时发生了问题。

!ENTRY org.eclipse.core.resources 4 1 2024-10-26 20:37:10.693
!MESSAGE 刷新资源时发生了问题
!SUBENTRY 1 org.eclipse.core.resources 4 1 2024-10-26 20:37:10.693
!MESSAGE 自动刷新本机代码 5 时发生了问题。

!ENTRY org.eclipse.core.resources 4 1 2024-10-26 20:37:11.706
!MESSAGE 刷新资源时发生了问题
!SUBENTRY 1 org.eclipse.core.resources 4 1 2024-10-26 20:37:11.706
!MESSAGE 自动刷新本机代码 5 时发生了问题。

!ENTRY org.eclipse.core.resources 4 1 2024-10-26 20:37:12.708
!MESSAGE 刷新资源时发生了问题
!SUBENTRY 1 org.eclipse.core.resources 4 1 2024-10-26 20:37:12.708
!MESSAGE 自动刷新本机代码 5 时发生了问题。

!ENTRY org.eclipse.core.resources 4 1 2024-10-26 20:37:13.710
!MESSAGE 刷新资源时发生了问题
!SUBENTRY 1 org.eclipse.core.resources 4 1 2024-10-26 20:37:13.710
!MESSAGE 自动刷新本机代码 5 时发生了问题。

!ENTRY org.eclipse.core.resources 4 1 2024-10-26 20:37:14.720
!MESSAGE 刷新资源时发生了问题
!SUBENTRY 1 org.eclipse.core.resources 4 1 2024-10-26 20:37:14.720
!MESSAGE 自动刷新本机代码 5 时发生了问题。

!ENTRY org.eclipse.core.resources 4 1 2024-10-26 20:37:15.721
!MESSAGE 刷新资源时发生了问题
!SUBENTRY 1 org.eclipse.core.resources 4 1 2024-10-26 20:37:15.721
!MESSAGE 自动刷新本机代码 5 时发生了问题。

!ENTRY org.eclipse.core.resources 4 1 2024-10-26 20:37:16.737
!MESSAGE 刷新资源时发生了问题
!SUBENTRY 1 org.eclipse.core.resources 4 1 2024-10-26 20:37:16.737
!MESSAGE 自动刷新本机代码 5 时发生了问题。

!ENTRY org.eclipse.core.resources 4 1 2024-10-26 20:37:17.739
!MESSAGE 刷新资源时发生了问题
!SUBENTRY 1 org.eclipse.core.resources 4 1 2024-10-26 20:37:17.739
!MESSAGE 自动刷新本机代码 5 时发生了问题。

!ENTRY org.eclipse.core.resources 4 1 2024-10-26 20:37:18.755
!MESSAGE 刷新资源时发生了问题
!SUBENTRY 1 org.eclipse.core.resources 4 1 2024-10-26 20:37:18.755
!MESSAGE 自动刷新本机代码 5 时发生了问题。

!ENTRY org.eclipse.core.resources 4 1 2024-10-26 20:37:19.768
!MESSAGE 刷新资源时发生了问题
!SUBENTRY 1 org.eclipse.core.resources 4 1 2024-10-26 20:37:19.768
!MESSAGE 自动刷新本机代码 5 时发生了问题。

!ENTRY org.eclipse.core.resources 4 1 2024-10-26 20:37:20.778
!MESSAGE 刷新资源时发生了问题
!SUBENTRY 1 org.eclipse.core.resources 4 1 2024-10-26 20:37:20.778
!MESSAGE 自动刷新本机代码 5 时发生了问题。

!ENTRY org.eclipse.core.resources 4 1 2024-10-26 20:37:21.783
!MESSAGE 刷新资源时发生了问题
!SUBENTRY 1 org.eclipse.core.resources 4 1 2024-10-26 20:37:21.783
!MESSAGE 自动刷新本机代码 5 时发生了问题。

!ENTRY org.eclipse.core.resources 4 1 2024-10-26 20:37:22.796
!MESSAGE 刷新资源时发生了问题
!SUBENTRY 1 org.eclipse.core.resources 4 1 2024-10-26 20:37:22.796
!MESSAGE 自动刷新本机代码 5 时发生了问题。

!ENTRY org.eclipse.core.resources 4 1 2024-10-26 20:37:23.797
!MESSAGE 刷新资源时发生了问题
!SUBENTRY 1 org.eclipse.core.resources 4 1 2024-10-26 20:37:23.797
!MESSAGE 自动刷新本机代码 5 时发生了问题。

!ENTRY org.eclipse.core.resources 4 1 2024-10-26 20:37:24.807
!MESSAGE 刷新资源时发生了问题
!SUBENTRY 1 org.eclipse.core.resources 4 1 2024-10-26 20:37:24.807
!MESSAGE 自动刷新本机代码 5 时发生了问题。

!ENTRY org.eclipse.core.resources 4 1 2024-10-26 20:37:25.822
!MESSAGE 刷新资源时发生了问题
!SUBENTRY 1 org.eclipse.core.resources 4 1 2024-10-26 20:37:25.822
!MESSAGE 自动刷新本机代码 5 时发生了问题。

!ENTRY org.eclipse.core.resources 4 1 2024-10-26 20:37:26.826
!MESSAGE 刷新资源时发生了问题
!SUBENTRY 1 org.eclipse.core.resources 4 1 2024-10-26 20:37:26.826
!MESSAGE 自动刷新本机代码 5 时发生了问题。

!ENTRY org.eclipse.core.resources 4 1 2024-10-26 20:37:27.828
!MESSAGE 刷新资源时发生了问题
!SUBENTRY 1 org.eclipse.core.resources 4 1 2024-10-26 20:37:27.828
!MESSAGE 自动刷新本机代码 5 时发生了问题。

!ENTRY org.eclipse.core.resources 4 1 2024-10-26 20:37:28.842
!MESSAGE 刷新资源时发生了问题
!SUBENTRY 1 org.eclipse.core.resources 4 1 2024-10-26 20:37:28.842
!MESSAGE 自动刷新本机代码 5 时发生了问题。

!ENTRY org.eclipse.core.resources 4 1 2024-10-26 20:37:29.857
!MESSAGE 刷新资源时发生了问题
!SUBENTRY 1 org.eclipse.core.resources 4 1 2024-10-26 20:37:29.857
!MESSAGE 自动刷新本机代码 5 时发生了问题。

!ENTRY org.eclipse.core.resources 4 1 2024-10-26 20:37:30.871
!MESSAGE 刷新资源时发生了问题
!SUBENTRY 1 org.eclipse.core.resources 4 1 2024-10-26 20:37:30.871
!MESSAGE 自动刷新本机代码 5 时发生了问题。

!ENTRY org.eclipse.core.resources 4 1 2024-10-26 20:37:31.872
!MESSAGE 刷新资源时发生了问题
!SUBENTRY 1 org.eclipse.core.resources 4 1 2024-10-26 20:37:31.872
!MESSAGE 自动刷新本机代码 5 时发生了问题。

!ENTRY org.eclipse.core.resources 4 1 2024-10-26 20:37:32.886
!MESSAGE 刷新资源时发生了问题
!SUBENTRY 1 org.eclipse.core.resources 4 1 2024-10-26 20:37:32.886
!MESSAGE 自动刷新本机代码 5 时发生了问题。

!ENTRY org.eclipse.core.resources 4 1 2024-10-26 20:37:33.887
!MESSAGE 刷新资源时发生了问题
!SUBENTRY 1 org.eclipse.core.resources 4 1 2024-10-26 20:37:33.887
!MESSAGE 自动刷新本机代码 5 时发生了问题。

!ENTRY org.eclipse.core.resources 4 1 2024-10-26 20:37:34.889
!MESSAGE 刷新资源时发生了问题
!SUBENTRY 1 org.eclipse.core.resources 4 1 2024-10-26 20:37:34.889
!MESSAGE 自动刷新本机代码 5 时发生了问题。

!ENTRY org.eclipse.core.resources 4 1 2024-10-26 20:37:35.903
!MESSAGE 刷新资源时发生了问题
!SUBENTRY 1 org.eclipse.core.resources 4 1 2024-10-26 20:37:35.903
!MESSAGE 自动刷新本机代码 5 时发生了问题。

!ENTRY org.eclipse.core.resources 4 1 2024-10-26 20:37:36.907
!MESSAGE 刷新资源时发生了问题
!SUBENTRY 1 org.eclipse.core.resources 4 1 2024-10-26 20:37:36.907
!MESSAGE 自动刷新本机代码 5 时发生了问题。

!ENTRY org.eclipse.core.resources 4 1 2024-10-26 20:37:37.920
!MESSAGE 刷新资源时发生了问题
!SUBENTRY 1 org.eclipse.core.resources 4 1 2024-10-26 20:37:37.920
!MESSAGE 自动刷新本机代码 5 时发生了问题。

!ENTRY org.eclipse.core.resources 4 1 2024-10-26 20:37:38.921
!MESSAGE 刷新资源时发生了问题
!SUBENTRY 1 org.eclipse.core.resources 4 1 2024-10-26 20:37:38.922
!MESSAGE 自动刷新本机代码 5 时发生了问题。

!ENTRY org.eclipse.core.resources 4 1 2024-10-26 20:37:39.984
!MESSAGE 刷新资源时发生了问题
!SUBENTRY 1 org.eclipse.core.resources 4 1 2024-10-26 20:37:39.984
!MESSAGE 自动刷新本机代码 5 时发生了问题。

!ENTRY org.eclipse.core.resources 4 1 2024-10-26 20:37:40.990
!MESSAGE 刷新资源时发生了问题
!SUBENTRY 1 org.eclipse.core.resources 4 1 2024-10-26 20:37:40.990
!MESSAGE 自动刷新本机代码 5 时发生了问题。

!ENTRY org.eclipse.core.resources 4 1 2024-10-26 20:37:42.002
!MESSAGE 刷新资源时发生了问题
!SUBENTRY 1 org.eclipse.core.resources 4 1 2024-10-26 20:37:42.002
!MESSAGE 自动刷新本机代码 5 时发生了问题。

!ENTRY org.eclipse.core.resources 4 1 2024-10-26 20:37:43.016
!MESSAGE 刷新资源时发生了问题
!SUBENTRY 1 org.eclipse.core.resources 4 1 2024-10-26 20:37:43.016
!MESSAGE 自动刷新本机代码 5 时发生了问题。

!ENTRY org.eclipse.core.resources 4 1 2024-10-26 20:37:44.018
!MESSAGE 刷新资源时发生了问题
!SUBENTRY 1 org.eclipse.core.resources 4 1 2024-10-26 20:37:44.018
!MESSAGE 自动刷新本机代码 5 时发生了问题。

!ENTRY org.eclipse.core.resources 4 1 2024-10-26 20:37:45.078
!MESSAGE 刷新资源时发生了问题
!SUBENTRY 1 org.eclipse.core.resources 4 1 2024-10-26 20:37:45.078
!MESSAGE 自动刷新本机代码 5 时发生了问题。

!ENTRY org.eclipse.core.resources 4 1 2024-10-26 20:37:46.079
!MESSAGE 刷新资源时发生了问题
!SUBENTRY 1 org.eclipse.core.resources 4 1 2024-10-26 20:37:46.079
!MESSAGE 自动刷新本机代码 5 时发生了问题。

!ENTRY org.eclipse.core.resources 4 1 2024-10-26 20:37:47.093
!MESSAGE 刷新资源时发生了问题
!SUBENTRY 1 org.eclipse.core.resources 4 1 2024-10-26 20:37:47.093
!MESSAGE 自动刷新本机代码 5 时发生了问题。

!ENTRY org.eclipse.core.resources 4 1 2024-10-26 20:37:48.106
!MESSAGE 刷新资源时发生了问题
!SUBENTRY 1 org.eclipse.core.resources 4 1 2024-10-26 20:37:48.106
!MESSAGE 自动刷新本机代码 5 时发生了问题。

!ENTRY org.eclipse.core.resources 4 1 2024-10-26 20:37:49.122
!MESSAGE 刷新资源时发生了问题
!SUBENTRY 1 org.eclipse.core.resources 4 1 2024-10-26 20:37:49.122
!MESSAGE 自动刷新本机代码 5 时发生了问题。

!ENTRY org.eclipse.core.resources 4 1 2024-10-26 20:37:50.183
!MESSAGE 刷新资源时发生了问题
!SUBENTRY 1 org.eclipse.core.resources 4 1 2024-10-26 20:37:50.183
!MESSAGE 自动刷新本机代码 5 时发生了问题。

!ENTRY org.eclipse.core.resources 4 1 2024-10-26 20:37:51.187
!MESSAGE 刷新资源时发生了问题
!SUBENTRY 1 org.eclipse.core.resources 4 1 2024-10-26 20:37:51.187
!MESSAGE 自动刷新本机代码 5 时发生了问题。

!ENTRY org.eclipse.core.resources 4 1 2024-10-26 20:37:52.201
!MESSAGE 刷新资源时发生了问题
!SUBENTRY 1 org.eclipse.core.resources 4 1 2024-10-26 20:37:52.201
!MESSAGE 自动刷新本机代码 5 时发生了问题。

!ENTRY org.eclipse.core.resources 4 1 2024-10-26 20:37:53.203
!MESSAGE 刷新资源时发生了问题
!SUBENTRY 1 org.eclipse.core.resources 4 1 2024-10-26 20:37:53.203
!MESSAGE 自动刷新本机代码 5 时发生了问题。

!ENTRY org.eclipse.core.resources 4 1 2024-10-26 20:37:54.208
!MESSAGE 刷新资源时发生了问题
!SUBENTRY 1 org.eclipse.core.resources 4 1 2024-10-26 20:37:54.208
!MESSAGE 自动刷新本机代码 5 时发生了问题。

!ENTRY org.eclipse.core.resources 4 1 2024-10-26 20:37:55.209
!MESSAGE 刷新资源时发生了问题
!SUBENTRY 1 org.eclipse.core.resources 4 1 2024-10-26 20:37:55.209
!MESSAGE 自动刷新本机代码 5 时发生了问题。

!ENTRY org.eclipse.core.resources 4 1 2024-10-26 20:37:56.222
!MESSAGE 刷新资源时发生了问题
!SUBENTRY 1 org.eclipse.core.resources 4 1 2024-10-26 20:37:56.222
!MESSAGE 自动刷新本机代码 5 时发生了问题。

!ENTRY org.eclipse.core.resources 4 1 2024-10-26 20:37:57.226
!MESSAGE 刷新资源时发生了问题
!SUBENTRY 1 org.eclipse.core.resources 4 1 2024-10-26 20:37:57.226
!MESSAGE 自动刷新本机代码 5 时发生了问题。

!ENTRY org.eclipse.core.resources 4 1 2024-10-26 20:37:58.249
!MESSAGE 刷新资源时发生了问题
!SUBENTRY 1 org.eclipse.core.resources 4 1 2024-10-26 20:37:58.249
!MESSAGE 自动刷新本机代码 5 时发生了问题。

!ENTRY org.eclipse.core.resources 4 1 2024-10-26 20:37:59.256
!MESSAGE 刷新资源时发生了问题
!SUBENTRY 1 org.eclipse.core.resources 4 1 2024-10-26 20:37:59.256
!MESSAGE 自动刷新本机代码 5 时发生了问题。

!ENTRY org.eclipse.core.resources 4 1 2024-10-26 20:38:00.268
!MESSAGE 刷新资源时发生了问题
!SUBENTRY 1 org.eclipse.core.resources 4 1 2024-10-26 20:38:00.268
!MESSAGE 自动刷新本机代码 5 时发生了问题。

!ENTRY org.eclipse.core.resources 4 1 2024-10-26 20:38:01.282
!MESSAGE 刷新资源时发生了问题
!SUBENTRY 1 org.eclipse.core.resources 4 1 2024-10-26 20:38:01.282
!MESSAGE 自动刷新本机代码 5 时发生了问题。

!ENTRY org.eclipse.core.resources 4 1 2024-10-26 20:38:02.285
!MESSAGE 刷新资源时发生了问题
!SUBENTRY 1 org.eclipse.core.resources 4 1 2024-10-26 20:38:02.285
!MESSAGE 自动刷新本机代码 5 时发生了问题。

!ENTRY org.eclipse.core.resources 4 1 2024-10-26 20:38:03.308
!MESSAGE 刷新资源时发生了问题
!SUBENTRY 1 org.eclipse.core.resources 4 1 2024-10-26 20:38:03.308
!MESSAGE 自动刷新本机代码 5 时发生了问题。

!ENTRY org.eclipse.core.resources 4 1 2024-10-26 20:38:04.313
!MESSAGE 刷新资源时发生了问题
!SUBENTRY 1 org.eclipse.core.resources 4 1 2024-10-26 20:38:04.313
!MESSAGE 自动刷新本机代码 5 时发生了问题。

!ENTRY org.eclipse.core.resources 4 1 2024-10-26 20:38:05.315
!MESSAGE 刷新资源时发生了问题
!SUBENTRY 1 org.eclipse.core.resources 4 1 2024-10-26 20:38:05.315
!MESSAGE 自动刷新本机代码 5 时发生了问题。

!ENTRY org.eclipse.core.resources 4 1 2024-10-26 20:38:06.319
!MESSAGE 刷新资源时发生了问题
!SUBENTRY 1 org.eclipse.core.resources 4 1 2024-10-26 20:38:06.319
!MESSAGE 自动刷新本机代码 5 时发生了问题。

!ENTRY org.eclipse.core.resources 4 1 2024-10-26 20:38:07.334
!MESSAGE 刷新资源时发生了问题
!SUBENTRY 1 org.eclipse.core.resources 4 1 2024-10-26 20:38:07.334
!MESSAGE 自动刷新本机代码 5 时发生了问题。

!ENTRY org.eclipse.core.resources 4 1 2024-10-26 20:38:08.348
!MESSAGE 刷新资源时发生了问题
!SUBENTRY 1 org.eclipse.core.resources 4 1 2024-10-26 20:38:08.348
!MESSAGE 自动刷新本机代码 5 时发生了问题。

!ENTRY org.eclipse.core.resources 4 1 2024-10-26 20:38:09.363
!MESSAGE 刷新资源时发生了问题
!SUBENTRY 1 org.eclipse.core.resources 4 1 2024-10-26 20:38:09.363
!MESSAGE 自动刷新本机代码 5 时发生了问题。

!ENTRY org.eclipse.core.resources 4 1 2024-10-26 20:38:10.425
!MESSAGE 刷新资源时发生了问题
!SUBENTRY 1 org.eclipse.core.resources 4 1 2024-10-26 20:38:10.425
!MESSAGE 自动刷新本机代码 5 时发生了问题。

!ENTRY org.eclipse.core.resources 4 1 2024-10-26 20:38:11.438
!MESSAGE 刷新资源时发生了问题
!SUBENTRY 1 org.eclipse.core.resources 4 1 2024-10-26 20:38:11.438
!MESSAGE 自动刷新本机代码 5 时发生了问题。

!ENTRY org.eclipse.core.resources 4 1 2024-10-26 20:38:12.443
!MESSAGE 刷新资源时发生了问题
!SUBENTRY 1 org.eclipse.core.resources 4 1 2024-10-26 20:38:12.443
!MESSAGE 自动刷新本机代码 5 时发生了问题。

!ENTRY org.eclipse.core.resources 4 1 2024-10-26 20:38:13.445
!MESSAGE 刷新资源时发生了问题
!SUBENTRY 1 org.eclipse.core.resources 4 1 2024-10-26 20:38:13.445
!MESSAGE 自动刷新本机代码 5 时发生了问题。

!ENTRY org.eclipse.core.resources 4 1 2024-10-26 20:38:14.449
!MESSAGE 刷新资源时发生了问题
!SUBENTRY 1 org.eclipse.core.resources 4 1 2024-10-26 20:38:14.449
!MESSAGE 自动刷新本机代码 5 时发生了问题。

!ENTRY org.eclipse.core.resources 4 1 2024-10-26 20:38:15.452
!MESSAGE 刷新资源时发生了问题
!SUBENTRY 1 org.eclipse.core.resources 4 1 2024-10-26 20:38:15.452
!MESSAGE 自动刷新本机代码 5 时发生了问题。

!ENTRY org.eclipse.core.resources 4 1 2024-10-26 20:38:16.467
!MESSAGE 刷新资源时发生了问题
!SUBENTRY 1 org.eclipse.core.resources 4 1 2024-10-26 20:38:16.467
!MESSAGE 自动刷新本机代码 5 时发生了问题。

!ENTRY org.eclipse.core.resources 4 1 2024-10-26 20:38:17.479
!MESSAGE 刷新资源时发生了问题
!SUBENTRY 1 org.eclipse.core.resources 4 1 2024-10-26 20:38:17.479
!MESSAGE 自动刷新本机代码 5 时发生了问题。

!ENTRY org.eclipse.core.resources 4 1 2024-10-26 20:38:18.510
!MESSAGE 刷新资源时发生了问题
!SUBENTRY 1 org.eclipse.core.resources 4 1 2024-10-26 20:38:18.510
!MESSAGE 自动刷新本机代码 5 时发生了问题。

!ENTRY org.eclipse.core.resources 4 1 2024-10-26 20:38:19.519
!MESSAGE 刷新资源时发生了问题
!SUBENTRY 1 org.eclipse.core.resources 4 1 2024-10-26 20:38:19.519
!MESSAGE 自动刷新本机代码 5 时发生了问题。

!ENTRY org.eclipse.core.resources 4 1 2024-10-26 20:38:20.530
!MESSAGE 刷新资源时发生了问题
!SUBENTRY 1 org.eclipse.core.resources 4 1 2024-10-26 20:38:20.530
!MESSAGE 自动刷新本机代码 5 时发生了问题。

!ENTRY org.eclipse.core.resources 4 1 2024-10-26 20:38:21.534
!MESSAGE 刷新资源时发生了问题
!SUBENTRY 1 org.eclipse.core.resources 4 1 2024-10-26 20:38:21.534
!MESSAGE 自动刷新本机代码 5 时发生了问题。

!ENTRY org.eclipse.core.resources 4 1 2024-10-26 20:38:22.542
!MESSAGE 刷新资源时发生了问题
!SUBENTRY 1 org.eclipse.core.resources 4 1 2024-10-26 20:38:22.542
!MESSAGE 自动刷新本机代码 5 时发生了问题。

!ENTRY org.eclipse.core.resources 4 1 2024-10-26 20:38:23.548
!MESSAGE 刷新资源时发生了问题
!SUBENTRY 1 org.eclipse.core.resources 4 1 2024-10-26 20:38:23.548
!MESSAGE 自动刷新本机代码 5 时发生了问题。

!ENTRY org.eclipse.core.resources 4 1 2024-10-26 20:38:24.550
!MESSAGE 刷新资源时发生了问题
!SUBENTRY 1 org.eclipse.core.resources 4 1 2024-10-26 20:38:24.550
!MESSAGE 自动刷新本机代码 5 时发生了问题。

!ENTRY org.eclipse.core.resources 4 1 2024-10-26 20:38:25.564
!MESSAGE 刷新资源时发生了问题
!SUBENTRY 1 org.eclipse.core.resources 4 1 2024-10-26 20:38:25.564
!MESSAGE 自动刷新本机代码 5 时发生了问题。

!ENTRY org.eclipse.core.resources 4 1 2024-10-26 20:38:26.577
!MESSAGE 刷新资源时发生了问题
!SUBENTRY 1 org.eclipse.core.resources 4 1 2024-10-26 20:38:26.577
!MESSAGE 自动刷新本机代码 5 时发生了问题。

!ENTRY org.eclipse.core.resources 4 1 2024-10-26 20:38:27.580
!MESSAGE 刷新资源时发生了问题
!SUBENTRY 1 org.eclipse.core.resources 4 1 2024-10-26 20:38:27.580
!MESSAGE 自动刷新本机代码 5 时发生了问题。

!ENTRY org.eclipse.core.resources 4 1 2024-10-26 20:38:28.582
!MESSAGE 刷新资源时发生了问题
!SUBENTRY 1 org.eclipse.core.resources 4 1 2024-10-26 20:38:28.582
!MESSAGE 自动刷新本机代码 5 时发生了问题。

!ENTRY org.eclipse.core.resources 4 1 2024-10-26 20:38:29.595
!MESSAGE 刷新资源时发生了问题
!SUBENTRY 1 org.eclipse.core.resources 4 1 2024-10-26 20:38:29.595
!MESSAGE 自动刷新本机代码 5 时发生了问题。

!ENTRY org.eclipse.core.resources 4 1 2024-10-26 20:38:30.598
!MESSAGE 刷新资源时发生了问题
!SUBENTRY 1 org.eclipse.core.resources 4 1 2024-10-26 20:38:30.598
!MESSAGE 自动刷新本机代码 5 时发生了问题。

!ENTRY org.eclipse.core.resources 4 1 2024-10-26 20:38:31.600
!MESSAGE 刷新资源时发生了问题
!SUBENTRY 1 org.eclipse.core.resources 4 1 2024-10-26 20:38:31.600
!MESSAGE 自动刷新本机代码 5 时发生了问题。

!ENTRY org.eclipse.core.resources 4 1 2024-10-26 20:38:32.602
!MESSAGE 刷新资源时发生了问题
!SUBENTRY 1 org.eclipse.core.resources 4 1 2024-10-26 20:38:32.602
!MESSAGE 自动刷新本机代码 5 时发生了问题。

!ENTRY org.eclipse.core.resources 4 1 2024-10-26 20:38:33.609
!MESSAGE 刷新资源时发生了问题
!SUBENTRY 1 org.eclipse.core.resources 4 1 2024-10-26 20:38:33.609
!MESSAGE 自动刷新本机代码 5 时发生了问题。

!ENTRY org.eclipse.core.resources 4 1 2024-10-26 20:38:34.619
!MESSAGE 刷新资源时发生了问题
!SUBENTRY 1 org.eclipse.core.resources 4 1 2024-10-26 20:38:34.619
!MESSAGE 自动刷新本机代码 5 时发生了问题。

!ENTRY org.eclipse.core.resources 4 1 2024-10-26 20:38:35.633
!MESSAGE 刷新资源时发生了问题
!SUBENTRY 1 org.eclipse.core.resources 4 1 2024-10-26 20:38:35.633
!MESSAGE 自动刷新本机代码 5 时发生了问题。

!ENTRY org.eclipse.core.resources 4 1 2024-10-26 20:38:36.646
!MESSAGE 刷新资源时发生了问题
!SUBENTRY 1 org.eclipse.core.resources 4 1 2024-10-26 20:38:36.646
!MESSAGE 自动刷新本机代码 5 时发生了问题。

!ENTRY org.eclipse.core.resources 4 1 2024-10-26 20:38:37.660
!MESSAGE 刷新资源时发生了问题
!SUBENTRY 1 org.eclipse.core.resources 4 1 2024-10-26 20:38:37.660
!MESSAGE 自动刷新本机代码 5 时发生了问题。

!ENTRY org.eclipse.core.resources 4 1 2024-10-26 20:38:38.668
!MESSAGE 刷新资源时发生了问题
!SUBENTRY 1 org.eclipse.core.resources 4 1 2024-10-26 20:38:38.668
!MESSAGE 自动刷新本机代码 5 时发生了问题。

!ENTRY org.eclipse.core.resources 4 1 2024-10-26 20:38:39.677
!MESSAGE 刷新资源时发生了问题
!SUBENTRY 1 org.eclipse.core.resources 4 1 2024-10-26 20:38:39.677
!MESSAGE 自动刷新本机代码 5 时发生了问题。

!ENTRY org.eclipse.core.resources 4 1 2024-10-26 20:38:40.679
!MESSAGE 刷新资源时发生了问题
!SUBENTRY 1 org.eclipse.core.resources 4 1 2024-10-26 20:38:40.679
!MESSAGE 自动刷新本机代码 5 时发生了问题。

!ENTRY org.eclipse.core.resources 4 1 2024-10-26 20:38:41.693
!MESSAGE 刷新资源时发生了问题
!SUBENTRY 1 org.eclipse.core.resources 4 1 2024-10-26 20:38:41.693
!MESSAGE 自动刷新本机代码 5 时发生了问题。

!ENTRY org.eclipse.core.resources 4 1 2024-10-26 20:38:42.708
!MESSAGE 刷新资源时发生了问题
!SUBENTRY 1 org.eclipse.core.resources 4 1 2024-10-26 20:38:42.708
!MESSAGE 自动刷新本机代码 5 时发生了问题。

!ENTRY org.eclipse.core.resources 4 1 2024-10-26 20:38:43.720
!MESSAGE 刷新资源时发生了问题
!SUBENTRY 1 org.eclipse.core.resources 4 1 2024-10-26 20:38:43.720
!MESSAGE 自动刷新本机代码 5 时发生了问题。

!ENTRY org.eclipse.core.resources 4 1 2024-10-26 20:38:44.725
!MESSAGE 刷新资源时发生了问题
!SUBENTRY 1 org.eclipse.core.resources 4 1 2024-10-26 20:38:44.725
!MESSAGE 自动刷新本机代码 5 时发生了问题。

!ENTRY org.eclipse.core.resources 4 1 2024-10-26 20:38:45.738
!MESSAGE 刷新资源时发生了问题
!SUBENTRY 1 org.eclipse.core.resources 4 1 2024-10-26 20:38:45.738
!MESSAGE 自动刷新本机代码 5 时发生了问题。

!ENTRY org.eclipse.core.resources 4 1 2024-10-26 20:38:46.754
!MESSAGE 刷新资源时发生了问题
!SUBENTRY 1 org.eclipse.core.resources 4 1 2024-10-26 20:38:46.754
!MESSAGE 自动刷新本机代码 5 时发生了问题。

!ENTRY org.eclipse.core.resources 4 1 2024-10-26 20:38:47.760
!MESSAGE 刷新资源时发生了问题
!SUBENTRY 1 org.eclipse.core.resources 4 1 2024-10-26 20:38:47.760
!MESSAGE 自动刷新本机代码 5 时发生了问题。

!ENTRY org.eclipse.core.resources 4 1 2024-10-26 20:38:48.771
!MESSAGE 刷新资源时发生了问题
!SUBENTRY 1 org.eclipse.core.resources 4 1 2024-10-26 20:38:48.771
!MESSAGE 自动刷新本机代码 5 时发生了问题。

!ENTRY org.eclipse.core.resources 4 1 2024-10-26 20:38:49.786
!MESSAGE 刷新资源时发生了问题
!SUBENTRY 1 org.eclipse.core.resources 4 1 2024-10-26 20:38:49.786
!MESSAGE 自动刷新本机代码 5 时发生了问题。

!ENTRY org.eclipse.core.resources 4 1 2024-10-26 20:38:50.789
!MESSAGE 刷新资源时发生了问题
!SUBENTRY 1 org.eclipse.core.resources 4 1 2024-10-26 20:38:50.789
!MESSAGE 自动刷新本机代码 5 时发生了问题。

!ENTRY org.eclipse.core.resources 4 1 2024-10-26 20:38:51.850
!MESSAGE 刷新资源时发生了问题
!SUBENTRY 1 org.eclipse.core.resources 4 1 2024-10-26 20:38:51.850
!MESSAGE 自动刷新本机代码 5 时发生了问题。

!ENTRY org.eclipse.core.resources 4 1 2024-10-26 20:38:52.860
!MESSAGE 刷新资源时发生了问题
!SUBENTRY 1 org.eclipse.core.resources 4 1 2024-10-26 20:38:52.860
!MESSAGE 自动刷新本机代码 5 时发生了问题。

!ENTRY org.eclipse.core.resources 4 1 2024-10-26 20:38:53.871
!MESSAGE 刷新资源时发生了问题
!SUBENTRY 1 org.eclipse.core.resources 4 1 2024-10-26 20:38:53.871
!MESSAGE 自动刷新本机代码 5 时发生了问题。

!ENTRY org.eclipse.core.resources 4 1 2024-10-26 20:38:54.875
!MESSAGE 刷新资源时发生了问题
!SUBENTRY 1 org.eclipse.core.resources 4 1 2024-10-26 20:38:54.875
!MESSAGE 自动刷新本机代码 5 时发生了问题。

!ENTRY org.eclipse.core.resources 4 1 2024-10-26 20:38:55.877
!MESSAGE 刷新资源时发生了问题
!SUBENTRY 1 org.eclipse.core.resources 4 1 2024-10-26 20:38:55.877
!MESSAGE 自动刷新本机代码 5 时发生了问题。

!ENTRY org.eclipse.core.resources 4 1 2024-10-26 20:38:56.886
!MESSAGE 刷新资源时发生了问题
!SUBENTRY 1 org.eclipse.core.resources 4 1 2024-10-26 20:38:56.886
!MESSAGE 自动刷新本机代码 5 时发生了问题。

!ENTRY org.eclipse.core.resources 4 1 2024-10-26 20:38:57.895
!MESSAGE 刷新资源时发生了问题
!SUBENTRY 1 org.eclipse.core.resources 4 1 2024-10-26 20:38:57.895
!MESSAGE 自动刷新本机代码 5 时发生了问题。

!ENTRY org.eclipse.core.resources 4 1 2024-10-26 20:38:58.911
!MESSAGE 刷新资源时发生了问题
!SUBENTRY 1 org.eclipse.core.resources 4 1 2024-10-26 20:38:58.911
!MESSAGE 自动刷新本机代码 5 时发生了问题。

!ENTRY org.eclipse.core.resources 4 1 2024-10-26 20:38:59.913
!MESSAGE 刷新资源时发生了问题
!SUBENTRY 1 org.eclipse.core.resources 4 1 2024-10-26 20:38:59.913
!MESSAGE 自动刷新本机代码 5 时发生了问题。

!ENTRY org.eclipse.core.resources 4 1 2024-10-26 20:39:00.974
!MESSAGE 刷新资源时发生了问题
!SUBENTRY 1 org.eclipse.core.resources 4 1 2024-10-26 20:39:00.974
!MESSAGE 自动刷新本机代码 5 时发生了问题。

!ENTRY org.eclipse.core.resources 4 1 2024-10-26 20:39:01.988
!MESSAGE 刷新资源时发生了问题
!SUBENTRY 1 org.eclipse.core.resources 4 1 2024-10-26 20:39:01.988
!MESSAGE 自动刷新本机代码 5 时发生了问题。

!ENTRY org.eclipse.core.resources 4 1 2024-10-26 20:39:02.999
!MESSAGE 刷新资源时发生了问题
!SUBENTRY 1 org.eclipse.core.resources 4 1 2024-10-26 20:39:02.999
!MESSAGE 自动刷新本机代码 5 时发生了问题。

!ENTRY org.eclipse.core.resources 4 1 2024-10-26 20:39:04.001
!MESSAGE 刷新资源时发生了问题
!SUBENTRY 1 org.eclipse.core.resources 4 1 2024-10-26 20:39:04.001
!MESSAGE 自动刷新本机代码 5 时发生了问题。

!ENTRY org.eclipse.core.resources 4 1 2024-10-26 20:39:05.011
!MESSAGE 刷新资源时发生了问题
!SUBENTRY 1 org.eclipse.core.resources 4 1 2024-10-26 20:39:05.011
!MESSAGE 自动刷新本机代码 5 时发生了问题。

!ENTRY org.eclipse.core.resources 4 1 2024-10-26 20:39:06.016
!MESSAGE 刷新资源时发生了问题
!SUBENTRY 1 org.eclipse.core.resources 4 1 2024-10-26 20:39:06.016
!MESSAGE 自动刷新本机代码 5 时发生了问题。

!ENTRY org.eclipse.core.resources 4 1 2024-10-26 20:39:07.019
!MESSAGE 刷新资源时发生了问题
!SUBENTRY 1 org.eclipse.core.resources 4 1 2024-10-26 20:39:07.019
!MESSAGE 自动刷新本机代码 5 时发生了问题。

!ENTRY org.eclipse.core.resources 4 1 2024-10-26 20:39:08.034
!MESSAGE 刷新资源时发生了问题
!SUBENTRY 1 org.eclipse.core.resources 4 1 2024-10-26 20:39:08.034
!MESSAGE 自动刷新本机代码 5 时发生了问题。

!ENTRY org.eclipse.core.resources 4 1 2024-10-26 20:39:09.047
!MESSAGE 刷新资源时发生了问题
!SUBENTRY 1 org.eclipse.core.resources 4 1 2024-10-26 20:39:09.047
!MESSAGE 自动刷新本机代码 5 时发生了问题。

!ENTRY org.eclipse.core.resources 4 1 2024-10-26 20:39:10.051
!MESSAGE 刷新资源时发生了问题
!SUBENTRY 1 org.eclipse.core.resources 4 1 2024-10-26 20:39:10.051
!MESSAGE 自动刷新本机代码 5 时发生了问题。

!ENTRY org.eclipse.core.resources 4 1 2024-10-26 20:39:11.112
!MESSAGE 刷新资源时发生了问题
!SUBENTRY 1 org.eclipse.core.resources 4 1 2024-10-26 20:39:11.112
!MESSAGE 自动刷新本机代码 5 时发生了问题。

!ENTRY org.eclipse.core.resources 4 1 2024-10-26 20:39:12.116
!MESSAGE 刷新资源时发生了问题
!SUBENTRY 1 org.eclipse.core.resources 4 1 2024-10-26 20:39:12.116
!MESSAGE 自动刷新本机代码 5 时发生了问题。

!ENTRY org.eclipse.core.resources 4 1 2024-10-26 20:39:13.131
!MESSAGE 刷新资源时发生了问题
!SUBENTRY 1 org.eclipse.core.resources 4 1 2024-10-26 20:39:13.131
!MESSAGE 自动刷新本机代码 5 时发生了问题。

!ENTRY org.eclipse.core.resources 4 1 2024-10-26 20:39:14.141
!MESSAGE 刷新资源时发生了问题
!SUBENTRY 1 org.eclipse.core.resources 4 1 2024-10-26 20:39:14.141
!MESSAGE 自动刷新本机代码 5 时发生了问题。

!ENTRY org.eclipse.core.resources 4 1 2024-10-26 20:39:15.144
!MESSAGE 刷新资源时发生了问题
!SUBENTRY 1 org.eclipse.core.resources 4 1 2024-10-26 20:39:15.144
!MESSAGE 自动刷新本机代码 5 时发生了问题。

!ENTRY org.eclipse.core.resources 4 1 2024-10-26 20:39:16.147
!MESSAGE 刷新资源时发生了问题
!SUBENTRY 1 org.eclipse.core.resources 4 1 2024-10-26 20:39:16.147
!MESSAGE 自动刷新本机代码 5 时发生了问题。

!ENTRY org.eclipse.core.resources 4 1 2024-10-26 20:39:17.157
!MESSAGE 刷新资源时发生了问题
!SUBENTRY 1 org.eclipse.core.resources 4 1 2024-10-26 20:39:17.157
!MESSAGE 自动刷新本机代码 5 时发生了问题。

!ENTRY org.eclipse.core.resources 4 1 2024-10-26 20:39:18.218
!MESSAGE 刷新资源时发生了问题
!SUBENTRY 1 org.eclipse.core.resources 4 1 2024-10-26 20:39:18.218
!MESSAGE 自动刷新本机代码 5 时发生了问题。

!ENTRY org.eclipse.core.resources 4 1 2024-10-26 20:39:19.233
!MESSAGE 刷新资源时发生了问题
!SUBENTRY 1 org.eclipse.core.resources 4 1 2024-10-26 20:39:19.233
!MESSAGE 自动刷新本机代码 5 时发生了问题。

!ENTRY org.eclipse.core.resources 4 1 2024-10-26 20:39:20.249
!MESSAGE 刷新资源时发生了问题
!SUBENTRY 1 org.eclipse.core.resources 4 1 2024-10-26 20:39:20.249
!MESSAGE 自动刷新本机代码 5 时发生了问题。

!ENTRY org.eclipse.core.resources 4 1 2024-10-26 20:39:21.262
!MESSAGE 刷新资源时发生了问题
!SUBENTRY 1 org.eclipse.core.resources 4 1 2024-10-26 20:39:21.262
!MESSAGE 自动刷新本机代码 5 时发生了问题。

!ENTRY org.eclipse.core.resources 4 1 2024-10-26 20:39:22.321
!MESSAGE 刷新资源时发生了问题
!SUBENTRY 1 org.eclipse.core.resources 4 1 2024-10-26 20:39:22.321
!MESSAGE 自动刷新本机代码 5 时发生了问题。

!ENTRY org.eclipse.core.resources 4 1 2024-10-26 20:39:23.323
!MESSAGE 刷新资源时发生了问题
!SUBENTRY 1 org.eclipse.core.resources 4 1 2024-10-26 20:39:23.323
!MESSAGE 自动刷新本机代码 5 时发生了问题。

!ENTRY org.eclipse.core.resources 4 1 2024-10-26 20:39:24.325
!MESSAGE 刷新资源时发生了问题
!SUBENTRY 1 org.eclipse.core.resources 4 1 2024-10-26 20:39:24.325
!MESSAGE 自动刷新本机代码 5 时发生了问题。

!ENTRY org.eclipse.core.resources 4 1 2024-10-26 20:39:25.328
!MESSAGE 刷新资源时发生了问题
!SUBENTRY 1 org.eclipse.core.resources 4 1 2024-10-26 20:39:25.328
!MESSAGE 自动刷新本机代码 5 时发生了问题。

!ENTRY org.eclipse.core.resources 4 1 2024-10-26 20:39:26.330
!MESSAGE 刷新资源时发生了问题
!SUBENTRY 1 org.eclipse.core.resources 4 1 2024-10-26 20:39:26.330
!MESSAGE 自动刷新本机代码 5 时发生了问题。

!ENTRY org.eclipse.core.resources 4 1 2024-10-26 20:39:27.340
!MESSAGE 刷新资源时发生了问题
!SUBENTRY 1 org.eclipse.core.resources 4 1 2024-10-26 20:39:27.340
!MESSAGE 自动刷新本机代码 5 时发生了问题。

!ENTRY org.eclipse.core.resources 4 1 2024-10-26 20:39:28.344
!MESSAGE 刷新资源时发生了问题
!SUBENTRY 1 org.eclipse.core.resources 4 1 2024-10-26 20:39:28.344
!MESSAGE 自动刷新本机代码 5 时发生了问题。

!ENTRY org.eclipse.core.resources 4 1 2024-10-26 20:39:29.345
!MESSAGE 刷新资源时发生了问题
!SUBENTRY 1 org.eclipse.core.resources 4 1 2024-10-26 20:39:29.345
!MESSAGE 自动刷新本机代码 5 时发生了问题。

!ENTRY org.eclipse.core.resources 4 1 2024-10-26 20:39:30.346
!MESSAGE 刷新资源时发生了问题
!SUBENTRY 1 org.eclipse.core.resources 4 1 2024-10-26 20:39:30.346
!MESSAGE 自动刷新本机代码 5 时发生了问题。

!ENTRY org.eclipse.core.resources 4 1 2024-10-26 20:39:31.351
!MESSAGE 刷新资源时发生了问题
!SUBENTRY 1 org.eclipse.core.resources 4 1 2024-10-26 20:39:31.351
!MESSAGE 自动刷新本机代码 5 时发生了问题。

!ENTRY org.eclipse.core.resources 4 1 2024-10-26 20:39:32.411
!MESSAGE 刷新资源时发生了问题
!SUBENTRY 1 org.eclipse.core.resources 4 1 2024-10-26 20:39:32.411
!MESSAGE 自动刷新本机代码 5 时发生了问题。

!ENTRY org.eclipse.core.resources 4 1 2024-10-26 20:39:33.426
!MESSAGE 刷新资源时发生了问题
!SUBENTRY 1 org.eclipse.core.resources 4 1 2024-10-26 20:39:33.426
!MESSAGE 自动刷新本机代码 5 时发生了问题。

!ENTRY org.eclipse.core.resources 4 1 2024-10-26 20:39:34.430
!MESSAGE 刷新资源时发生了问题
!SUBENTRY 1 org.eclipse.core.resources 4 1 2024-10-26 20:39:34.430
!MESSAGE 自动刷新本机代码 5 时发生了问题。

!ENTRY org.eclipse.core.resources 4 1 2024-10-26 20:39:35.444
!MESSAGE 刷新资源时发生了问题
!SUBENTRY 1 org.eclipse.core.resources 4 1 2024-10-26 20:39:35.444
!MESSAGE 自动刷新本机代码 5 时发生了问题。

!ENTRY org.eclipse.core.resources 4 1 2024-10-26 20:39:36.453
!MESSAGE 刷新资源时发生了问题
!SUBENTRY 1 org.eclipse.core.resources 4 1 2024-10-26 20:39:36.453
!MESSAGE 自动刷新本机代码 5 时发生了问题。

!ENTRY org.eclipse.core.resources 4 1 2024-10-26 20:39:37.465
!MESSAGE 刷新资源时发生了问题
!SUBENTRY 1 org.eclipse.core.resources 4 1 2024-10-26 20:39:37.465
!MESSAGE 自动刷新本机代码 5 时发生了问题。

!ENTRY org.eclipse.core.resources 4 1 2024-10-26 20:39:38.467
!MESSAGE 刷新资源时发生了问题
!SUBENTRY 1 org.eclipse.core.resources 4 1 2024-10-26 20:39:38.467
!MESSAGE 自动刷新本机代码 5 时发生了问题。

!ENTRY org.eclipse.core.resources 4 1 2024-10-26 20:39:39.482
!MESSAGE 刷新资源时发生了问题
!SUBENTRY 1 org.eclipse.core.resources 4 1 2024-10-26 20:39:39.482
!MESSAGE 自动刷新本机代码 5 时发生了问题。

!ENTRY org.eclipse.core.resources 4 1 2024-10-26 20:39:40.483
!MESSAGE 刷新资源时发生了问题
!SUBENTRY 1 org.eclipse.core.resources 4 1 2024-10-26 20:39:40.483
!MESSAGE 自动刷新本机代码 5 时发生了问题。

!ENTRY org.eclipse.core.resources 4 1 2024-10-26 20:39:41.487
!MESSAGE 刷新资源时发生了问题
!SUBENTRY 1 org.eclipse.core.resources 4 1 2024-10-26 20:39:41.487
!MESSAGE 自动刷新本机代码 5 时发生了问题。

!ENTRY org.eclipse.core.resources 4 1 2024-10-26 20:39:42.489
!MESSAGE 刷新资源时发生了问题
!SUBENTRY 1 org.eclipse.core.resources 4 1 2024-10-26 20:39:42.489
!MESSAGE 自动刷新本机代码 5 时发生了问题。

!ENTRY org.eclipse.core.resources 4 1 2024-10-26 20:39:43.491
!MESSAGE 刷新资源时发生了问题
!SUBENTRY 1 org.eclipse.core.resources 4 1 2024-10-26 20:39:43.491
!MESSAGE 自动刷新本机代码 5 时发生了问题。

!ENTRY org.eclipse.core.resources 4 1 2024-10-26 20:39:44.505
!MESSAGE 刷新资源时发生了问题
!SUBENTRY 1 org.eclipse.core.resources 4 1 2024-10-26 20:39:44.505
!MESSAGE 自动刷新本机代码 5 时发生了问题。

!ENTRY org.eclipse.core.resources 4 1 2024-10-26 20:39:45.507
!MESSAGE 刷新资源时发生了问题
!SUBENTRY 1 org.eclipse.core.resources 4 1 2024-10-26 20:39:45.507
!MESSAGE 自动刷新本机代码 5 时发生了问题。

!ENTRY org.eclipse.core.resources 4 1 2024-10-26 20:39:46.521
!MESSAGE 刷新资源时发生了问题
!SUBENTRY 1 org.eclipse.core.resources 4 1 2024-10-26 20:39:46.521
!MESSAGE 自动刷新本机代码 5 时发生了问题。

!ENTRY org.eclipse.core.resources 4 1 2024-10-26 20:39:47.531
!MESSAGE 刷新资源时发生了问题
!SUBENTRY 1 org.eclipse.core.resources 4 1 2024-10-26 20:39:47.531
!MESSAGE 自动刷新本机代码 5 时发生了问题。

!ENTRY org.eclipse.core.resources 4 1 2024-10-26 20:39:48.545
!MESSAGE 刷新资源时发生了问题
!SUBENTRY 1 org.eclipse.core.resources 4 1 2024-10-26 20:39:48.545
!MESSAGE 自动刷新本机代码 5 时发生了问题。

!ENTRY org.eclipse.core.resources 4 1 2024-10-26 20:39:49.550
!MESSAGE 刷新资源时发生了问题
!SUBENTRY 1 org.eclipse.core.resources 4 1 2024-10-26 20:39:49.550
!MESSAGE 自动刷新本机代码 5 时发生了问题。

!ENTRY org.eclipse.core.resources 4 1 2024-10-26 20:39:50.561
!MESSAGE 刷新资源时发生了问题
!SUBENTRY 1 org.eclipse.core.resources 4 1 2024-10-26 20:39:50.561
!MESSAGE 自动刷新本机代码 5 时发生了问题。

!ENTRY org.eclipse.core.resources 4 1 2024-10-26 20:39:51.563
!MESSAGE 刷新资源时发生了问题
!SUBENTRY 1 org.eclipse.core.resources 4 1 2024-10-26 20:39:51.563
!MESSAGE 自动刷新本机代码 5 时发生了问题。

!ENTRY org.eclipse.core.resources 4 1 2024-10-26 20:39:52.569
!MESSAGE 刷新资源时发生了问题
!SUBENTRY 1 org.eclipse.core.resources 4 1 2024-10-26 20:39:52.569
!MESSAGE 自动刷新本机代码 5 时发生了问题。

!ENTRY org.eclipse.core.resources 4 1 2024-10-26 20:39:53.571
!MESSAGE 刷新资源时发生了问题
!SUBENTRY 1 org.eclipse.core.resources 4 1 2024-10-26 20:39:53.571
!MESSAGE 自动刷新本机代码 5 时发生了问题。

!ENTRY org.eclipse.core.resources 4 1 2024-10-26 20:39:54.577
!MESSAGE 刷新资源时发生了问题
!SUBENTRY 1 org.eclipse.core.resources 4 1 2024-10-26 20:39:54.577
!MESSAGE 自动刷新本机代码 5 时发生了问题。

!ENTRY org.eclipse.core.resources 4 1 2024-10-26 20:39:55.592
!MESSAGE 刷新资源时发生了问题
!SUBENTRY 1 org.eclipse.core.resources 4 1 2024-10-26 20:39:55.592
!MESSAGE 自动刷新本机代码 5 时发生了问题。

!ENTRY org.eclipse.core.resources 4 1 2024-10-26 20:39:56.604
!MESSAGE 刷新资源时发生了问题
!SUBENTRY 1 org.eclipse.core.resources 4 1 2024-10-26 20:39:56.604
!MESSAGE 自动刷新本机代码 5 时发生了问题。

!ENTRY org.eclipse.core.resources 4 1 2024-10-26 20:39:57.616
!MESSAGE 刷新资源时发生了问题
!SUBENTRY 1 org.eclipse.core.resources 4 1 2024-10-26 20:39:57.616
!MESSAGE 自动刷新本机代码 5 时发生了问题。

!ENTRY org.eclipse.core.resources 4 1 2024-10-26 20:39:58.631
!MESSAGE 刷新资源时发生了问题
!SUBENTRY 1 org.eclipse.core.resources 4 1 2024-10-26 20:39:58.631
!MESSAGE 自动刷新本机代码 5 时发生了问题。

!ENTRY org.eclipse.core.resources 4 1 2024-10-26 20:39:59.632
!MESSAGE 刷新资源时发生了问题
!SUBENTRY 1 org.eclipse.core.resources 4 1 2024-10-26 20:39:59.632
!MESSAGE 自动刷新本机代码 5 时发生了问题。

!ENTRY org.eclipse.core.resources 4 1 2024-10-26 20:40:00.645
!MESSAGE 刷新资源时发生了问题
!SUBENTRY 1 org.eclipse.core.resources 4 1 2024-10-26 20:40:00.645
!MESSAGE 自动刷新本机代码 5 时发生了问题。

!ENTRY org.eclipse.core.resources 4 1 2024-10-26 20:40:01.658
!MESSAGE 刷新资源时发生了问题
!SUBENTRY 1 org.eclipse.core.resources 4 1 2024-10-26 20:40:01.658
!MESSAGE 自动刷新本机代码 5 时发生了问题。

!ENTRY org.eclipse.core.resources 4 1 2024-10-26 20:40:02.659
!MESSAGE 刷新资源时发生了问题
!SUBENTRY 1 org.eclipse.core.resources 4 1 2024-10-26 20:40:02.659
!MESSAGE 自动刷新本机代码 5 时发生了问题。

!ENTRY org.eclipse.core.resources 4 1 2024-10-26 20:40:03.661
!MESSAGE 刷新资源时发生了问题
!SUBENTRY 1 org.eclipse.core.resources 4 1 2024-10-26 20:40:03.661
!MESSAGE 自动刷新本机代码 5 时发生了问题。

!ENTRY org.eclipse.core.resources 4 1 2024-10-26 20:40:04.675
!MESSAGE 刷新资源时发生了问题
!SUBENTRY 1 org.eclipse.core.resources 4 1 2024-10-26 20:40:04.675
!MESSAGE 自动刷新本机代码 5 时发生了问题。

!ENTRY org.eclipse.core.resources 4 1 2024-10-26 20:40:05.689
!MESSAGE 刷新资源时发生了问题
!SUBENTRY 1 org.eclipse.core.resources 4 1 2024-10-26 20:40:05.689
!MESSAGE 自动刷新本机代码 5 时发生了问题。

!ENTRY org.eclipse.core.resources 4 1 2024-10-26 20:40:06.704
!MESSAGE 刷新资源时发生了问题
!SUBENTRY 1 org.eclipse.core.resources 4 1 2024-10-26 20:40:06.704
!MESSAGE 自动刷新本机代码 5 时发生了问题。

!ENTRY org.eclipse.core.resources 4 1 2024-10-26 20:40:07.718
!MESSAGE 刷新资源时发生了问题
!SUBENTRY 1 org.eclipse.core.resources 4 1 2024-10-26 20:40:07.718
!MESSAGE 自动刷新本机代码 5 时发生了问题。

!ENTRY org.eclipse.core.resources 4 1 2024-10-26 20:40:08.722
!MESSAGE 刷新资源时发生了问题
!SUBENTRY 1 org.eclipse.core.resources 4 1 2024-10-26 20:40:08.722
!MESSAGE 自动刷新本机代码 5 时发生了问题。

!ENTRY org.eclipse.core.resources 4 1 2024-10-26 20:40:09.733
!MESSAGE 刷新资源时发生了问题
!SUBENTRY 1 org.eclipse.core.resources 4 1 2024-10-26 20:40:09.733
!MESSAGE 自动刷新本机代码 5 时发生了问题。

!ENTRY org.eclipse.core.resources 4 1 2024-10-26 20:40:10.747
!MESSAGE 刷新资源时发生了问题
!SUBENTRY 1 org.eclipse.core.resources 4 1 2024-10-26 20:40:10.747
!MESSAGE 自动刷新本机代码 5 时发生了问题。

!ENTRY org.eclipse.core.resources 4 1 2024-10-26 20:40:11.760
!MESSAGE 刷新资源时发生了问题
!SUBENTRY 1 org.eclipse.core.resources 4 1 2024-10-26 20:40:11.760
!MESSAGE 自动刷新本机代码 5 时发生了问题。

!ENTRY org.eclipse.core.resources 4 1 2024-10-26 20:40:12.778
!MESSAGE 刷新资源时发生了问题
!SUBENTRY 1 org.eclipse.core.resources 4 1 2024-10-26 20:40:12.778
!MESSAGE 自动刷新本机代码 5 时发生了问题。

!ENTRY org.eclipse.core.resources 4 1 2024-10-26 20:40:13.787
!MESSAGE 刷新资源时发生了问题
!SUBENTRY 1 org.eclipse.core.resources 4 1 2024-10-26 20:40:13.787
!MESSAGE 自动刷新本机代码 5 时发生了问题。

!ENTRY org.eclipse.core.resources 4 1 2024-10-26 20:40:14.791
!MESSAGE 刷新资源时发生了问题
!SUBENTRY 1 org.eclipse.core.resources 4 1 2024-10-26 20:40:14.791
!MESSAGE 自动刷新本机代码 5 时发生了问题。

!ENTRY org.eclipse.core.resources 4 1 2024-10-26 20:40:15.800
!MESSAGE 刷新资源时发生了问题
!SUBENTRY 1 org.eclipse.core.resources 4 1 2024-10-26 20:40:15.800
!MESSAGE 自动刷新本机代码 5 时发生了问题。

!ENTRY org.eclipse.core.resources 4 1 2024-10-26 20:40:16.812
!MESSAGE 刷新资源时发生了问题
!SUBENTRY 1 org.eclipse.core.resources 4 1 2024-10-26 20:40:16.812
!MESSAGE 自动刷新本机代码 5 时发生了问题。

!ENTRY org.eclipse.core.resources 4 1 2024-10-26 20:40:17.813
!MESSAGE 刷新资源时发生了问题
!SUBENTRY 1 org.eclipse.core.resources 4 1 2024-10-26 20:40:17.813
!MESSAGE 自动刷新本机代码 5 时发生了问题。

!ENTRY org.eclipse.core.resources 4 1 2024-10-26 20:40:18.829
!MESSAGE 刷新资源时发生了问题
!SUBENTRY 1 org.eclipse.core.resources 4 1 2024-10-26 20:40:18.829
!MESSAGE 自动刷新本机代码 5 时发生了问题。

!ENTRY org.eclipse.core.resources 4 1 2024-10-26 20:40:19.843
!MESSAGE 刷新资源时发生了问题
!SUBENTRY 1 org.eclipse.core.resources 4 1 2024-10-26 20:40:19.843
!MESSAGE 自动刷新本机代码 5 时发生了问题。

!ENTRY org.eclipse.core.resources 4 1 2024-10-26 20:40:20.857
!MESSAGE 刷新资源时发生了问题
!SUBENTRY 1 org.eclipse.core.resources 4 1 2024-10-26 20:40:20.857
!MESSAGE 自动刷新本机代码 5 时发生了问题。

!ENTRY org.eclipse.core.resources 4 1 2024-10-26 20:40:21.859
!MESSAGE 刷新资源时发生了问题
!SUBENTRY 1 org.eclipse.core.resources 4 1 2024-10-26 20:40:21.859
!MESSAGE 自动刷新本机代码 5 时发生了问题。

!ENTRY org.eclipse.core.resources 4 1 2024-10-26 20:40:22.863
!MESSAGE 刷新资源时发生了问题
!SUBENTRY 1 org.eclipse.core.resources 4 1 2024-10-26 20:40:22.863
!MESSAGE 自动刷新本机代码 5 时发生了问题。

!ENTRY org.eclipse.core.resources 4 1 2024-10-26 20:40:23.869
!MESSAGE 刷新资源时发生了问题
!SUBENTRY 1 org.eclipse.core.resources 4 1 2024-10-26 20:40:23.869
!MESSAGE 自动刷新本机代码 5 时发生了问题。

!ENTRY org.eclipse.core.resources 4 1 2024-10-26 20:40:24.872
!MESSAGE 刷新资源时发生了问题
!SUBENTRY 1 org.eclipse.core.resources 4 1 2024-10-26 20:40:24.872
!MESSAGE 自动刷新本机代码 5 时发生了问题。

!ENTRY org.eclipse.core.resources 4 1 2024-10-26 20:40:25.886
!MESSAGE 刷新资源时发生了问题
!SUBENTRY 1 org.eclipse.core.resources 4 1 2024-10-26 20:40:25.886
!MESSAGE 自动刷新本机代码 5 时发生了问题。

!ENTRY org.eclipse.core.resources 4 1 2024-10-26 20:40:26.896
!MESSAGE 刷新资源时发生了问题
!SUBENTRY 1 org.eclipse.core.resources 4 1 2024-10-26 20:40:26.896
!MESSAGE 自动刷新本机代码 5 时发生了问题。

!ENTRY org.eclipse.core.resources 4 1 2024-10-26 20:40:27.911
!MESSAGE 刷新资源时发生了问题
!SUBENTRY 1 org.eclipse.core.resources 4 1 2024-10-26 20:40:27.911
!MESSAGE 自动刷新本机代码 5 时发生了问题。

!ENTRY org.eclipse.core.resources 4 1 2024-10-26 20:40:28.917
!MESSAGE 刷新资源时发生了问题
!SUBENTRY 1 org.eclipse.core.resources 4 1 2024-10-26 20:40:28.917
!MESSAGE 自动刷新本机代码 5 时发生了问题。

!ENTRY org.eclipse.core.resources 4 1 2024-10-26 20:40:29.919
!MESSAGE 刷新资源时发生了问题
!SUBENTRY 1 org.eclipse.core.resources 4 1 2024-10-26 20:40:29.919
!MESSAGE 自动刷新本机代码 5 时发生了问题。

!ENTRY org.eclipse.core.resources 4 1 2024-10-26 20:40:30.969
!MESSAGE 刷新资源时发生了问题
!SUBENTRY 1 org.eclipse.core.resources 4 1 2024-10-26 20:40:30.969
!MESSAGE 自动刷新本机代码 5 时发生了问题。

!ENTRY org.eclipse.core.resources 4 1 2024-10-26 20:40:31.981
!MESSAGE 刷新资源时发生了问题
!SUBENTRY 1 org.eclipse.core.resources 4 1 2024-10-26 20:40:31.981
!MESSAGE 自动刷新本机代码 5 时发生了问题。

!ENTRY org.eclipse.core.resources 4 1 2024-10-26 20:40:32.993
!MESSAGE 刷新资源时发生了问题
!SUBENTRY 1 org.eclipse.core.resources 4 1 2024-10-26 20:40:32.993
!MESSAGE 自动刷新本机代码 5 时发生了问题。

!ENTRY org.eclipse.core.resources 4 1 2024-10-26 20:40:34.004
!MESSAGE 刷新资源时发生了问题
!SUBENTRY 1 org.eclipse.core.resources 4 1 2024-10-26 20:40:34.004
!MESSAGE 自动刷新本机代码 5 时发生了问题。

!ENTRY org.eclipse.core.resources 4 1 2024-10-26 20:40:35.020
!MESSAGE 刷新资源时发生了问题
!SUBENTRY 1 org.eclipse.core.resources 4 1 2024-10-26 20:40:35.020
!MESSAGE 自动刷新本机代码 5 时发生了问题。

!ENTRY org.eclipse.core.resources 4 1 2024-10-26 20:40:36.035
!MESSAGE 刷新资源时发生了问题
!SUBENTRY 1 org.eclipse.core.resources 4 1 2024-10-26 20:40:36.035
!MESSAGE 自动刷新本机代码 5 时发生了问题。

!ENTRY org.eclipse.core.resources 4 1 2024-10-26 20:40:37.036
!MESSAGE 刷新资源时发生了问题
!SUBENTRY 1 org.eclipse.core.resources 4 1 2024-10-26 20:40:37.036
!MESSAGE 自动刷新本机代码 5 时发生了问题。

!ENTRY org.eclipse.core.resources 4 1 2024-10-26 20:40:38.040
!MESSAGE 刷新资源时发生了问题
!SUBENTRY 1 org.eclipse.core.resources 4 1 2024-10-26 20:40:38.040
!MESSAGE 自动刷新本机代码 5 时发生了问题。

!ENTRY org.eclipse.core.resources 4 1 2024-10-26 20:40:39.055
!MESSAGE 刷新资源时发生了问题
!SUBENTRY 1 org.eclipse.core.resources 4 1 2024-10-26 20:40:39.055
!MESSAGE 自动刷新本机代码 5 时发生了问题。

!ENTRY org.eclipse.core.resources 4 1 2024-10-26 20:40:40.117
!MESSAGE 刷新资源时发生了问题
!SUBENTRY 1 org.eclipse.core.resources 4 1 2024-10-26 20:40:40.117
!MESSAGE 自动刷新本机代码 5 时发生了问题。

!ENTRY org.eclipse.core.resources 4 1 2024-10-26 20:40:41.119
!MESSAGE 刷新资源时发生了问题
!SUBENTRY 1 org.eclipse.core.resources 4 1 2024-10-26 20:40:41.119
!MESSAGE 自动刷新本机代码 5 时发生了问题。

!ENTRY org.eclipse.core.resources 4 1 2024-10-26 20:40:42.120
!MESSAGE 刷新资源时发生了问题
!SUBENTRY 1 org.eclipse.core.resources 4 1 2024-10-26 20:40:42.120
!MESSAGE 自动刷新本机代码 5 时发生了问题。

!ENTRY org.eclipse.core.resources 4 1 2024-10-26 20:40:43.133
!MESSAGE 刷新资源时发生了问题
!SUBENTRY 1 org.eclipse.core.resources 4 1 2024-10-26 20:40:43.133
!MESSAGE 自动刷新本机代码 5 时发生了问题。

!ENTRY org.eclipse.core.resources 4 1 2024-10-26 20:40:44.135
!MESSAGE 刷新资源时发生了问题
!SUBENTRY 1 org.eclipse.core.resources 4 1 2024-10-26 20:40:44.135
!MESSAGE 自动刷新本机代码 5 时发生了问题。

!ENTRY org.eclipse.core.resources 4 1 2024-10-26 20:40:45.137
!MESSAGE 刷新资源时发生了问题
!SUBENTRY 1 org.eclipse.core.resources 4 1 2024-10-26 20:40:45.137
!MESSAGE 自动刷新本机代码 5 时发生了问题。

!ENTRY org.eclipse.core.resources 4 1 2024-10-26 20:40:46.152
!MESSAGE 刷新资源时发生了问题
!SUBENTRY 1 org.eclipse.core.resources 4 1 2024-10-26 20:40:46.152
!MESSAGE 自动刷新本机代码 5 时发生了问题。

!ENTRY org.eclipse.core.resources 4 1 2024-10-26 20:40:47.154
!MESSAGE 刷新资源时发生了问题
!SUBENTRY 1 org.eclipse.core.resources 4 1 2024-10-26 20:40:47.154
!MESSAGE 自动刷新本机代码 5 时发生了问题。

!ENTRY org.eclipse.core.resources 4 1 2024-10-26 20:40:48.156
!MESSAGE 刷新资源时发生了问题
!SUBENTRY 1 org.eclipse.core.resources 4 1 2024-10-26 20:40:48.156
!MESSAGE 自动刷新本机代码 5 时发生了问题。

!ENTRY org.eclipse.core.resources 4 1 2024-10-26 20:40:49.161
!MESSAGE 刷新资源时发生了问题
!SUBENTRY 1 org.eclipse.core.resources 4 1 2024-10-26 20:40:49.161
!MESSAGE 自动刷新本机代码 5 时发生了问题。

!ENTRY org.eclipse.core.resources 4 1 2024-10-26 20:40:50.175
!MESSAGE 刷新资源时发生了问题
!SUBENTRY 1 org.eclipse.core.resources 4 1 2024-10-26 20:40:50.175
!MESSAGE 自动刷新本机代码 5 时发生了问题。

!ENTRY org.eclipse.core.resources 4 1 2024-10-26 20:40:51.177
!MESSAGE 刷新资源时发生了问题
!SUBENTRY 1 org.eclipse.core.resources 4 1 2024-10-26 20:40:51.177
!MESSAGE 自动刷新本机代码 5 时发生了问题。

!ENTRY org.eclipse.core.resources 4 1 2024-10-26 20:40:52.184
!MESSAGE 刷新资源时发生了问题
!SUBENTRY 1 org.eclipse.core.resources 4 1 2024-10-26 20:40:52.184
!MESSAGE 自动刷新本机代码 5 时发生了问题。

!ENTRY org.eclipse.core.resources 4 1 2024-10-26 20:40:53.199
!MESSAGE 刷新资源时发生了问题
!SUBENTRY 1 org.eclipse.core.resources 4 1 2024-10-26 20:40:53.199
!MESSAGE 自动刷新本机代码 5 时发生了问题。

!ENTRY org.eclipse.core.resources 4 1 2024-10-26 20:40:54.212
!MESSAGE 刷新资源时发生了问题
!SUBENTRY 1 org.eclipse.core.resources 4 1 2024-10-26 20:40:54.212
!MESSAGE 自动刷新本机代码 5 时发生了问题。

!ENTRY org.eclipse.core.resources 4 1 2024-10-26 20:40:55.214
!MESSAGE 刷新资源时发生了问题
!SUBENTRY 1 org.eclipse.core.resources 4 1 2024-10-26 20:40:55.214
!MESSAGE 自动刷新本机代码 5 时发生了问题。

!ENTRY org.eclipse.core.resources 4 1 2024-10-26 20:40:56.224
!MESSAGE 刷新资源时发生了问题
!SUBENTRY 1 org.eclipse.core.resources 4 1 2024-10-26 20:40:56.224
!MESSAGE 自动刷新本机代码 5 时发生了问题。

!ENTRY org.eclipse.core.resources 4 1 2024-10-26 20:40:57.284
!MESSAGE 刷新资源时发生了问题
!SUBENTRY 1 org.eclipse.core.resources 4 1 2024-10-26 20:40:57.284
!MESSAGE 自动刷新本机代码 5 时发生了问题。

!ENTRY org.eclipse.core.resources 4 1 2024-10-26 20:40:58.300
!MESSAGE 刷新资源时发生了问题
!SUBENTRY 1 org.eclipse.core.resources 4 1 2024-10-26 20:40:58.300
!MESSAGE 自动刷新本机代码 5 时发生了问题。

!ENTRY org.eclipse.core.resources 4 1 2024-10-26 20:40:59.302
!MESSAGE 刷新资源时发生了问题
!SUBENTRY 1 org.eclipse.core.resources 4 1 2024-10-26 20:40:59.302
!MESSAGE 自动刷新本机代码 5 时发生了问题。

!ENTRY org.eclipse.core.resources 4 1 2024-10-26 20:41:00.316
!MESSAGE 刷新资源时发生了问题
!SUBENTRY 1 org.eclipse.core.resources 4 1 2024-10-26 20:41:00.316
!MESSAGE 自动刷新本机代码 5 时发生了问题。

!ENTRY org.eclipse.core.resources 4 1 2024-10-26 20:41:01.317
!MESSAGE 刷新资源时发生了问题
!SUBENTRY 1 org.eclipse.core.resources 4 1 2024-10-26 20:41:01.317
!MESSAGE 自动刷新本机代码 5 时发生了问题。

!ENTRY org.eclipse.core.resources 4 1 2024-10-26 20:41:02.324
!MESSAGE 刷新资源时发生了问题
!SUBENTRY 1 org.eclipse.core.resources 4 1 2024-10-26 20:41:02.324
!MESSAGE 自动刷新本机代码 5 时发生了问题。

!ENTRY org.eclipse.core.resources 4 1 2024-10-26 20:41:03.336
!MESSAGE 刷新资源时发生了问题
!SUBENTRY 1 org.eclipse.core.resources 4 1 2024-10-26 20:41:03.336
!MESSAGE 自动刷新本机代码 5 时发生了问题。

!ENTRY org.eclipse.core.resources 4 1 2024-10-26 20:41:04.337
!MESSAGE 刷新资源时发生了问题
!SUBENTRY 1 org.eclipse.core.resources 4 1 2024-10-26 20:41:04.337
!MESSAGE 自动刷新本机代码 5 时发生了问题。

!ENTRY org.eclipse.core.resources 4 1 2024-10-26 20:41:05.338
!MESSAGE 刷新资源时发生了问题
!SUBENTRY 1 org.eclipse.core.resources 4 1 2024-10-26 20:41:05.338
!MESSAGE 自动刷新本机代码 5 时发生了问题。

!ENTRY org.eclipse.core.resources 4 1 2024-10-26 20:41:06.341
!MESSAGE 刷新资源时发生了问题
!SUBENTRY 1 org.eclipse.core.resources 4 1 2024-10-26 20:41:06.341
!MESSAGE 自动刷新本机代码 5 时发生了问题。

!ENTRY org.eclipse.core.resources 4 1 2024-10-26 20:41:07.345
!MESSAGE 刷新资源时发生了问题
!SUBENTRY 1 org.eclipse.core.resources 4 1 2024-10-26 20:41:07.345
!MESSAGE 自动刷新本机代码 5 时发生了问题。

!ENTRY org.eclipse.core.resources 4 1 2024-10-26 20:41:08.347
!MESSAGE 刷新资源时发生了问题
!SUBENTRY 1 org.eclipse.core.resources 4 1 2024-10-26 20:41:08.347
!MESSAGE 自动刷新本机代码 5 时发生了问题。

!ENTRY org.eclipse.core.resources 4 1 2024-10-26 20:41:09.355
!MESSAGE 刷新资源时发生了问题
!SUBENTRY 1 org.eclipse.core.resources 4 1 2024-10-26 20:41:09.355
!MESSAGE 自动刷新本机代码 5 时发生了问题。

!ENTRY org.eclipse.core.resources 4 1 2024-10-26 20:41:10.369
!MESSAGE 刷新资源时发生了问题
!SUBENTRY 1 org.eclipse.core.resources 4 1 2024-10-26 20:41:10.369
!MESSAGE 自动刷新本机代码 5 时发生了问题。

!ENTRY org.eclipse.core.resources 4 1 2024-10-26 20:41:11.375
!MESSAGE 刷新资源时发生了问题
!SUBENTRY 1 org.eclipse.core.resources 4 1 2024-10-26 20:41:11.375
!MESSAGE 自动刷新本机代码 5 时发生了问题。

!ENTRY org.eclipse.core.resources 4 1 2024-10-26 20:41:12.378
!MESSAGE 刷新资源时发生了问题
!SUBENTRY 1 org.eclipse.core.resources 4 1 2024-10-26 20:41:12.378
!MESSAGE 自动刷新本机代码 5 时发生了问题。

!ENTRY org.eclipse.core.resources 4 1 2024-10-26 20:41:13.394
!MESSAGE 刷新资源时发生了问题
!SUBENTRY 1 org.eclipse.core.resources 4 1 2024-10-26 20:41:13.394
!MESSAGE 自动刷新本机代码 5 时发生了问题。

!ENTRY org.eclipse.core.resources 4 1 2024-10-26 20:41:14.406
!MESSAGE 刷新资源时发生了问题
!SUBENTRY 1 org.eclipse.core.resources 4 1 2024-10-26 20:41:14.406
!MESSAGE 自动刷新本机代码 5 时发生了问题。

!ENTRY org.eclipse.core.resources 4 1 2024-10-26 20:41:15.421
!MESSAGE 刷新资源时发生了问题
!SUBENTRY 1 org.eclipse.core.resources 4 1 2024-10-26 20:41:15.421
!MESSAGE 自动刷新本机代码 5 时发生了问题。

!ENTRY org.eclipse.core.resources 4 1 2024-10-26 20:41:16.422
!MESSAGE 刷新资源时发生了问题
!SUBENTRY 1 org.eclipse.core.resources 4 1 2024-10-26 20:41:16.422
!MESSAGE 自动刷新本机代码 5 时发生了问题。

!ENTRY org.eclipse.core.resources 4 1 2024-10-26 20:41:17.435
!MESSAGE 刷新资源时发生了问题
!SUBENTRY 1 org.eclipse.core.resources 4 1 2024-10-26 20:41:17.435
!MESSAGE 自动刷新本机代码 5 时发生了问题。

!ENTRY org.eclipse.core.resources 4 1 2024-10-26 20:41:18.437
!MESSAGE 刷新资源时发生了问题
!SUBENTRY 1 org.eclipse.core.resources 4 1 2024-10-26 20:41:18.437
!MESSAGE 自动刷新本机代码 5 时发生了问题。

!ENTRY org.eclipse.core.resources 4 1 2024-10-26 20:41:19.447
!MESSAGE 刷新资源时发生了问题
!SUBENTRY 1 org.eclipse.core.resources 4 1 2024-10-26 20:41:19.447
!MESSAGE 自动刷新本机代码 5 时发生了问题。

!ENTRY org.eclipse.core.resources 4 1 2024-10-26 20:41:20.461
!MESSAGE 刷新资源时发生了问题
!SUBENTRY 1 org.eclipse.core.resources 4 1 2024-10-26 20:41:20.461
!MESSAGE 自动刷新本机代码 5 时发生了问题。

!ENTRY org.eclipse.core.resources 4 1 2024-10-26 20:41:21.473
!MESSAGE 刷新资源时发生了问题
!SUBENTRY 1 org.eclipse.core.resources 4 1 2024-10-26 20:41:21.473
!MESSAGE 自动刷新本机代码 5 时发生了问题。

!ENTRY org.eclipse.core.resources 4 1 2024-10-26 20:41:22.478
!MESSAGE 刷新资源时发生了问题
!SUBENTRY 1 org.eclipse.core.resources 4 1 2024-10-26 20:41:22.478
!MESSAGE 自动刷新本机代码 5 时发生了问题。

!ENTRY org.eclipse.core.resources 4 1 2024-10-26 20:41:23.492
!MESSAGE 刷新资源时发生了问题
!SUBENTRY 1 org.eclipse.core.resources 4 1 2024-10-26 20:41:23.492
!MESSAGE 自动刷新本机代码 5 时发生了问题。

!ENTRY org.eclipse.core.resources 4 1 2024-10-26 20:41:24.506
!MESSAGE 刷新资源时发生了问题
!SUBENTRY 1 org.eclipse.core.resources 4 1 2024-10-26 20:41:24.506
!MESSAGE 自动刷新本机代码 5 时发生了问题。

!ENTRY org.eclipse.core.resources 4 1 2024-10-26 20:41:25.521
!MESSAGE 刷新资源时发生了问题
!SUBENTRY 1 org.eclipse.core.resources 4 1 2024-10-26 20:41:25.521
!MESSAGE 自动刷新本机代码 5 时发生了问题。

!ENTRY org.eclipse.core.resources 4 1 2024-10-26 20:41:26.534
!MESSAGE 刷新资源时发生了问题
!SUBENTRY 1 org.eclipse.core.resources 4 1 2024-10-26 20:41:26.534
!MESSAGE 自动刷新本机代码 5 时发生了问题。

!ENTRY org.eclipse.core.resources 4 1 2024-10-26 20:41:27.550
!MESSAGE 刷新资源时发生了问题
!SUBENTRY 1 org.eclipse.core.resources 4 1 2024-10-26 20:41:27.550
!MESSAGE 自动刷新本机代码 5 时发生了问题。

!ENTRY org.eclipse.core.resources 4 1 2024-10-26 20:41:28.566
!MESSAGE 刷新资源时发生了问题
!SUBENTRY 1 org.eclipse.core.resources 4 1 2024-10-26 20:41:28.566
!MESSAGE 自动刷新本机代码 5 时发生了问题。

!ENTRY org.eclipse.core.resources 4 1 2024-10-26 20:41:29.569
!MESSAGE 刷新资源时发生了问题
!SUBENTRY 1 org.eclipse.core.resources 4 1 2024-10-26 20:41:29.569
!MESSAGE 自动刷新本机代码 5 时发生了问题。

!ENTRY org.eclipse.core.resources 4 1 2024-10-26 20:41:30.570
!MESSAGE 刷新资源时发生了问题
!SUBENTRY 1 org.eclipse.core.resources 4 1 2024-10-26 20:41:30.570
!MESSAGE 自动刷新本机代码 5 时发生了问题。

!ENTRY org.eclipse.core.resources 4 1 2024-10-26 20:41:31.582
!MESSAGE 刷新资源时发生了问题
!SUBENTRY 1 org.eclipse.core.resources 4 1 2024-10-26 20:41:31.582
!MESSAGE 自动刷新本机代码 5 时发生了问题。

!ENTRY org.eclipse.core.resources 4 1 2024-10-26 20:41:32.598
!MESSAGE 刷新资源时发生了问题
!SUBENTRY 1 org.eclipse.core.resources 4 1 2024-10-26 20:41:32.598
!MESSAGE 自动刷新本机代码 5 时发生了问题。

!ENTRY org.eclipse.core.resources 4 1 2024-10-26 20:41:33.601
!MESSAGE 刷新资源时发生了问题
!SUBENTRY 1 org.eclipse.core.resources 4 1 2024-10-26 20:41:33.601
!MESSAGE 自动刷新本机代码 5 时发生了问题。

!ENTRY org.eclipse.core.resources 4 1 2024-10-26 20:41:34.614
!MESSAGE 刷新资源时发生了问题
!SUBENTRY 1 org.eclipse.core.resources 4 1 2024-10-26 20:41:34.614
!MESSAGE 自动刷新本机代码 5 时发生了问题。

!ENTRY org.eclipse.core.resources 4 1 2024-10-26 20:41:35.626
!MESSAGE 刷新资源时发生了问题
!SUBENTRY 1 org.eclipse.core.resources 4 1 2024-10-26 20:41:35.626
!MESSAGE 自动刷新本机代码 5 时发生了问题。

!ENTRY org.eclipse.core.resources 4 1 2024-10-26 20:41:36.640
!MESSAGE 刷新资源时发生了问题
!SUBENTRY 1 org.eclipse.core.resources 4 1 2024-10-26 20:41:36.640
!MESSAGE 自动刷新本机代码 5 时发生了问题。

!ENTRY org.eclipse.core.resources 4 1 2024-10-26 20:41:37.654
!MESSAGE 刷新资源时发生了问题
!SUBENTRY 1 org.eclipse.core.resources 4 1 2024-10-26 20:41:37.654
!MESSAGE 自动刷新本机代码 5 时发生了问题。

!ENTRY org.eclipse.core.resources 4 1 2024-10-26 20:41:38.666
!MESSAGE 刷新资源时发生了问题
!SUBENTRY 1 org.eclipse.core.resources 4 1 2024-10-26 20:41:38.666
!MESSAGE 自动刷新本机代码 5 时发生了问题。

!ENTRY org.eclipse.core.resources 4 1 2024-10-26 20:41:39.669
!MESSAGE 刷新资源时发生了问题
!SUBENTRY 1 org.eclipse.core.resources 4 1 2024-10-26 20:41:39.669
!MESSAGE 自动刷新本机代码 5 时发生了问题。

!ENTRY org.eclipse.core.resources 4 1 2024-10-26 20:41:40.684
!MESSAGE 刷新资源时发生了问题
!SUBENTRY 1 org.eclipse.core.resources 4 1 2024-10-26 20:41:40.684
!MESSAGE 自动刷新本机代码 5 时发生了问题。

!ENTRY org.eclipse.core.resources 4 1 2024-10-26 20:41:41.693
!MESSAGE 刷新资源时发生了问题
!SUBENTRY 1 org.eclipse.core.resources 4 1 2024-10-26 20:41:41.693
!MESSAGE 自动刷新本机代码 5 时发生了问题。

!ENTRY org.eclipse.core.resources 4 1 2024-10-26 20:41:42.754
!MESSAGE 刷新资源时发生了问题
!SUBENTRY 1 org.eclipse.core.resources 4 1 2024-10-26 20:41:42.754
!MESSAGE 自动刷新本机代码 5 时发生了问题。

!ENTRY org.eclipse.core.resources 4 1 2024-10-26 20:41:43.814
!MESSAGE 刷新资源时发生了问题
!SUBENTRY 1 org.eclipse.core.resources 4 1 2024-10-26 20:41:43.814
!MESSAGE 自动刷新本机代码 5 时发生了问题。

!ENTRY org.eclipse.core.resources 4 1 2024-10-26 20:41:44.827
!MESSAGE 刷新资源时发生了问题
!SUBENTRY 1 org.eclipse.core.resources 4 1 2024-10-26 20:41:44.827
!MESSAGE 自动刷新本机代码 5 时发生了问题。

!ENTRY org.eclipse.core.resources 4 1 2024-10-26 20:41:45.841
!MESSAGE 刷新资源时发生了问题
!SUBENTRY 1 org.eclipse.core.resources 4 1 2024-10-26 20:41:45.841
!MESSAGE 自动刷新本机代码 5 时发生了问题。

!ENTRY org.eclipse.core.resources 4 1 2024-10-26 20:41:46.854
!MESSAGE 刷新资源时发生了问题
!SUBENTRY 1 org.eclipse.core.resources 4 1 2024-10-26 20:41:46.854
!MESSAGE 自动刷新本机代码 5 时发生了问题。

!ENTRY org.eclipse.core.resources 4 1 2024-10-26 20:41:47.856
!MESSAGE 刷新资源时发生了问题
!SUBENTRY 1 org.eclipse.core.resources 4 1 2024-10-26 20:41:47.856
!MESSAGE 自动刷新本机代码 5 时发生了问题。

!ENTRY org.eclipse.core.resources 4 1 2024-10-26 20:41:48.859
!MESSAGE 刷新资源时发生了问题
!SUBENTRY 1 org.eclipse.core.resources 4 1 2024-10-26 20:41:48.859
!MESSAGE 自动刷新本机代码 5 时发生了问题。

!ENTRY org.eclipse.core.resources 4 1 2024-10-26 20:41:49.862
!MESSAGE 刷新资源时发生了问题
!SUBENTRY 1 org.eclipse.core.resources 4 1 2024-10-26 20:41:49.862
!MESSAGE 自动刷新本机代码 5 时发生了问题。

!ENTRY org.eclipse.core.resources 4 1 2024-10-26 20:41:50.876
!MESSAGE 刷新资源时发生了问题
!SUBENTRY 1 org.eclipse.core.resources 4 1 2024-10-26 20:41:50.876
!MESSAGE 自动刷新本机代码 5 时发生了问题。

!ENTRY org.eclipse.core.resources 4 1 2024-10-26 20:41:51.877
!MESSAGE 刷新资源时发生了问题
!SUBENTRY 1 org.eclipse.core.resources 4 1 2024-10-26 20:41:51.877
!MESSAGE 自动刷新本机代码 5 时发生了问题。

!ENTRY org.eclipse.core.resources 4 1 2024-10-26 20:41:52.893
!MESSAGE 刷新资源时发生了问题
!SUBENTRY 1 org.eclipse.core.resources 4 1 2024-10-26 20:41:52.893
!MESSAGE 自动刷新本机代码 5 时发生了问题。

!ENTRY org.eclipse.core.resources 4 1 2024-10-26 20:41:53.908
!MESSAGE 刷新资源时发生了问题
!SUBENTRY 1 org.eclipse.core.resources 4 1 2024-10-26 20:41:53.908
!MESSAGE 自动刷新本机代码 5 时发生了问题。

!ENTRY org.eclipse.core.resources 4 1 2024-10-26 20:41:54.913
!MESSAGE 刷新资源时发生了问题
!SUBENTRY 1 org.eclipse.core.resources 4 1 2024-10-26 20:41:54.913
!MESSAGE 自动刷新本机代码 5 时发生了问题。

!ENTRY org.eclipse.core.resources 4 1 2024-10-26 20:41:55.928
!MESSAGE 刷新资源时发生了问题
!SUBENTRY 1 org.eclipse.core.resources 4 1 2024-10-26 20:41:55.928
!MESSAGE 自动刷新本机代码 5 时发生了问题。

!ENTRY org.eclipse.core.resources 4 1 2024-10-26 20:41:56.941
!MESSAGE 刷新资源时发生了问题
!SUBENTRY 1 org.eclipse.core.resources 4 1 2024-10-26 20:41:56.941
!MESSAGE 自动刷新本机代码 5 时发生了问题。

!ENTRY org.eclipse.core.resources 4 1 2024-10-26 20:41:57.944
!MESSAGE 刷新资源时发生了问题
!SUBENTRY 1 org.eclipse.core.resources 4 1 2024-10-26 20:41:57.944
!MESSAGE 自动刷新本机代码 5 时发生了问题。

!ENTRY org.eclipse.core.resources 4 1 2024-10-26 20:41:58.957
!MESSAGE 刷新资源时发生了问题
!SUBENTRY 1 org.eclipse.core.resources 4 1 2024-10-26 20:41:58.957
!MESSAGE 自动刷新本机代码 5 时发生了问题。

!ENTRY org.eclipse.core.resources 4 1 2024-10-26 20:41:59.961
!MESSAGE 刷新资源时发生了问题
!SUBENTRY 1 org.eclipse.core.resources 4 1 2024-10-26 20:41:59.961
!MESSAGE 自动刷新本机代码 5 时发生了问题。

!ENTRY org.eclipse.core.resources 4 1 2024-10-26 20:42:00.972
!MESSAGE 刷新资源时发生了问题
!SUBENTRY 1 org.eclipse.core.resources 4 1 2024-10-26 20:42:00.972
!MESSAGE 自动刷新本机代码 5 时发生了问题。

!ENTRY org.eclipse.core.resources 4 1 2024-10-26 20:42:01.976
!MESSAGE 刷新资源时发生了问题
!SUBENTRY 1 org.eclipse.core.resources 4 1 2024-10-26 20:42:01.976
!MESSAGE 自动刷新本机代码 5 时发生了问题。

!ENTRY org.eclipse.core.resources 4 1 2024-10-26 20:42:02.979
!MESSAGE 刷新资源时发生了问题
!SUBENTRY 1 org.eclipse.core.resources 4 1 2024-10-26 20:42:02.979
!MESSAGE 自动刷新本机代码 5 时发生了问题。

!ENTRY org.eclipse.core.resources 4 1 2024-10-26 20:42:03.982
!MESSAGE 刷新资源时发生了问题
!SUBENTRY 1 org.eclipse.core.resources 4 1 2024-10-26 20:42:03.982
!MESSAGE 自动刷新本机代码 5 时发生了问题。

!ENTRY org.eclipse.core.resources 4 1 2024-10-26 20:42:04.984
!MESSAGE 刷新资源时发生了问题
!SUBENTRY 1 org.eclipse.core.resources 4 1 2024-10-26 20:42:04.984
!MESSAGE 自动刷新本机代码 5 时发生了问题。

!ENTRY org.eclipse.core.resources 4 1 2024-10-26 20:42:05.995
!MESSAGE 刷新资源时发生了问题
!SUBENTRY 1 org.eclipse.core.resources 4 1 2024-10-26 20:42:05.995
!MESSAGE 自动刷新本机代码 5 时发生了问题。

!ENTRY org.eclipse.core.resources 4 1 2024-10-26 20:42:06.997
!MESSAGE 刷新资源时发生了问题
!SUBENTRY 1 org.eclipse.core.resources 4 1 2024-10-26 20:42:06.997
!MESSAGE 自动刷新本机代码 5 时发生了问题。

!ENTRY org.eclipse.core.resources 4 1 2024-10-26 20:42:08.002
!MESSAGE 刷新资源时发生了问题
!SUBENTRY 1 org.eclipse.core.resources 4 1 2024-10-26 20:42:08.002
!MESSAGE 自动刷新本机代码 5 时发生了问题。

!ENTRY org.eclipse.core.resources 4 1 2024-10-26 20:42:09.009
!MESSAGE 刷新资源时发生了问题
!SUBENTRY 1 org.eclipse.core.resources 4 1 2024-10-26 20:42:09.009
!MESSAGE 自动刷新本机代码 5 时发生了问题。

!ENTRY org.eclipse.core.resources 4 1 2024-10-26 20:42:10.023
!MESSAGE 刷新资源时发生了问题
!SUBENTRY 1 org.eclipse.core.resources 4 1 2024-10-26 20:42:10.023
!MESSAGE 自动刷新本机代码 5 时发生了问题。

!ENTRY org.eclipse.core.resources 4 1 2024-10-26 20:42:11.029
!MESSAGE 刷新资源时发生了问题
!SUBENTRY 1 org.eclipse.core.resources 4 1 2024-10-26 20:42:11.029
!MESSAGE 自动刷新本机代码 5 时发生了问题。

!ENTRY org.eclipse.core.resources 4 1 2024-10-26 20:42:12.034
!MESSAGE 刷新资源时发生了问题
!SUBENTRY 1 org.eclipse.core.resources 4 1 2024-10-26 20:42:12.034
!MESSAGE 自动刷新本机代码 5 时发生了问题。

!ENTRY org.eclipse.core.resources 4 1 2024-10-26 20:42:13.041
!MESSAGE 刷新资源时发生了问题
!SUBENTRY 1 org.eclipse.core.resources 4 1 2024-10-26 20:42:13.041
!MESSAGE 自动刷新本机代码 5 时发生了问题。

!ENTRY org.eclipse.core.resources 4 1 2024-10-26 20:42:14.045
!MESSAGE 刷新资源时发生了问题
!SUBENTRY 1 org.eclipse.core.resources 4 1 2024-10-26 20:42:14.045
!MESSAGE 自动刷新本机代码 5 时发生了问题。

!ENTRY org.eclipse.core.resources 4 1 2024-10-26 20:42:15.059
!MESSAGE 刷新资源时发生了问题
!SUBENTRY 1 org.eclipse.core.resources 4 1 2024-10-26 20:42:15.059
!MESSAGE 自动刷新本机代码 5 时发生了问题。

!ENTRY org.eclipse.core.resources 4 1 2024-10-26 20:42:16.071
!MESSAGE 刷新资源时发生了问题
!SUBENTRY 1 org.eclipse.core.resources 4 1 2024-10-26 20:42:16.071
!MESSAGE 自动刷新本机代码 5 时发生了问题。

!ENTRY org.eclipse.core.resources 4 1 2024-10-26 20:42:17.073
!MESSAGE 刷新资源时发生了问题
!SUBENTRY 1 org.eclipse.core.resources 4 1 2024-10-26 20:42:17.073
!MESSAGE 自动刷新本机代码 5 时发生了问题。

!ENTRY org.eclipse.core.resources 4 1 2024-10-26 20:42:18.075
!MESSAGE 刷新资源时发生了问题
!SUBENTRY 1 org.eclipse.core.resources 4 1 2024-10-26 20:42:18.075
!MESSAGE 自动刷新本机代码 5 时发生了问题。

!ENTRY org.eclipse.core.resources 4 1 2024-10-26 20:42:19.077
!MESSAGE 刷新资源时发生了问题
!SUBENTRY 1 org.eclipse.core.resources 4 1 2024-10-26 20:42:19.077
!MESSAGE 自动刷新本机代码 5 时发生了问题。

!ENTRY org.eclipse.core.resources 4 1 2024-10-26 20:42:20.079
!MESSAGE 刷新资源时发生了问题
!SUBENTRY 1 org.eclipse.core.resources 4 1 2024-10-26 20:42:20.079
!MESSAGE 自动刷新本机代码 5 时发生了问题。

!ENTRY org.eclipse.core.resources 4 1 2024-10-26 20:42:21.088
!MESSAGE 刷新资源时发生了问题
!SUBENTRY 1 org.eclipse.core.resources 4 1 2024-10-26 20:42:21.088
!MESSAGE 自动刷新本机代码 5 时发生了问题。

!ENTRY org.eclipse.core.resources 4 1 2024-10-26 20:42:22.091
!MESSAGE 刷新资源时发生了问题
!SUBENTRY 1 org.eclipse.core.resources 4 1 2024-10-26 20:42:22.091
!MESSAGE 自动刷新本机代码 5 时发生了问题。

!ENTRY org.eclipse.core.resources 4 1 2024-10-26 20:42:23.095
!MESSAGE 刷新资源时发生了问题
!SUBENTRY 1 org.eclipse.core.resources 4 1 2024-10-26 20:42:23.095
!MESSAGE 自动刷新本机代码 5 时发生了问题。

!ENTRY org.eclipse.core.resources 4 1 2024-10-26 20:42:24.105
!MESSAGE 刷新资源时发生了问题
!SUBENTRY 1 org.eclipse.core.resources 4 1 2024-10-26 20:42:24.105
!MESSAGE 自动刷新本机代码 5 时发生了问题。

!ENTRY org.eclipse.core.resources 4 1 2024-10-26 20:42:25.119
!MESSAGE 刷新资源时发生了问题
!SUBENTRY 1 org.eclipse.core.resources 4 1 2024-10-26 20:42:25.119
!MESSAGE 自动刷新本机代码 5 时发生了问题。

!ENTRY org.eclipse.core.resources 4 1 2024-10-26 20:42:26.123
!MESSAGE 刷新资源时发生了问题
!SUBENTRY 1 org.eclipse.core.resources 4 1 2024-10-26 20:42:26.123
!MESSAGE 自动刷新本机代码 5 时发生了问题。

!ENTRY org.eclipse.core.resources 4 1 2024-10-26 20:42:27.134
!MESSAGE 刷新资源时发生了问题
!SUBENTRY 1 org.eclipse.core.resources 4 1 2024-10-26 20:42:27.134
!MESSAGE 自动刷新本机代码 5 时发生了问题。

!ENTRY org.eclipse.core.resources 4 1 2024-10-26 20:42:28.136
!MESSAGE 刷新资源时发生了问题
!SUBENTRY 1 org.eclipse.core.resources 4 1 2024-10-26 20:42:28.136
!MESSAGE 自动刷新本机代码 5 时发生了问题。

!ENTRY org.eclipse.core.resources 4 1 2024-10-26 20:42:29.152
!MESSAGE 刷新资源时发生了问题
!SUBENTRY 1 org.eclipse.core.resources 4 1 2024-10-26 20:42:29.152
!MESSAGE 自动刷新本机代码 5 时发生了问题。

!ENTRY org.eclipse.core.resources 4 1 2024-10-26 20:42:30.156
!MESSAGE 刷新资源时发生了问题
!SUBENTRY 1 org.eclipse.core.resources 4 1 2024-10-26 20:42:30.156
!MESSAGE 自动刷新本机代码 5 时发生了问题。

!ENTRY org.eclipse.core.resources 4 1 2024-10-26 20:42:31.163
!MESSAGE 刷新资源时发生了问题
!SUBENTRY 1 org.eclipse.core.resources 4 1 2024-10-26 20:42:31.163
!MESSAGE 自动刷新本机代码 5 时发生了问题。

!ENTRY org.eclipse.core.resources 4 1 2024-10-26 20:42:32.167
!MESSAGE 刷新资源时发生了问题
!SUBENTRY 1 org.eclipse.core.resources 4 1 2024-10-26 20:42:32.167
!MESSAGE 自动刷新本机代码 5 时发生了问题。

!ENTRY org.eclipse.core.resources 4 1 2024-10-26 20:42:33.182
!MESSAGE 刷新资源时发生了问题
!SUBENTRY 1 org.eclipse.core.resources 4 1 2024-10-26 20:42:33.182
!MESSAGE 自动刷新本机代码 5 时发生了问题。

!ENTRY org.eclipse.core.resources 4 1 2024-10-26 20:42:34.193
!MESSAGE 刷新资源时发生了问题
!SUBENTRY 1 org.eclipse.core.resources 4 1 2024-10-26 20:42:34.193
!MESSAGE 自动刷新本机代码 5 时发生了问题。

!ENTRY org.eclipse.core.resources 4 1 2024-10-26 20:42:35.208
!MESSAGE 刷新资源时发生了问题
!SUBENTRY 1 org.eclipse.core.resources 4 1 2024-10-26 20:42:35.208
!MESSAGE 自动刷新本机代码 5 时发生了问题。

!ENTRY org.eclipse.core.resources 4 1 2024-10-26 20:42:36.213
!MESSAGE 刷新资源时发生了问题
!SUBENTRY 1 org.eclipse.core.resources 4 1 2024-10-26 20:42:36.213
!MESSAGE 自动刷新本机代码 5 时发生了问题。

!ENTRY org.eclipse.core.resources 4 1 2024-10-26 20:42:37.227
!MESSAGE 刷新资源时发生了问题
!SUBENTRY 1 org.eclipse.core.resources 4 1 2024-10-26 20:42:37.227
!MESSAGE 自动刷新本机代码 5 时发生了问题。

!ENTRY org.eclipse.core.resources 4 1 2024-10-26 20:42:38.230
!MESSAGE 刷新资源时发生了问题
!SUBENTRY 1 org.eclipse.core.resources 4 1 2024-10-26 20:42:38.230
!MESSAGE 自动刷新本机代码 5 时发生了问题。

!ENTRY org.eclipse.core.resources 4 1 2024-10-26 20:42:39.232
!MESSAGE 刷新资源时发生了问题
!SUBENTRY 1 org.eclipse.core.resources 4 1 2024-10-26 20:42:39.232
!MESSAGE 自动刷新本机代码 5 时发生了问题。

!ENTRY org.eclipse.core.resources 4 1 2024-10-26 20:42:40.247
!MESSAGE 刷新资源时发生了问题
!SUBENTRY 1 org.eclipse.core.resources 4 1 2024-10-26 20:42:40.247
!MESSAGE 自动刷新本机代码 5 时发生了问题。

!ENTRY org.eclipse.core.resources 4 1 2024-10-26 20:42:41.251
!MESSAGE 刷新资源时发生了问题
!SUBENTRY 1 org.eclipse.core.resources 4 1 2024-10-26 20:42:41.251
!MESSAGE 自动刷新本机代码 5 时发生了问题。

!ENTRY org.eclipse.core.resources 4 1 2024-10-26 20:42:42.254
!MESSAGE 刷新资源时发生了问题
!SUBENTRY 1 org.eclipse.core.resources 4 1 2024-10-26 20:42:42.254
!MESSAGE 自动刷新本机代码 5 时发生了问题。

!ENTRY org.eclipse.core.resources 4 1 2024-10-26 20:42:43.269
!MESSAGE 刷新资源时发生了问题
!SUBENTRY 1 org.eclipse.core.resources 4 1 2024-10-26 20:42:43.269
!MESSAGE 自动刷新本机代码 5 时发生了问题。

!ENTRY org.eclipse.core.resources 4 1 2024-10-26 20:42:44.284
!MESSAGE 刷新资源时发生了问题
!SUBENTRY 1 org.eclipse.core.resources 4 1 2024-10-26 20:42:44.284
!MESSAGE 自动刷新本机代码 5 时发生了问题。

!ENTRY org.eclipse.core.resources 4 1 2024-10-26 20:42:45.297
!MESSAGE 刷新资源时发生了问题
!SUBENTRY 1 org.eclipse.core.resources 4 1 2024-10-26 20:42:45.297
!MESSAGE 自动刷新本机代码 5 时发生了问题。

!ENTRY org.eclipse.core.resources 4 1 2024-10-26 20:42:46.308
!MESSAGE 刷新资源时发生了问题
!SUBENTRY 1 org.eclipse.core.resources 4 1 2024-10-26 20:42:46.308
!MESSAGE 自动刷新本机代码 5 时发生了问题。

!ENTRY org.eclipse.core.resources 4 1 2024-10-26 20:42:47.323
!MESSAGE 刷新资源时发生了问题
!SUBENTRY 1 org.eclipse.core.resources 4 1 2024-10-26 20:42:47.323
!MESSAGE 自动刷新本机代码 5 时发生了问题。

!ENTRY org.eclipse.core.resources 4 1 2024-10-26 20:42:48.327
!MESSAGE 刷新资源时发生了问题
!SUBENTRY 1 org.eclipse.core.resources 4 1 2024-10-26 20:42:48.327
!MESSAGE 自动刷新本机代码 5 时发生了问题。

!ENTRY org.eclipse.core.resources 4 1 2024-10-26 20:42:49.340
!MESSAGE 刷新资源时发生了问题
!SUBENTRY 1 org.eclipse.core.resources 4 1 2024-10-26 20:42:49.340
!MESSAGE 自动刷新本机代码 5 时发生了问题。

!ENTRY org.eclipse.core.resources 4 1 2024-10-26 20:42:50.345
!MESSAGE 刷新资源时发生了问题
!SUBENTRY 1 org.eclipse.core.resources 4 1 2024-10-26 20:42:50.345
!MESSAGE 自动刷新本机代码 5 时发生了问题。

!ENTRY org.eclipse.core.resources 4 1 2024-10-26 20:42:51.356
!MESSAGE 刷新资源时发生了问题
!SUBENTRY 1 org.eclipse.core.resources 4 1 2024-10-26 20:42:51.356
!MESSAGE 自动刷新本机代码 5 时发生了问题。

!ENTRY org.eclipse.core.resources 4 1 2024-10-26 20:42:52.357
!MESSAGE 刷新资源时发生了问题
!SUBENTRY 1 org.eclipse.core.resources 4 1 2024-10-26 20:42:52.357
!MESSAGE 自动刷新本机代码 5 时发生了问题。

!ENTRY org.eclipse.core.resources 4 1 2024-10-26 20:42:53.359
!MESSAGE 刷新资源时发生了问题
!SUBENTRY 1 org.eclipse.core.resources 4 1 2024-10-26 20:42:53.359
!MESSAGE 自动刷新本机代码 5 时发生了问题。

!ENTRY org.eclipse.core.resources 4 1 2024-10-26 20:42:54.361
!MESSAGE 刷新资源时发生了问题
!SUBENTRY 1 org.eclipse.core.resources 4 1 2024-10-26 20:42:54.361
!MESSAGE 自动刷新本机代码 5 时发生了问题。

!ENTRY org.eclipse.core.resources 4 1 2024-10-26 20:42:55.363
!MESSAGE 刷新资源时发生了问题
!SUBENTRY 1 org.eclipse.core.resources 4 1 2024-10-26 20:42:55.363
!MESSAGE 自动刷新本机代码 5 时发生了问题。

!ENTRY org.eclipse.core.resources 4 1 2024-10-26 20:42:56.373
!MESSAGE 刷新资源时发生了问题
!SUBENTRY 1 org.eclipse.core.resources 4 1 2024-10-26 20:42:56.373
!MESSAGE 自动刷新本机代码 5 时发生了问题。

!ENTRY org.eclipse.core.resources 4 1 2024-10-26 20:42:57.374
!MESSAGE 刷新资源时发生了问题
!SUBENTRY 1 org.eclipse.core.resources 4 1 2024-10-26 20:42:57.374
!MESSAGE 自动刷新本机代码 5 时发生了问题。

!ENTRY org.eclipse.core.resources 4 1 2024-10-26 20:42:58.376
!MESSAGE 刷新资源时发生了问题
!SUBENTRY 1 org.eclipse.core.resources 4 1 2024-10-26 20:42:58.376
!MESSAGE 自动刷新本机代码 5 时发生了问题。

!ENTRY org.eclipse.core.resources 4 1 2024-10-26 20:42:59.383
!MESSAGE 刷新资源时发生了问题
!SUBENTRY 1 org.eclipse.core.resources 4 1 2024-10-26 20:42:59.383
!MESSAGE 自动刷新本机代码 5 时发生了问题。

!ENTRY org.eclipse.core.resources 4 1 2024-10-26 20:43:00.397
!MESSAGE 刷新资源时发生了问题
!SUBENTRY 1 org.eclipse.core.resources 4 1 2024-10-26 20:43:00.397
!MESSAGE 自动刷新本机代码 5 时发生了问题。

!ENTRY org.eclipse.core.resources 4 1 2024-10-26 20:43:01.404
!MESSAGE 刷新资源时发生了问题
!SUBENTRY 1 org.eclipse.core.resources 4 1 2024-10-26 20:43:01.404
!MESSAGE 自动刷新本机代码 5 时发生了问题。

!ENTRY org.eclipse.core.resources 4 1 2024-10-26 20:43:02.417
!MESSAGE 刷新资源时发生了问题
!SUBENTRY 1 org.eclipse.core.resources 4 1 2024-10-26 20:43:02.417
!MESSAGE 自动刷新本机代码 5 时发生了问题。

!ENTRY org.eclipse.core.resources 4 1 2024-10-26 20:43:03.421
!MESSAGE 刷新资源时发生了问题
!SUBENTRY 1 org.eclipse.core.resources 4 1 2024-10-26 20:43:03.421
!MESSAGE 自动刷新本机代码 5 时发生了问题。

!ENTRY org.eclipse.core.resources 4 1 2024-10-26 20:43:04.425
!MESSAGE 刷新资源时发生了问题
!SUBENTRY 1 org.eclipse.core.resources 4 1 2024-10-26 20:43:04.425
!MESSAGE 自动刷新本机代码 5 时发生了问题。

!ENTRY org.eclipse.core.resources 4 1 2024-10-26 20:43:05.438
!MESSAGE 刷新资源时发生了问题
!SUBENTRY 1 org.eclipse.core.resources 4 1 2024-10-26 20:43:05.438
!MESSAGE 自动刷新本机代码 5 时发生了问题。

!ENTRY org.eclipse.core.resources 4 1 2024-10-26 20:43:06.499
!MESSAGE 刷新资源时发生了问题
!SUBENTRY 1 org.eclipse.core.resources 4 1 2024-10-26 20:43:06.499
!MESSAGE 自动刷新本机代码 5 时发生了问题。

!ENTRY org.eclipse.core.resources 4 1 2024-10-26 20:43:07.514
!MESSAGE 刷新资源时发生了问题
!SUBENTRY 1 org.eclipse.core.resources 4 1 2024-10-26 20:43:07.514
!MESSAGE 自动刷新本机代码 5 时发生了问题。

!ENTRY org.eclipse.core.resources 4 1 2024-10-26 20:43:08.524
!MESSAGE 刷新资源时发生了问题
!SUBENTRY 1 org.eclipse.core.resources 4 1 2024-10-26 20:43:08.524
!MESSAGE 自动刷新本机代码 5 时发生了问题。

!ENTRY org.eclipse.core.resources 4 1 2024-10-26 20:43:09.529
!MESSAGE 刷新资源时发生了问题
!SUBENTRY 1 org.eclipse.core.resources 4 1 2024-10-26 20:43:09.529
!MESSAGE 自动刷新本机代码 5 时发生了问题。

!ENTRY org.eclipse.core.resources 4 1 2024-10-26 20:43:10.539
!MESSAGE 刷新资源时发生了问题
!SUBENTRY 1 org.eclipse.core.resources 4 1 2024-10-26 20:43:10.539
!MESSAGE 自动刷新本机代码 5 时发生了问题。

!ENTRY org.eclipse.core.resources 4 1 2024-10-26 20:43:11.542
!MESSAGE 刷新资源时发生了问题
!SUBENTRY 1 org.eclipse.core.resources 4 1 2024-10-26 20:43:11.542
!MESSAGE 自动刷新本机代码 5 时发生了问题。

!ENTRY org.eclipse.core.resources 4 1 2024-10-26 20:43:12.546
!MESSAGE 刷新资源时发生了问题
!SUBENTRY 1 org.eclipse.core.resources 4 1 2024-10-26 20:43:12.546
!MESSAGE 自动刷新本机代码 5 时发生了问题。

!ENTRY org.eclipse.core.resources 4 1 2024-10-26 20:43:13.547
!MESSAGE 刷新资源时发生了问题
!SUBENTRY 1 org.eclipse.core.resources 4 1 2024-10-26 20:43:13.547
!MESSAGE 自动刷新本机代码 5 时发生了问题。

!ENTRY org.eclipse.core.resources 4 1 2024-10-26 20:43:14.549
!MESSAGE 刷新资源时发生了问题
!SUBENTRY 1 org.eclipse.core.resources 4 1 2024-10-26 20:43:14.549
!MESSAGE 自动刷新本机代码 5 时发生了问题。

!ENTRY org.eclipse.core.resources 4 1 2024-10-26 20:43:15.550
!MESSAGE 刷新资源时发生了问题
!SUBENTRY 1 org.eclipse.core.resources 4 1 2024-10-26 20:43:15.550
!MESSAGE 自动刷新本机代码 5 时发生了问题。

!ENTRY org.eclipse.core.resources 4 1 2024-10-26 20:43:16.553
!MESSAGE 刷新资源时发生了问题
!SUBENTRY 1 org.eclipse.core.resources 4 1 2024-10-26 20:43:16.553
!MESSAGE 自动刷新本机代码 5 时发生了问题。

!ENTRY org.eclipse.core.resources 4 1 2024-10-26 20:43:17.562
!MESSAGE 刷新资源时发生了问题
!SUBENTRY 1 org.eclipse.core.resources 4 1 2024-10-26 20:43:17.562
!MESSAGE 自动刷新本机代码 5 时发生了问题。

!ENTRY org.eclipse.core.resources 4 1 2024-10-26 20:43:18.574
!MESSAGE 刷新资源时发生了问题
!SUBENTRY 1 org.eclipse.core.resources 4 1 2024-10-26 20:43:18.574
!MESSAGE 自动刷新本机代码 5 时发生了问题。

!ENTRY org.eclipse.core.resources 4 1 2024-10-26 20:43:19.593
!MESSAGE 刷新资源时发生了问题
!SUBENTRY 1 org.eclipse.core.resources 4 1 2024-10-26 20:43:19.593
!MESSAGE 自动刷新本机代码 5 时发生了问题。

!ENTRY org.eclipse.core.resources 4 1 2024-10-26 20:43:20.602
!MESSAGE 刷新资源时发生了问题
!SUBENTRY 1 org.eclipse.core.resources 4 1 2024-10-26 20:43:20.602
!MESSAGE 自动刷新本机代码 5 时发生了问题。

!ENTRY org.eclipse.core.resources 4 1 2024-10-26 20:43:21.612
!MESSAGE 刷新资源时发生了问题
!SUBENTRY 1 org.eclipse.core.resources 4 1 2024-10-26 20:43:21.612
!MESSAGE 自动刷新本机代码 5 时发生了问题。

!ENTRY org.eclipse.core.resources 4 1 2024-10-26 20:43:22.622
!MESSAGE 刷新资源时发生了问题
!SUBENTRY 1 org.eclipse.core.resources 4 1 2024-10-26 20:43:22.622
!MESSAGE 自动刷新本机代码 5 时发生了问题。

!ENTRY org.eclipse.core.resources 4 1 2024-10-26 20:43:23.627
!MESSAGE 刷新资源时发生了问题
!SUBENTRY 1 org.eclipse.core.resources 4 1 2024-10-26 20:43:23.627
!MESSAGE 自动刷新本机代码 5 时发生了问题。

!ENTRY org.eclipse.core.resources 4 1 2024-10-26 20:43:24.640
!MESSAGE 刷新资源时发生了问题
!SUBENTRY 1 org.eclipse.core.resources 4 1 2024-10-26 20:43:24.640
!MESSAGE 自动刷新本机代码 5 时发生了问题。

!ENTRY org.eclipse.core.resources 4 1 2024-10-26 20:43:25.641
!MESSAGE 刷新资源时发生了问题
!SUBENTRY 1 org.eclipse.core.resources 4 1 2024-10-26 20:43:25.641
!MESSAGE 自动刷新本机代码 5 时发生了问题。

!ENTRY org.eclipse.core.resources 4 1 2024-10-26 20:43:26.654
!MESSAGE 刷新资源时发生了问题
!SUBENTRY 1 org.eclipse.core.resources 4 1 2024-10-26 20:43:26.654
!MESSAGE 自动刷新本机代码 5 时发生了问题。

!ENTRY org.eclipse.core.resources 4 1 2024-10-26 20:43:27.668
!MESSAGE 刷新资源时发生了问题
!SUBENTRY 1 org.eclipse.core.resources 4 1 2024-10-26 20:43:27.668
!MESSAGE 自动刷新本机代码 5 时发生了问题。

!ENTRY org.eclipse.core.resources 4 1 2024-10-26 20:43:28.729
!MESSAGE 刷新资源时发生了问题
!SUBENTRY 1 org.eclipse.core.resources 4 1 2024-10-26 20:43:28.729
!MESSAGE 自动刷新本机代码 5 时发生了问题。

!ENTRY org.eclipse.core.resources 4 1 2024-10-26 20:43:29.731
!MESSAGE 刷新资源时发生了问题
!SUBENTRY 1 org.eclipse.core.resources 4 1 2024-10-26 20:43:29.731
!MESSAGE 自动刷新本机代码 5 时发生了问题。

!ENTRY org.eclipse.core.resources 4 1 2024-10-26 20:43:30.745
!MESSAGE 刷新资源时发生了问题
!SUBENTRY 1 org.eclipse.core.resources 4 1 2024-10-26 20:43:30.745
!MESSAGE 自动刷新本机代码 5 时发生了问题。

!ENTRY org.eclipse.core.resources 4 1 2024-10-26 20:43:31.749
!MESSAGE 刷新资源时发生了问题
!SUBENTRY 1 org.eclipse.core.resources 4 1 2024-10-26 20:43:31.749
!MESSAGE 自动刷新本机代码 5 时发生了问题。

!ENTRY org.eclipse.core.resources 4 1 2024-10-26 20:43:32.810
!MESSAGE 刷新资源时发生了问题
!SUBENTRY 1 org.eclipse.core.resources 4 1 2024-10-26 20:43:32.810
!MESSAGE 自动刷新本机代码 5 时发生了问题。

!ENTRY org.eclipse.core.resources 4 1 2024-10-26 20:43:33.826
!MESSAGE 刷新资源时发生了问题
!SUBENTRY 1 org.eclipse.core.resources 4 1 2024-10-26 20:43:33.826
!MESSAGE 自动刷新本机代码 5 时发生了问题。

!ENTRY org.eclipse.core.resources 4 1 2024-10-26 20:43:34.837
!MESSAGE 刷新资源时发生了问题
!SUBENTRY 1 org.eclipse.core.resources 4 1 2024-10-26 20:43:34.837
!MESSAGE 自动刷新本机代码 5 时发生了问题。

!ENTRY org.eclipse.core.resources 4 1 2024-10-26 20:43:35.848
!MESSAGE 刷新资源时发生了问题
!SUBENTRY 1 org.eclipse.core.resources 4 1 2024-10-26 20:43:35.848
!MESSAGE 自动刷新本机代码 5 时发生了问题。

!ENTRY org.eclipse.core.resources 4 1 2024-10-26 20:43:36.851
!MESSAGE 刷新资源时发生了问题
!SUBENTRY 1 org.eclipse.core.resources 4 1 2024-10-26 20:43:36.851
!MESSAGE 自动刷新本机代码 5 时发生了问题。

!ENTRY org.eclipse.core.resources 4 1 2024-10-26 20:43:37.863
!MESSAGE 刷新资源时发生了问题
!SUBENTRY 1 org.eclipse.core.resources 4 1 2024-10-26 20:43:37.863
!MESSAGE 自动刷新本机代码 5 时发生了问题。

!ENTRY org.eclipse.core.resources 4 1 2024-10-26 20:43:38.864
!MESSAGE 刷新资源时发生了问题
!SUBENTRY 1 org.eclipse.core.resources 4 1 2024-10-26 20:43:38.864
!MESSAGE 自动刷新本机代码 5 时发生了问题。

!ENTRY org.eclipse.core.resources 4 1 2024-10-26 20:43:39.865
!MESSAGE 刷新资源时发生了问题
!SUBENTRY 1 org.eclipse.core.resources 4 1 2024-10-26 20:43:39.865
!MESSAGE 自动刷新本机代码 5 时发生了问题。

!ENTRY org.eclipse.core.resources 4 1 2024-10-26 20:43:40.867
!MESSAGE 刷新资源时发生了问题
!SUBENTRY 1 org.eclipse.core.resources 4 1 2024-10-26 20:43:40.867
!MESSAGE 自动刷新本机代码 5 时发生了问题。

!ENTRY org.eclipse.core.resources 4 1 2024-10-26 20:43:41.874
!MESSAGE 刷新资源时发生了问题
!SUBENTRY 1 org.eclipse.core.resources 4 1 2024-10-26 20:43:41.874
!MESSAGE 自动刷新本机代码 5 时发生了问题。

!ENTRY org.eclipse.core.resources 4 1 2024-10-26 20:43:42.877
!MESSAGE 刷新资源时发生了问题
!SUBENTRY 1 org.eclipse.core.resources 4 1 2024-10-26 20:43:42.877
!MESSAGE 自动刷新本机代码 5 时发生了问题。

!ENTRY org.eclipse.core.resources 4 1 2024-10-26 20:43:43.880
!MESSAGE 刷新资源时发生了问题
!SUBENTRY 1 org.eclipse.core.resources 4 1 2024-10-26 20:43:43.880
!MESSAGE 自动刷新本机代码 5 时发生了问题。

!ENTRY org.eclipse.core.resources 4 1 2024-10-26 20:43:44.894
!MESSAGE 刷新资源时发生了问题
!SUBENTRY 1 org.eclipse.core.resources 4 1 2024-10-26 20:43:44.894
!MESSAGE 自动刷新本机代码 5 时发生了问题。

!ENTRY org.eclipse.core.resources 4 1 2024-10-26 20:43:45.896
!MESSAGE 刷新资源时发生了问题
!SUBENTRY 1 org.eclipse.core.resources 4 1 2024-10-26 20:43:45.896
!MESSAGE 自动刷新本机代码 5 时发生了问题。

!ENTRY org.eclipse.core.resources 4 1 2024-10-26 20:43:46.898
!MESSAGE 刷新资源时发生了问题
!SUBENTRY 1 org.eclipse.core.resources 4 1 2024-10-26 20:43:46.898
!MESSAGE 自动刷新本机代码 5 时发生了问题。

!ENTRY org.eclipse.core.resources 4 1 2024-10-26 20:43:47.907
!MESSAGE 刷新资源时发生了问题
!SUBENTRY 1 org.eclipse.core.resources 4 1 2024-10-26 20:43:47.907
!MESSAGE 自动刷新本机代码 5 时发生了问题。

!ENTRY org.eclipse.core.resources 4 1 2024-10-26 20:43:48.920
!MESSAGE 刷新资源时发生了问题
!SUBENTRY 1 org.eclipse.core.resources 4 1 2024-10-26 20:43:48.920
!MESSAGE 自动刷新本机代码 5 时发生了问题。

!ENTRY org.eclipse.core.resources 4 1 2024-10-26 20:43:49.982
!MESSAGE 刷新资源时发生了问题
!SUBENTRY 1 org.eclipse.core.resources 4 1 2024-10-26 20:43:49.982
!MESSAGE 自动刷新本机代码 5 时发生了问题。

!ENTRY org.eclipse.core.resources 4 1 2024-10-26 20:43:50.993
!MESSAGE 刷新资源时发生了问题
!SUBENTRY 1 org.eclipse.core.resources 4 1 2024-10-26 20:43:50.993
!MESSAGE 自动刷新本机代码 5 时发生了问题。

!ENTRY org.eclipse.core.resources 4 1 2024-10-26 20:43:52.055
!MESSAGE 刷新资源时发生了问题
!SUBENTRY 1 org.eclipse.core.resources 4 1 2024-10-26 20:43:52.055
!MESSAGE 自动刷新本机代码 5 时发生了问题。

!ENTRY org.eclipse.core.resources 4 1 2024-10-26 20:43:53.067
!MESSAGE 刷新资源时发生了问题
!SUBENTRY 1 org.eclipse.core.resources 4 1 2024-10-26 20:43:53.067
!MESSAGE 自动刷新本机代码 5 时发生了问题。

!ENTRY org.eclipse.core.resources 4 1 2024-10-26 20:43:54.083
!MESSAGE 刷新资源时发生了问题
!SUBENTRY 1 org.eclipse.core.resources 4 1 2024-10-26 20:43:54.083
!MESSAGE 自动刷新本机代码 5 时发生了问题。

!ENTRY org.eclipse.core.resources 4 1 2024-10-26 20:43:55.086
!MESSAGE 刷新资源时发生了问题
!SUBENTRY 1 org.eclipse.core.resources 4 1 2024-10-26 20:43:55.086
!MESSAGE 自动刷新本机代码 5 时发生了问题。

!ENTRY org.eclipse.core.resources 4 1 2024-10-26 20:43:56.088
!MESSAGE 刷新资源时发生了问题
!SUBENTRY 1 org.eclipse.core.resources 4 1 2024-10-26 20:43:56.088
!MESSAGE 自动刷新本机代码 5 时发生了问题。

!ENTRY org.eclipse.core.resources 4 1 2024-10-26 20:43:57.089
!MESSAGE 刷新资源时发生了问题
!SUBENTRY 1 org.eclipse.core.resources 4 1 2024-10-26 20:43:57.089
!MESSAGE 自动刷新本机代码 5 时发生了问题。

!ENTRY org.eclipse.core.resources 4 1 2024-10-26 20:43:58.103
!MESSAGE 刷新资源时发生了问题
!SUBENTRY 1 org.eclipse.core.resources 4 1 2024-10-26 20:43:58.103
!MESSAGE 自动刷新本机代码 5 时发生了问题。

!ENTRY org.eclipse.core.resources 4 1 2024-10-26 20:43:59.116
!MESSAGE 刷新资源时发生了问题
!SUBENTRY 1 org.eclipse.core.resources 4 1 2024-10-26 20:43:59.116
!MESSAGE 自动刷新本机代码 5 时发生了问题。

!ENTRY org.eclipse.core.resources 4 1 2024-10-26 20:44:00.133
!MESSAGE 刷新资源时发生了问题
!SUBENTRY 1 org.eclipse.core.resources 4 1 2024-10-26 20:44:00.133
!MESSAGE 自动刷新本机代码 5 时发生了问题。

!ENTRY org.eclipse.core.resources 4 1 2024-10-26 20:44:01.148
!MESSAGE 刷新资源时发生了问题
!SUBENTRY 1 org.eclipse.core.resources 4 1 2024-10-26 20:44:01.148
!MESSAGE 自动刷新本机代码 5 时发生了问题。

!ENTRY org.eclipse.core.resources 4 1 2024-10-26 20:44:02.149
!MESSAGE 刷新资源时发生了问题
!SUBENTRY 1 org.eclipse.core.resources 4 1 2024-10-26 20:44:02.149
!MESSAGE 自动刷新本机代码 5 时发生了问题。

!ENTRY org.eclipse.core.resources 4 1 2024-10-26 20:44:03.162
!MESSAGE 刷新资源时发生了问题
!SUBENTRY 1 org.eclipse.core.resources 4 1 2024-10-26 20:44:03.162
!MESSAGE 自动刷新本机代码 5 时发生了问题。

!ENTRY org.eclipse.core.resources 4 1 2024-10-26 20:44:04.174
!MESSAGE 刷新资源时发生了问题
!SUBENTRY 1 org.eclipse.core.resources 4 1 2024-10-26 20:44:04.174
!MESSAGE 自动刷新本机代码 5 时发生了问题。

!ENTRY org.eclipse.core.resources 4 1 2024-10-26 20:44:05.187
!MESSAGE 刷新资源时发生了问题
!SUBENTRY 1 org.eclipse.core.resources 4 1 2024-10-26 20:44:05.187
!MESSAGE 自动刷新本机代码 5 时发生了问题。

!ENTRY org.eclipse.core.resources 4 1 2024-10-26 20:44:06.190
!MESSAGE 刷新资源时发生了问题
!SUBENTRY 1 org.eclipse.core.resources 4 1 2024-10-26 20:44:06.190
!MESSAGE 自动刷新本机代码 5 时发生了问题。

!ENTRY org.eclipse.core.resources 4 1 2024-10-26 20:44:07.206
!MESSAGE 刷新资源时发生了问题
!SUBENTRY 1 org.eclipse.core.resources 4 1 2024-10-26 20:44:07.206
!MESSAGE 自动刷新本机代码 5 时发生了问题。

!ENTRY org.eclipse.core.resources 4 1 2024-10-26 20:44:08.223
!MESSAGE 刷新资源时发生了问题
!SUBENTRY 1 org.eclipse.core.resources 4 1 2024-10-26 20:44:08.223
!MESSAGE 自动刷新本机代码 5 时发生了问题。

!ENTRY org.eclipse.core.resources 4 1 2024-10-26 20:44:09.238
!MESSAGE 刷新资源时发生了问题
!SUBENTRY 1 org.eclipse.core.resources 4 1 2024-10-26 20:44:09.238
!MESSAGE 自动刷新本机代码 5 时发生了问题。

!ENTRY org.eclipse.core.resources 4 1 2024-10-26 20:44:10.244
!MESSAGE 刷新资源时发生了问题
!SUBENTRY 1 org.eclipse.core.resources 4 1 2024-10-26 20:44:10.244
!MESSAGE 自动刷新本机代码 5 时发生了问题。

!ENTRY org.eclipse.core.resources 4 1 2024-10-26 20:44:11.248
!MESSAGE 刷新资源时发生了问题
!SUBENTRY 1 org.eclipse.core.resources 4 1 2024-10-26 20:44:11.248
!MESSAGE 自动刷新本机代码 5 时发生了问题。

!ENTRY org.eclipse.core.resources 4 1 2024-10-26 20:44:12.250
!MESSAGE 刷新资源时发生了问题
!SUBENTRY 1 org.eclipse.core.resources 4 1 2024-10-26 20:44:12.250
!MESSAGE 自动刷新本机代码 5 时发生了问题。

!ENTRY org.eclipse.core.resources 4 1 2024-10-26 20:44:13.254
!MESSAGE 刷新资源时发生了问题
!SUBENTRY 1 org.eclipse.core.resources 4 1 2024-10-26 20:44:13.254
!MESSAGE 自动刷新本机代码 5 时发生了问题。

!ENTRY org.eclipse.core.resources 4 1 2024-10-26 20:44:14.270
!MESSAGE 刷新资源时发生了问题
!SUBENTRY 1 org.eclipse.core.resources 4 1 2024-10-26 20:44:14.270
!MESSAGE 自动刷新本机代码 5 时发生了问题。

!ENTRY org.eclipse.core.resources 4 1 2024-10-26 20:44:15.273
!MESSAGE 刷新资源时发生了问题
!SUBENTRY 1 org.eclipse.core.resources 4 1 2024-10-26 20:44:15.273
!MESSAGE 自动刷新本机代码 5 时发生了问题。

!ENTRY org.eclipse.core.resources 4 1 2024-10-26 20:44:16.275
!MESSAGE 刷新资源时发生了问题
!SUBENTRY 1 org.eclipse.core.resources 4 1 2024-10-26 20:44:16.275
!MESSAGE 自动刷新本机代码 5 时发生了问题。

!ENTRY org.eclipse.core.resources 4 1 2024-10-26 20:44:17.290
!MESSAGE 刷新资源时发生了问题
!SUBENTRY 1 org.eclipse.core.resources 4 1 2024-10-26 20:44:17.290
!MESSAGE 自动刷新本机代码 5 时发生了问题。

!ENTRY org.eclipse.core.resources 4 1 2024-10-26 20:44:18.304
!MESSAGE 刷新资源时发生了问题
!SUBENTRY 1 org.eclipse.core.resources 4 1 2024-10-26 20:44:18.304
!MESSAGE 自动刷新本机代码 5 时发生了问题。

!ENTRY org.eclipse.core.resources 4 1 2024-10-26 20:44:19.316
!MESSAGE 刷新资源时发生了问题
!SUBENTRY 1 org.eclipse.core.resources 4 1 2024-10-26 20:44:19.316
!MESSAGE 自动刷新本机代码 5 时发生了问题。

!ENTRY org.eclipse.core.resources 4 1 2024-10-26 20:44:20.363
!MESSAGE 刷新资源时发生了问题
!SUBENTRY 1 org.eclipse.core.resources 4 1 2024-10-26 20:44:20.363
!MESSAGE 自动刷新本机代码 5 时发生了问题。

!ENTRY org.eclipse.core.resources 4 1 2024-10-26 20:44:21.374
!MESSAGE 刷新资源时发生了问题
!SUBENTRY 1 org.eclipse.core.resources 4 1 2024-10-26 20:44:21.374
!MESSAGE 自动刷新本机代码 5 时发生了问题。

!ENTRY org.eclipse.core.resources 4 1 2024-10-26 20:44:22.389
!MESSAGE 刷新资源时发生了问题
!SUBENTRY 1 org.eclipse.core.resources 4 1 2024-10-26 20:44:22.389
!MESSAGE 自动刷新本机代码 5 时发生了问题。

!ENTRY org.eclipse.core.resources 4 1 2024-10-26 20:44:23.391
!MESSAGE 刷新资源时发生了问题
!SUBENTRY 1 org.eclipse.core.resources 4 1 2024-10-26 20:44:23.391
!MESSAGE 自动刷新本机代码 5 时发生了问题。

!ENTRY org.eclipse.core.resources 4 1 2024-10-26 20:44:24.405
!MESSAGE 刷新资源时发生了问题
!SUBENTRY 1 org.eclipse.core.resources 4 1 2024-10-26 20:44:24.405
!MESSAGE 自动刷新本机代码 5 时发生了问题。

!ENTRY org.eclipse.core.resources 4 1 2024-10-26 20:44:25.406
!MESSAGE 刷新资源时发生了问题
!SUBENTRY 1 org.eclipse.core.resources 4 1 2024-10-26 20:44:25.406
!MESSAGE 自动刷新本机代码 5 时发生了问题。

!ENTRY org.eclipse.core.resources 4 1 2024-10-26 20:44:26.421
!MESSAGE 刷新资源时发生了问题
!SUBENTRY 1 org.eclipse.core.resources 4 1 2024-10-26 20:44:26.421
!MESSAGE 自动刷新本机代码 5 时发生了问题。

!ENTRY org.eclipse.core.resources 4 1 2024-10-26 20:44:27.423
!MESSAGE 刷新资源时发生了问题
!SUBENTRY 1 org.eclipse.core.resources 4 1 2024-10-26 20:44:27.423
!MESSAGE 自动刷新本机代码 5 时发生了问题。

!ENTRY org.eclipse.core.resources 4 1 2024-10-26 20:44:28.426
!MESSAGE 刷新资源时发生了问题
!SUBENTRY 1 org.eclipse.core.resources 4 1 2024-10-26 20:44:28.426
!MESSAGE 自动刷新本机代码 5 时发生了问题。

!ENTRY org.eclipse.core.resources 4 1 2024-10-26 20:44:29.440
!MESSAGE 刷新资源时发生了问题
!SUBENTRY 1 org.eclipse.core.resources 4 1 2024-10-26 20:44:29.440
!MESSAGE 自动刷新本机代码 5 时发生了问题。

!ENTRY org.eclipse.core.resources 4 1 2024-10-26 20:44:30.443
!MESSAGE 刷新资源时发生了问题
!SUBENTRY 1 org.eclipse.core.resources 4 1 2024-10-26 20:44:30.443
!MESSAGE 自动刷新本机代码 5 时发生了问题。

!ENTRY org.eclipse.core.resources 4 1 2024-10-26 20:44:31.458
!MESSAGE 刷新资源时发生了问题
!SUBENTRY 1 org.eclipse.core.resources 4 1 2024-10-26 20:44:31.458
!MESSAGE 自动刷新本机代码 5 时发生了问题。

!ENTRY org.eclipse.core.resources 4 1 2024-10-26 20:44:32.463
!MESSAGE 刷新资源时发生了问题
!SUBENTRY 1 org.eclipse.core.resources 4 1 2024-10-26 20:44:32.463
!MESSAGE 自动刷新本机代码 5 时发生了问题。

!ENTRY org.eclipse.core.resources 4 1 2024-10-26 20:44:33.475
!MESSAGE 刷新资源时发生了问题
!SUBENTRY 1 org.eclipse.core.resources 4 1 2024-10-26 20:44:33.475
!MESSAGE 自动刷新本机代码 5 时发生了问题。

!ENTRY org.eclipse.core.resources 4 1 2024-10-26 20:44:34.489
!MESSAGE 刷新资源时发生了问题
!SUBENTRY 1 org.eclipse.core.resources 4 1 2024-10-26 20:44:34.489
!MESSAGE 自动刷新本机代码 5 时发生了问题。

!ENTRY org.eclipse.core.resources 4 1 2024-10-26 20:44:35.492
!MESSAGE 刷新资源时发生了问题
!SUBENTRY 1 org.eclipse.core.resources 4 1 2024-10-26 20:44:35.492
!MESSAGE 自动刷新本机代码 5 时发生了问题。

!ENTRY org.eclipse.core.resources 4 1 2024-10-26 20:44:36.495
!MESSAGE 刷新资源时发生了问题
!SUBENTRY 1 org.eclipse.core.resources 4 1 2024-10-26 20:44:36.495
!MESSAGE 自动刷新本机代码 5 时发生了问题。

!ENTRY org.eclipse.core.resources 4 1 2024-10-26 20:44:37.497
!MESSAGE 刷新资源时发生了问题
!SUBENTRY 1 org.eclipse.core.resources 4 1 2024-10-26 20:44:37.497
!MESSAGE 自动刷新本机代码 5 时发生了问题。

!ENTRY org.eclipse.core.resources 4 1 2024-10-26 20:44:38.511
!MESSAGE 刷新资源时发生了问题
!SUBENTRY 1 org.eclipse.core.resources 4 1 2024-10-26 20:44:38.511
!MESSAGE 自动刷新本机代码 5 时发生了问题。

!ENTRY org.eclipse.core.resources 4 1 2024-10-26 20:44:39.519
!MESSAGE 刷新资源时发生了问题
!SUBENTRY 1 org.eclipse.core.resources 4 1 2024-10-26 20:44:39.519
!MESSAGE 自动刷新本机代码 5 时发生了问题。

!ENTRY org.eclipse.core.resources 4 1 2024-10-26 20:44:40.523
!MESSAGE 刷新资源时发生了问题
!SUBENTRY 1 org.eclipse.core.resources 4 1 2024-10-26 20:44:40.523
!MESSAGE 自动刷新本机代码 5 时发生了问题。

!ENTRY org.eclipse.core.resources 4 1 2024-10-26 20:44:41.524
!MESSAGE 刷新资源时发生了问题
!SUBENTRY 1 org.eclipse.core.resources 4 1 2024-10-26 20:44:41.524
!MESSAGE 自动刷新本机代码 5 时发生了问题。

!ENTRY org.eclipse.core.resources 4 1 2024-10-26 20:44:42.530
!MESSAGE 刷新资源时发生了问题
!SUBENTRY 1 org.eclipse.core.resources 4 1 2024-10-26 20:44:42.530
!MESSAGE 自动刷新本机代码 5 时发生了问题。

!ENTRY org.eclipse.core.resources 4 1 2024-10-26 20:44:43.540
!MESSAGE 刷新资源时发生了问题
!SUBENTRY 1 org.eclipse.core.resources 4 1 2024-10-26 20:44:43.540
!MESSAGE 自动刷新本机代码 5 时发生了问题。

!ENTRY org.eclipse.core.resources 4 1 2024-10-26 20:44:44.601
!MESSAGE 刷新资源时发生了问题
!SUBENTRY 1 org.eclipse.core.resources 4 1 2024-10-26 20:44:44.601
!MESSAGE 自动刷新本机代码 5 时发生了问题。

!ENTRY org.eclipse.core.resources 4 1 2024-10-26 20:44:45.604
!MESSAGE 刷新资源时发生了问题
!SUBENTRY 1 org.eclipse.core.resources 4 1 2024-10-26 20:44:45.604
!MESSAGE 自动刷新本机代码 5 时发生了问题。

!ENTRY org.eclipse.core.resources 4 1 2024-10-26 20:44:46.613
!MESSAGE 刷新资源时发生了问题
!SUBENTRY 1 org.eclipse.core.resources 4 1 2024-10-26 20:44:46.613
!MESSAGE 自动刷新本机代码 5 时发生了问题。

!ENTRY org.eclipse.core.resources 4 1 2024-10-26 20:44:47.630
!MESSAGE 刷新资源时发生了问题
!SUBENTRY 1 org.eclipse.core.resources 4 1 2024-10-26 20:44:47.630
!MESSAGE 自动刷新本机代码 5 时发生了问题。

!ENTRY org.eclipse.core.resources 4 1 2024-10-26 20:44:48.635
!MESSAGE 刷新资源时发生了问题
!SUBENTRY 1 org.eclipse.core.resources 4 1 2024-10-26 20:44:48.635
!MESSAGE 自动刷新本机代码 5 时发生了问题。

!ENTRY org.eclipse.core.resources 4 1 2024-10-26 20:44:49.638
!MESSAGE 刷新资源时发生了问题
!SUBENTRY 1 org.eclipse.core.resources 4 1 2024-10-26 20:44:49.638
!MESSAGE 自动刷新本机代码 5 时发生了问题。

!ENTRY org.eclipse.core.resources 4 1 2024-10-26 20:44:50.642
!MESSAGE 刷新资源时发生了问题
!SUBENTRY 1 org.eclipse.core.resources 4 1 2024-10-26 20:44:50.642
!MESSAGE 自动刷新本机代码 5 时发生了问题。

!ENTRY org.eclipse.core.resources 4 1 2024-10-26 20:44:51.654
!MESSAGE 刷新资源时发生了问题
!SUBENTRY 1 org.eclipse.core.resources 4 1 2024-10-26 20:44:51.654
!MESSAGE 自动刷新本机代码 5 时发生了问题。

!ENTRY org.eclipse.core.resources 4 1 2024-10-26 20:44:52.655
!MESSAGE 刷新资源时发生了问题
!SUBENTRY 1 org.eclipse.core.resources 4 1 2024-10-26 20:44:52.655
!MESSAGE 自动刷新本机代码 5 时发生了问题。

!ENTRY org.eclipse.core.resources 4 1 2024-10-26 20:44:53.679
!MESSAGE 刷新资源时发生了问题
!SUBENTRY 1 org.eclipse.core.resources 4 1 2024-10-26 20:44:53.679
!MESSAGE 自动刷新本机代码 5 时发生了问题。

!ENTRY org.eclipse.core.resources 4 1 2024-10-26 20:44:54.688
!MESSAGE 刷新资源时发生了问题
!SUBENTRY 1 org.eclipse.core.resources 4 1 2024-10-26 20:44:54.688
!MESSAGE 自动刷新本机代码 5 时发生了问题。

!ENTRY org.eclipse.core.resources 4 1 2024-10-26 20:44:55.700
!MESSAGE 刷新资源时发生了问题
!SUBENTRY 1 org.eclipse.core.resources 4 1 2024-10-26 20:44:55.700
!MESSAGE 自动刷新本机代码 5 时发生了问题。

!ENTRY org.eclipse.core.resources 4 1 2024-10-26 20:44:56.712
!MESSAGE 刷新资源时发生了问题
!SUBENTRY 1 org.eclipse.core.resources 4 1 2024-10-26 20:44:56.716
!MESSAGE 自动刷新本机代码 5 时发生了问题。

!ENTRY org.eclipse.core.resources 4 1 2024-10-26 20:44:57.728
!MESSAGE 刷新资源时发生了问题
!SUBENTRY 1 org.eclipse.core.resources 4 1 2024-10-26 20:44:57.728
!MESSAGE 自动刷新本机代码 5 时发生了问题。

!ENTRY org.eclipse.core.resources 4 1 2024-10-26 20:44:58.743
!MESSAGE 刷新资源时发生了问题
!SUBENTRY 1 org.eclipse.core.resources 4 1 2024-10-26 20:44:58.743
!MESSAGE 自动刷新本机代码 5 时发生了问题。

!ENTRY org.eclipse.core.resources 4 1 2024-10-26 20:44:59.748
!MESSAGE 刷新资源时发生了问题
!SUBENTRY 1 org.eclipse.core.resources 4 1 2024-10-26 20:44:59.748
!MESSAGE 自动刷新本机代码 5 时发生了问题。

!ENTRY org.eclipse.core.resources 4 1 2024-10-26 20:45:00.750
!MESSAGE 刷新资源时发生了问题
!SUBENTRY 1 org.eclipse.core.resources 4 1 2024-10-26 20:45:00.750
!MESSAGE 自动刷新本机代码 5 时发生了问题。

!ENTRY org.eclipse.core.resources 4 1 2024-10-26 20:45:01.753
!MESSAGE 刷新资源时发生了问题
!SUBENTRY 1 org.eclipse.core.resources 4 1 2024-10-26 20:45:01.753
!MESSAGE 自动刷新本机代码 5 时发生了问题。

!ENTRY org.eclipse.core.resources 4 1 2024-10-26 20:45:02.768
!MESSAGE 刷新资源时发生了问题
!SUBENTRY 1 org.eclipse.core.resources 4 1 2024-10-26 20:45:02.768
!MESSAGE 自动刷新本机代码 5 时发生了问题。

!ENTRY org.eclipse.core.resources 4 1 2024-10-26 20:45:03.769
!MESSAGE 刷新资源时发生了问题
!SUBENTRY 1 org.eclipse.core.resources 4 1 2024-10-26 20:45:03.769
!MESSAGE 自动刷新本机代码 5 时发生了问题。

!ENTRY org.eclipse.core.resources 4 1 2024-10-26 20:45:04.771
!MESSAGE 刷新资源时发生了问题
!SUBENTRY 1 org.eclipse.core.resources 4 1 2024-10-26 20:45:04.771
!MESSAGE 自动刷新本机代码 5 时发生了问题。

!ENTRY org.eclipse.core.resources 4 1 2024-10-26 20:45:05.783
!MESSAGE 刷新资源时发生了问题
!SUBENTRY 1 org.eclipse.core.resources 4 1 2024-10-26 20:45:05.783
!MESSAGE 自动刷新本机代码 5 时发生了问题。

!ENTRY org.eclipse.core.resources 4 1 2024-10-26 20:45:06.796
!MESSAGE 刷新资源时发生了问题
!SUBENTRY 1 org.eclipse.core.resources 4 1 2024-10-26 20:45:06.796
!MESSAGE 自动刷新本机代码 5 时发生了问题。

!ENTRY org.eclipse.core.resources 4 1 2024-10-26 20:45:07.803
!MESSAGE 刷新资源时发生了问题
!SUBENTRY 1 org.eclipse.core.resources 4 1 2024-10-26 20:45:07.803
!MESSAGE 自动刷新本机代码 5 时发生了问题。

!ENTRY org.eclipse.core.resources 4 1 2024-10-26 20:45:08.806
!MESSAGE 刷新资源时发生了问题
!SUBENTRY 1 org.eclipse.core.resources 4 1 2024-10-26 20:45:08.806
!MESSAGE 自动刷新本机代码 5 时发生了问题。

!ENTRY org.eclipse.core.resources 4 1 2024-10-26 20:45:09.821
!MESSAGE 刷新资源时发生了问题
!SUBENTRY 1 org.eclipse.core.resources 4 1 2024-10-26 20:45:09.821
!MESSAGE 自动刷新本机代码 5 时发生了问题。

!ENTRY org.eclipse.core.resources 4 1 2024-10-26 20:45:10.883
!MESSAGE 刷新资源时发生了问题
!SUBENTRY 1 org.eclipse.core.resources 4 1 2024-10-26 20:45:10.883
!MESSAGE 自动刷新本机代码 5 时发生了问题。

!ENTRY org.eclipse.core.resources 4 1 2024-10-26 20:45:11.896
!MESSAGE 刷新资源时发生了问题
!SUBENTRY 1 org.eclipse.core.resources 4 1 2024-10-26 20:45:11.896
!MESSAGE 自动刷新本机代码 5 时发生了问题。

!ENTRY org.eclipse.core.resources 4 1 2024-10-26 20:45:12.897
!MESSAGE 刷新资源时发生了问题
!SUBENTRY 1 org.eclipse.core.resources 4 1 2024-10-26 20:45:12.897
!MESSAGE 自动刷新本机代码 5 时发生了问题。

!ENTRY org.eclipse.core.resources 4 1 2024-10-26 20:45:13.957
!MESSAGE 刷新资源时发生了问题
!SUBENTRY 1 org.eclipse.core.resources 4 1 2024-10-26 20:45:13.957
!MESSAGE 自动刷新本机代码 5 时发生了问题。

!ENTRY org.eclipse.core.resources 4 1 2024-10-26 20:45:14.960
!MESSAGE 刷新资源时发生了问题
!SUBENTRY 1 org.eclipse.core.resources 4 1 2024-10-26 20:45:14.960
!MESSAGE 自动刷新本机代码 5 时发生了问题。

!ENTRY org.eclipse.core.resources 4 1 2024-10-26 20:45:15.970
!MESSAGE 刷新资源时发生了问题
!SUBENTRY 1 org.eclipse.core.resources 4 1 2024-10-26 20:45:15.970
!MESSAGE 自动刷新本机代码 5 时发生了问题。

!ENTRY org.eclipse.ui 4 0 2024-10-26 20:45:16.631
!MESSAGE Unhandled event loop exception
!STACK 0
java.lang.StringIndexOutOfBoundsException: String index out of range: 5
	at java.lang.String.charAt(Unknown Source)
	at com.adobe.flexide.as.core.ActionScriptDoubleClickStrategy.doubleClicked(ActionScriptDoubleClickStrategy.java:80)
	at org.eclipse.jface.text.TextViewer$TextDoubleClickStrategyConnector.getPreviousOffset(TextViewer.java:247)
	at org.eclipse.swt.custom.StyledTextListener.handleEvent(StyledTextListener.java:90)
	at org.eclipse.swt.widgets.EventTable.sendEvent(EventTable.java:84)
	at org.eclipse.swt.widgets.Widget.sendEvent(Widget.java:1053)
	at org.eclipse.swt.widgets.Widget.sendEvent(Widget.java:1077)
	at org.eclipse.swt.widgets.Widget.sendEvent(Widget.java:1062)
	at org.eclipse.swt.widgets.Widget.notifyListeners(Widget.java:774)
	at org.eclipse.swt.custom.StyledText.sendWordBoundaryEvent(StyledText.java:8089)
	at org.eclipse.swt.custom.StyledText.getWordPrevious(StyledText.java:5368)
	at org.eclipse.swt.custom.StyledText.getWordPrevious(StyledText.java:5342)
	at org.eclipse.swt.custom.StyledText.handleMouseDown(StyledText.java:6012)
	at org.eclipse.swt.custom.StyledText$7.handleEvent(StyledText.java:5637)
	at org.eclipse.swt.widgets.EventTable.sendEvent(EventTable.java:84)
	at org.eclipse.swt.widgets.Widget.sendEvent(Widget.java:1053)
	at org.eclipse.swt.widgets.Display.runDeferredEvents(Display.java:4165)
	at org.eclipse.swt.widgets.Display.readAndDispatch(Display.java:3754)
	at org.eclipse.ui.internal.Workbench.runEventLoop(Workbench.java:2696)
	at org.eclipse.ui.internal.Workbench.runUI(Workbench.java:2660)
	at org.eclipse.ui.internal.Workbench.access$4(Workbench.java:2494)
	at org.eclipse.ui.internal.Workbench$7.run(Workbench.java:674)
	at org.eclipse.core.databinding.observable.Realm.runWithDefault(Realm.java:332)
	at org.eclipse.ui.internal.Workbench.createAndRunWorkbench(Workbench.java:667)
	at org.eclipse.ui.PlatformUI.createAndRunWorkbench(PlatformUI.java:149)
	at com.adobe.flexbuilder.standalone.FlashBuilderApplication.start(FlashBuilderApplication.java:79)
	at org.eclipse.equinox.internal.app.EclipseAppHandle.run(EclipseAppHandle.java:196)
	at org.eclipse.core.runtime.internal.adaptor.EclipseAppLauncher.runApplication(EclipseAppLauncher.java:110)
	at org.eclipse.core.runtime.internal.adaptor.EclipseAppLauncher.start(EclipseAppLauncher.java:79)
	at org.eclipse.core.runtime.adaptor.EclipseStarter.run(EclipseStarter.java:344)
	at org.eclipse.core.runtime.adaptor.EclipseStarter.run(EclipseStarter.java:179)
	at sun.reflect.NativeMethodAccessorImpl.invoke0(Native Method)
	at sun.reflect.NativeMethodAccessorImpl.invoke(Unknown Source)
	at sun.reflect.DelegatingMethodAccessorImpl.invoke(Unknown Source)
	at java.lang.reflect.Method.invoke(Unknown Source)
	at org.eclipse.equinox.launcher.Main.invokeFramework(Main.java:622)
	at org.eclipse.equinox.launcher.Main.basicRun(Main.java:577)
	at org.eclipse.equinox.launcher.Main.run(Main.java:1410)

!ENTRY org.eclipse.core.resources 4 1 2024-10-26 20:45:16.973
!MESSAGE 刷新资源时发生了问题
!SUBENTRY 1 org.eclipse.core.resources 4 1 2024-10-26 20:45:16.973
!MESSAGE 自动刷新本机代码 5 时发生了问题。

!ENTRY org.eclipse.core.resources 4 1 2024-10-26 20:45:17.984
!MESSAGE 刷新资源时发生了问题
!SUBENTRY 1 org.eclipse.core.resources 4 1 2024-10-26 20:45:17.984
!MESSAGE 自动刷新本机代码 5 时发生了问题。

!ENTRY org.eclipse.core.resources 4 1 2024-10-26 20:45:18.986
!MESSAGE 刷新资源时发生了问题
!SUBENTRY 1 org.eclipse.core.resources 4 1 2024-10-26 20:45:18.986
!MESSAGE 自动刷新本机代码 5 时发生了问题。

!ENTRY org.eclipse.core.resources 4 1 2024-10-26 20:45:20.002
!MESSAGE 刷新资源时发生了问题
!SUBENTRY 1 org.eclipse.core.resources 4 1 2024-10-26 20:45:20.002
!MESSAGE 自动刷新本机代码 5 时发生了问题。

!ENTRY org.eclipse.core.resources 4 1 2024-10-26 20:45:21.012
!MESSAGE 刷新资源时发生了问题
!SUBENTRY 1 org.eclipse.core.resources 4 1 2024-10-26 20:45:21.012
!MESSAGE 自动刷新本机代码 5 时发生了问题。

!ENTRY org.eclipse.core.resources 4 1 2024-10-26 20:45:22.024
!MESSAGE 刷新资源时发生了问题
!SUBENTRY 1 org.eclipse.core.resources 4 1 2024-10-26 20:45:22.024
!MESSAGE 自动刷新本机代码 5 时发生了问题。

!ENTRY org.eclipse.core.resources 4 1 2024-10-26 20:45:23.026
!MESSAGE 刷新资源时发生了问题
!SUBENTRY 1 org.eclipse.core.resources 4 1 2024-10-26 20:45:23.026
!MESSAGE 自动刷新本机代码 5 时发生了问题。

!ENTRY org.eclipse.core.resources 4 1 2024-10-26 20:45:24.028
!MESSAGE 刷新资源时发生了问题
!SUBENTRY 1 org.eclipse.core.resources 4 1 2024-10-26 20:45:24.028
!MESSAGE 自动刷新本机代码 5 时发生了问题。

!ENTRY org.eclipse.core.resources 4 1 2024-10-26 20:45:25.032
!MESSAGE 刷新资源时发生了问题
!SUBENTRY 1 org.eclipse.core.resources 4 1 2024-10-26 20:45:25.032
!MESSAGE 自动刷新本机代码 5 时发生了问题。

!ENTRY org.eclipse.core.resources 4 1 2024-10-26 20:45:26.046
!MESSAGE 刷新资源时发生了问题
!SUBENTRY 1 org.eclipse.core.resources 4 1 2024-10-26 20:45:26.046
!MESSAGE 自动刷新本机代码 5 时发生了问题。

!ENTRY org.eclipse.core.resources 4 1 2024-10-26 20:45:27.058
!MESSAGE 刷新资源时发生了问题
!SUBENTRY 1 org.eclipse.core.resources 4 1 2024-10-26 20:45:27.058
!MESSAGE 自动刷新本机代码 5 时发生了问题。

!ENTRY org.eclipse.core.resources 4 1 2024-10-26 20:45:28.072
!MESSAGE 刷新资源时发生了问题
!SUBENTRY 1 org.eclipse.core.resources 4 1 2024-10-26 20:45:28.072
!MESSAGE 自动刷新本机代码 5 时发生了问题。

!ENTRY org.eclipse.core.resources 4 1 2024-10-26 20:45:29.082
!MESSAGE 刷新资源时发生了问题
!SUBENTRY 1 org.eclipse.core.resources 4 1 2024-10-26 20:45:29.082
!MESSAGE 自动刷新本机代码 5 时发生了问题。

!ENTRY org.eclipse.core.resources 4 1 2024-10-26 20:45:30.096
!MESSAGE 刷新资源时发生了问题
!SUBENTRY 1 org.eclipse.core.resources 4 1 2024-10-26 20:45:30.096
!MESSAGE 自动刷新本机代码 5 时发生了问题。

!ENTRY org.eclipse.core.resources 4 1 2024-10-26 20:45:31.107
!MESSAGE 刷新资源时发生了问题
!SUBENTRY 1 org.eclipse.core.resources 4 1 2024-10-26 20:45:31.107
!MESSAGE 自动刷新本机代码 5 时发生了问题。

!ENTRY org.eclipse.core.resources 4 1 2024-10-26 20:45:32.120
!MESSAGE 刷新资源时发生了问题
!SUBENTRY 1 org.eclipse.core.resources 4 1 2024-10-26 20:45:32.120
!MESSAGE 自动刷新本机代码 5 时发生了问题。

!ENTRY org.eclipse.core.resources 4 1 2024-10-26 20:45:33.133
!MESSAGE 刷新资源时发生了问题
!SUBENTRY 1 org.eclipse.core.resources 4 1 2024-10-26 20:45:33.133
!MESSAGE 自动刷新本机代码 5 时发生了问题。

!ENTRY org.eclipse.core.resources 4 1 2024-10-26 20:45:34.148
!MESSAGE 刷新资源时发生了问题
!SUBENTRY 1 org.eclipse.core.resources 4 1 2024-10-26 20:45:34.148
!MESSAGE 自动刷新本机代码 5 时发生了问题。

!ENTRY org.eclipse.core.resources 4 1 2024-10-26 20:45:35.153
!MESSAGE 刷新资源时发生了问题
!SUBENTRY 1 org.eclipse.core.resources 4 1 2024-10-26 20:45:35.153
!MESSAGE 自动刷新本机代码 5 时发生了问题。

!ENTRY org.eclipse.core.resources 4 1 2024-10-26 20:45:36.167
!MESSAGE 刷新资源时发生了问题
!SUBENTRY 1 org.eclipse.core.resources 4 1 2024-10-26 20:45:36.167
!MESSAGE 自动刷新本机代码 5 时发生了问题。

!ENTRY org.eclipse.core.resources 4 1 2024-10-26 20:45:37.169
!MESSAGE 刷新资源时发生了问题
!SUBENTRY 1 org.eclipse.core.resources 4 1 2024-10-26 20:45:37.169
!MESSAGE 自动刷新本机代码 5 时发生了问题。

!ENTRY org.eclipse.core.resources 4 1 2024-10-26 20:45:38.171
!MESSAGE 刷新资源时发生了问题
!SUBENTRY 1 org.eclipse.core.resources 4 1 2024-10-26 20:45:38.171
!MESSAGE 自动刷新本机代码 5 时发生了问题。

!ENTRY org.eclipse.core.resources 4 1 2024-10-26 20:45:39.173
!MESSAGE 刷新资源时发生了问题
!SUBENTRY 1 org.eclipse.core.resources 4 1 2024-10-26 20:45:39.173
!MESSAGE 自动刷新本机代码 5 时发生了问题。

!ENTRY org.eclipse.core.resources 4 1 2024-10-26 20:45:40.174
!MESSAGE 刷新资源时发生了问题
!SUBENTRY 1 org.eclipse.core.resources 4 1 2024-10-26 20:45:40.174
!MESSAGE 自动刷新本机代码 5 时发生了问题。

!ENTRY org.eclipse.core.resources 4 1 2024-10-26 20:45:41.190
!MESSAGE 刷新资源时发生了问题
!SUBENTRY 1 org.eclipse.core.resources 4 1 2024-10-26 20:45:41.190
!MESSAGE 自动刷新本机代码 5 时发生了问题。

!ENTRY org.eclipse.core.resources 4 1 2024-10-26 20:45:42.204
!MESSAGE 刷新资源时发生了问题
!SUBENTRY 1 org.eclipse.core.resources 4 1 2024-10-26 20:45:42.204
!MESSAGE 自动刷新本机代码 5 时发生了问题。

!ENTRY org.eclipse.core.resources 4 1 2024-10-26 20:45:43.215
!MESSAGE 刷新资源时发生了问题
!SUBENTRY 1 org.eclipse.core.resources 4 1 2024-10-26 20:45:43.215
!MESSAGE 自动刷新本机代码 5 时发生了问题。

!ENTRY org.eclipse.core.resources 4 1 2024-10-26 20:45:44.220
!MESSAGE 刷新资源时发生了问题
!SUBENTRY 1 org.eclipse.core.resources 4 1 2024-10-26 20:45:44.220
!MESSAGE 自动刷新本机代码 5 时发生了问题。

!ENTRY org.eclipse.core.resources 4 1 2024-10-26 20:45:45.226
!MESSAGE 刷新资源时发生了问题
!SUBENTRY 1 org.eclipse.core.resources 4 1 2024-10-26 20:45:45.226
!MESSAGE 自动刷新本机代码 5 时发生了问题。

!ENTRY org.eclipse.core.resources 4 1 2024-10-26 20:45:46.238
!MESSAGE 刷新资源时发生了问题
!SUBENTRY 1 org.eclipse.core.resources 4 1 2024-10-26 20:45:46.238
!MESSAGE 自动刷新本机代码 5 时发生了问题。

!ENTRY org.eclipse.core.resources 4 1 2024-10-26 20:45:47.243
!MESSAGE 刷新资源时发生了问题
!SUBENTRY 1 org.eclipse.core.resources 4 1 2024-10-26 20:45:47.243
!MESSAGE 自动刷新本机代码 5 时发生了问题。

!ENTRY org.eclipse.core.resources 4 1 2024-10-26 20:45:48.257
!MESSAGE 刷新资源时发生了问题
!SUBENTRY 1 org.eclipse.core.resources 4 1 2024-10-26 20:45:48.257
!MESSAGE 自动刷新本机代码 5 时发生了问题。

!ENTRY org.eclipse.core.resources 4 1 2024-10-26 20:45:49.258
!MESSAGE 刷新资源时发生了问题
!SUBENTRY 1 org.eclipse.core.resources 4 1 2024-10-26 20:45:49.258
!MESSAGE 自动刷新本机代码 5 时发生了问题。

!ENTRY org.eclipse.core.resources 4 1 2024-10-26 20:45:50.272
!MESSAGE 刷新资源时发生了问题
!SUBENTRY 1 org.eclipse.core.resources 4 1 2024-10-26 20:45:50.272
!MESSAGE 自动刷新本机代码 5 时发生了问题。

!ENTRY org.eclipse.core.resources 4 1 2024-10-26 20:45:51.287
!MESSAGE 刷新资源时发生了问题
!SUBENTRY 1 org.eclipse.core.resources 4 1 2024-10-26 20:45:51.287
!MESSAGE 自动刷新本机代码 5 时发生了问题。

!ENTRY org.eclipse.core.resources 4 1 2024-10-26 20:45:52.311
!MESSAGE 刷新资源时发生了问题
!SUBENTRY 1 org.eclipse.core.resources 4 1 2024-10-26 20:45:52.311
!MESSAGE 自动刷新本机代码 5 时发生了问题。

!ENTRY org.eclipse.core.resources 4 1 2024-10-26 20:45:53.316
!MESSAGE 刷新资源时发生了问题
!SUBENTRY 1 org.eclipse.core.resources 4 1 2024-10-26 20:45:53.316
!MESSAGE 自动刷新本机代码 5 时发生了问题。

!ENTRY org.eclipse.core.resources 4 1 2024-10-26 20:45:54.325
!MESSAGE 刷新资源时发生了问题
!SUBENTRY 1 org.eclipse.core.resources 4 1 2024-10-26 20:45:54.325
!MESSAGE 自动刷新本机代码 5 时发生了问题。

!ENTRY org.eclipse.core.resources 4 1 2024-10-26 20:45:55.330
!MESSAGE 刷新资源时发生了问题
!SUBENTRY 1 org.eclipse.core.resources 4 1 2024-10-26 20:45:55.330
!MESSAGE 自动刷新本机代码 5 时发生了问题。

!ENTRY org.eclipse.core.resources 4 1 2024-10-26 20:45:56.331
!MESSAGE 刷新资源时发生了问题
!SUBENTRY 1 org.eclipse.core.resources 4 1 2024-10-26 20:45:56.331
!MESSAGE 自动刷新本机代码 5 时发生了问题。

!ENTRY org.eclipse.core.resources 4 1 2024-10-26 20:45:57.344
!MESSAGE 刷新资源时发生了问题
!SUBENTRY 1 org.eclipse.core.resources 4 1 2024-10-26 20:45:57.344
!MESSAGE 自动刷新本机代码 5 时发生了问题。

!ENTRY org.eclipse.core.resources 4 1 2024-10-26 20:45:58.359
!MESSAGE 刷新资源时发生了问题
!SUBENTRY 1 org.eclipse.core.resources 4 1 2024-10-26 20:45:58.359
!MESSAGE 自动刷新本机代码 5 时发生了问题。

!ENTRY org.eclipse.core.resources 4 1 2024-10-26 20:45:59.372
!MESSAGE 刷新资源时发生了问题
!SUBENTRY 1 org.eclipse.core.resources 4 1 2024-10-26 20:45:59.372
!MESSAGE 自动刷新本机代码 5 时发生了问题。

!ENTRY org.eclipse.core.resources 4 1 2024-10-26 20:46:00.386
!MESSAGE 刷新资源时发生了问题
!SUBENTRY 1 org.eclipse.core.resources 4 1 2024-10-26 20:46:00.386
!MESSAGE 自动刷新本机代码 5 时发生了问题。

!ENTRY org.eclipse.core.resources 4 1 2024-10-26 20:46:01.397
!MESSAGE 刷新资源时发生了问题
!SUBENTRY 1 org.eclipse.core.resources 4 1 2024-10-26 20:46:01.397
!MESSAGE 自动刷新本机代码 5 时发生了问题。

!ENTRY org.eclipse.core.resources 4 1 2024-10-26 20:46:02.405
!MESSAGE 刷新资源时发生了问题
!SUBENTRY 1 org.eclipse.core.resources 4 1 2024-10-26 20:46:02.405
!MESSAGE 自动刷新本机代码 5 时发生了问题。

!ENTRY org.eclipse.core.resources 4 1 2024-10-26 20:46:03.409
!MESSAGE 刷新资源时发生了问题
!SUBENTRY 1 org.eclipse.core.resources 4 1 2024-10-26 20:46:03.409
!MESSAGE 自动刷新本机代码 5 时发生了问题。

!ENTRY org.eclipse.core.resources 4 1 2024-10-26 20:46:04.413
!MESSAGE 刷新资源时发生了问题
!SUBENTRY 1 org.eclipse.core.resources 4 1 2024-10-26 20:46:04.413
!MESSAGE 自动刷新本机代码 5 时发生了问题。

!ENTRY org.eclipse.core.resources 4 1 2024-10-26 20:46:05.416
!MESSAGE 刷新资源时发生了问题
!SUBENTRY 1 org.eclipse.core.resources 4 1 2024-10-26 20:46:05.416
!MESSAGE 自动刷新本机代码 5 时发生了问题。

!ENTRY org.eclipse.core.resources 4 1 2024-10-26 20:46:06.430
!MESSAGE 刷新资源时发生了问题
!SUBENTRY 1 org.eclipse.core.resources 4 1 2024-10-26 20:46:06.430
!MESSAGE 自动刷新本机代码 5 时发生了问题。

!ENTRY org.eclipse.core.resources 4 1 2024-10-26 20:46:07.492
!MESSAGE 刷新资源时发生了问题
!SUBENTRY 1 org.eclipse.core.resources 4 1 2024-10-26 20:46:07.492
!MESSAGE 自动刷新本机代码 5 时发生了问题。

!ENTRY org.eclipse.core.resources 4 1 2024-10-26 20:46:08.501
!MESSAGE 刷新资源时发生了问题
!SUBENTRY 1 org.eclipse.core.resources 4 1 2024-10-26 20:46:08.501
!MESSAGE 自动刷新本机代码 5 时发生了问题。

!ENTRY org.eclipse.core.resources 4 1 2024-10-26 20:46:09.502
!MESSAGE 刷新资源时发生了问题
!SUBENTRY 1 org.eclipse.core.resources 4 1 2024-10-26 20:46:09.502
!MESSAGE 自动刷新本机代码 5 时发生了问题。

!ENTRY org.eclipse.core.resources 4 1 2024-10-26 20:46:10.507
!MESSAGE 刷新资源时发生了问题
!SUBENTRY 1 org.eclipse.core.resources 4 1 2024-10-26 20:46:10.507
!MESSAGE 自动刷新本机代码 5 时发生了问题。

!ENTRY org.eclipse.core.resources 4 1 2024-10-26 20:46:11.511
!MESSAGE 刷新资源时发生了问题
!SUBENTRY 1 org.eclipse.core.resources 4 1 2024-10-26 20:46:11.511
!MESSAGE 自动刷新本机代码 5 时发生了问题。

!ENTRY org.eclipse.core.resources 4 1 2024-10-26 20:46:12.514
!MESSAGE 刷新资源时发生了问题
!SUBENTRY 1 org.eclipse.core.resources 4 1 2024-10-26 20:46:12.514
!MESSAGE 自动刷新本机代码 5 时发生了问题。

!ENTRY org.eclipse.core.resources 4 1 2024-10-26 20:46:13.516
!MESSAGE 刷新资源时发生了问题
!SUBENTRY 1 org.eclipse.core.resources 4 1 2024-10-26 20:46:13.516
!MESSAGE 自动刷新本机代码 5 时发生了问题。

!ENTRY org.eclipse.core.resources 4 1 2024-10-26 20:46:14.530
!MESSAGE 刷新资源时发生了问题
!SUBENTRY 1 org.eclipse.core.resources 4 1 2024-10-26 20:46:14.530
!MESSAGE 自动刷新本机代码 5 时发生了问题。

!ENTRY org.eclipse.core.resources 4 1 2024-10-26 20:46:15.544
!MESSAGE 刷新资源时发生了问题
!SUBENTRY 1 org.eclipse.core.resources 4 1 2024-10-26 20:46:15.544
!MESSAGE 自动刷新本机代码 5 时发生了问题。

!ENTRY org.eclipse.core.resources 4 1 2024-10-26 20:46:16.550
!MESSAGE 刷新资源时发生了问题
!SUBENTRY 1 org.eclipse.core.resources 4 1 2024-10-26 20:46:16.550
!MESSAGE 自动刷新本机代码 5 时发生了问题。

!ENTRY org.eclipse.core.resources 4 1 2024-10-26 20:46:17.612
!MESSAGE 刷新资源时发生了问题
!SUBENTRY 1 org.eclipse.core.resources 4 1 2024-10-26 20:46:17.612
!MESSAGE 自动刷新本机代码 5 时发生了问题。

!ENTRY org.eclipse.core.resources 4 1 2024-10-26 20:46:18.621
!MESSAGE 刷新资源时发生了问题
!SUBENTRY 1 org.eclipse.core.resources 4 1 2024-10-26 20:46:18.621
!MESSAGE 自动刷新本机代码 5 时发生了问题。

!ENTRY org.eclipse.core.resources 4 1 2024-10-26 20:46:19.636
!MESSAGE 刷新资源时发生了问题
!SUBENTRY 1 org.eclipse.core.resources 4 1 2024-10-26 20:46:19.636
!MESSAGE 自动刷新本机代码 5 时发生了问题。

!ENTRY org.eclipse.core.resources 4 1 2024-10-26 20:46:20.646
!MESSAGE 刷新资源时发生了问题
!SUBENTRY 1 org.eclipse.core.resources 4 1 2024-10-26 20:46:20.646
!MESSAGE 自动刷新本机代码 5 时发生了问题。

!ENTRY org.eclipse.core.resources 4 1 2024-10-26 20:46:21.649
!MESSAGE 刷新资源时发生了问题
!SUBENTRY 1 org.eclipse.core.resources 4 1 2024-10-26 20:46:21.649
!MESSAGE 自动刷新本机代码 5 时发生了问题。

!ENTRY org.eclipse.core.resources 4 1 2024-10-26 20:46:22.664
!MESSAGE 刷新资源时发生了问题
!SUBENTRY 1 org.eclipse.core.resources 4 1 2024-10-26 20:46:22.664
!MESSAGE 自动刷新本机代码 5 时发生了问题。

!ENTRY org.eclipse.core.resources 4 1 2024-10-26 20:46:23.677
!MESSAGE 刷新资源时发生了问题
!SUBENTRY 1 org.eclipse.core.resources 4 1 2024-10-26 20:46:23.677
!MESSAGE 自动刷新本机代码 5 时发生了问题。

!ENTRY org.eclipse.core.resources 4 1 2024-10-26 20:46:24.690
!MESSAGE 刷新资源时发生了问题
!SUBENTRY 1 org.eclipse.core.resources 4 1 2024-10-26 20:46:24.690
!MESSAGE 自动刷新本机代码 5 时发生了问题。

!ENTRY org.eclipse.core.resources 4 1 2024-10-26 20:46:25.697
!MESSAGE 刷新资源时发生了问题
!SUBENTRY 1 org.eclipse.core.resources 4 1 2024-10-26 20:46:25.697
!MESSAGE 自动刷新本机代码 5 时发生了问题。

!ENTRY org.eclipse.core.resources 4 1 2024-10-26 20:46:26.702
!MESSAGE 刷新资源时发生了问题
!SUBENTRY 1 org.eclipse.core.resources 4 1 2024-10-26 20:46:26.702
!MESSAGE 自动刷新本机代码 5 时发生了问题。

!ENTRY org.eclipse.core.resources 4 1 2024-10-26 20:46:27.703
!MESSAGE 刷新资源时发生了问题
!SUBENTRY 1 org.eclipse.core.resources 4 1 2024-10-26 20:46:27.703
!MESSAGE 自动刷新本机代码 5 时发生了问题。

!ENTRY org.eclipse.core.resources 4 1 2024-10-26 20:46:28.715
!MESSAGE 刷新资源时发生了问题
!SUBENTRY 1 org.eclipse.core.resources 4 1 2024-10-26 20:46:28.715
!MESSAGE 自动刷新本机代码 5 时发生了问题。

!ENTRY org.eclipse.core.resources 4 1 2024-10-26 20:46:29.718
!MESSAGE 刷新资源时发生了问题
!SUBENTRY 1 org.eclipse.core.resources 4 1 2024-10-26 20:46:29.718
!MESSAGE 自动刷新本机代码 5 时发生了问题。

!ENTRY org.eclipse.core.resources 4 1 2024-10-26 20:46:30.731
!MESSAGE 刷新资源时发生了问题
!SUBENTRY 1 org.eclipse.core.resources 4 1 2024-10-26 20:46:30.731
!MESSAGE 自动刷新本机代码 5 时发生了问题。

!ENTRY org.eclipse.core.resources 4 1 2024-10-26 20:46:31.743
!MESSAGE 刷新资源时发生了问题
!SUBENTRY 1 org.eclipse.core.resources 4 1 2024-10-26 20:46:31.743
!MESSAGE 自动刷新本机代码 5 时发生了问题。

!ENTRY org.eclipse.core.resources 4 1 2024-10-26 20:46:32.745
!MESSAGE 刷新资源时发生了问题
!SUBENTRY 1 org.eclipse.core.resources 4 1 2024-10-26 20:46:32.745
!MESSAGE 自动刷新本机代码 5 时发生了问题。

!ENTRY org.eclipse.core.resources 4 1 2024-10-26 20:46:33.760
!MESSAGE 刷新资源时发生了问题
!SUBENTRY 1 org.eclipse.core.resources 4 1 2024-10-26 20:46:33.760
!MESSAGE 自动刷新本机代码 5 时发生了问题。

!ENTRY org.eclipse.core.resources 4 1 2024-10-26 20:46:34.761
!MESSAGE 刷新资源时发生了问题
!SUBENTRY 1 org.eclipse.core.resources 4 1 2024-10-26 20:46:34.761
!MESSAGE 自动刷新本机代码 5 时发生了问题。

!ENTRY org.eclipse.core.resources 4 1 2024-10-26 20:46:35.773
!MESSAGE 刷新资源时发生了问题
!SUBENTRY 1 org.eclipse.core.resources 4 1 2024-10-26 20:46:35.773
!MESSAGE 自动刷新本机代码 5 时发生了问题。

!ENTRY org.eclipse.core.resources 4 1 2024-10-26 20:46:36.788
!MESSAGE 刷新资源时发生了问题
!SUBENTRY 1 org.eclipse.core.resources 4 1 2024-10-26 20:46:36.788
!MESSAGE 自动刷新本机代码 5 时发生了问题。

!ENTRY org.eclipse.core.resources 4 1 2024-10-26 20:46:37.791
!MESSAGE 刷新资源时发生了问题
!SUBENTRY 1 org.eclipse.core.resources 4 1 2024-10-26 20:46:37.791
!MESSAGE 自动刷新本机代码 5 时发生了问题。

!ENTRY org.eclipse.core.resources 4 1 2024-10-26 20:46:38.804
!MESSAGE 刷新资源时发生了问题
!SUBENTRY 1 org.eclipse.core.resources 4 1 2024-10-26 20:46:38.804
!MESSAGE 自动刷新本机代码 5 时发生了问题。

!ENTRY org.eclipse.core.resources 4 1 2024-10-26 20:46:39.865
!MESSAGE 刷新资源时发生了问题
!SUBENTRY 1 org.eclipse.core.resources 4 1 2024-10-26 20:46:39.865
!MESSAGE 自动刷新本机代码 5 时发生了问题。

!ENTRY org.eclipse.core.resources 4 1 2024-10-26 20:46:40.868
!MESSAGE 刷新资源时发生了问题
!SUBENTRY 1 org.eclipse.core.resources 4 1 2024-10-26 20:46:40.868
!MESSAGE 自动刷新本机代码 5 时发生了问题。

!ENTRY org.eclipse.core.resources 4 1 2024-10-26 20:46:41.873
!MESSAGE 刷新资源时发生了问题
!SUBENTRY 1 org.eclipse.core.resources 4 1 2024-10-26 20:46:41.873
!MESSAGE 自动刷新本机代码 5 时发生了问题。

!ENTRY org.eclipse.core.resources 4 1 2024-10-26 20:46:42.885
!MESSAGE 刷新资源时发生了问题
!SUBENTRY 1 org.eclipse.core.resources 4 1 2024-10-26 20:46:42.885
!MESSAGE 自动刷新本机代码 5 时发生了问题。

!ENTRY org.eclipse.core.resources 4 1 2024-10-26 20:46:43.948
!MESSAGE 刷新资源时发生了问题
!SUBENTRY 1 org.eclipse.core.resources 4 1 2024-10-26 20:46:43.948
!MESSAGE 自动刷新本机代码 5 时发生了问题。

!ENTRY org.eclipse.core.resources 4 1 2024-10-26 20:46:44.963
!MESSAGE 刷新资源时发生了问题
!SUBENTRY 1 org.eclipse.core.resources 4 1 2024-10-26 20:46:44.963
!MESSAGE 自动刷新本机代码 5 时发生了问题。

!ENTRY org.eclipse.core.resources 4 1 2024-10-26 20:46:45.964
!MESSAGE 刷新资源时发生了问题
!SUBENTRY 1 org.eclipse.core.resources 4 1 2024-10-26 20:46:45.964
!MESSAGE 自动刷新本机代码 5 时发生了问题。

!ENTRY org.eclipse.core.resources 4 1 2024-10-26 20:46:46.967
!MESSAGE 刷新资源时发生了问题
!SUBENTRY 1 org.eclipse.core.resources 4 1 2024-10-26 20:46:46.967
!MESSAGE 自动刷新本机代码 5 时发生了问题。

!ENTRY org.eclipse.core.resources 4 1 2024-10-26 20:46:47.980
!MESSAGE 刷新资源时发生了问题
!SUBENTRY 1 org.eclipse.core.resources 4 1 2024-10-26 20:46:47.980
!MESSAGE 自动刷新本机代码 5 时发生了问题。

!ENTRY org.eclipse.core.resources 4 1 2024-10-26 20:46:48.995
!MESSAGE 刷新资源时发生了问题
!SUBENTRY 1 org.eclipse.core.resources 4 1 2024-10-26 20:46:48.995
!MESSAGE 自动刷新本机代码 5 时发生了问题。

!ENTRY org.eclipse.core.resources 4 1 2024-10-26 20:46:49.998
!MESSAGE 刷新资源时发生了问题
!SUBENTRY 1 org.eclipse.core.resources 4 1 2024-10-26 20:46:49.998
!MESSAGE 自动刷新本机代码 5 时发生了问题。

!ENTRY org.eclipse.core.resources 4 1 2024-10-26 20:46:51.009
!MESSAGE 刷新资源时发生了问题
!SUBENTRY 1 org.eclipse.core.resources 4 1 2024-10-26 20:46:51.009
!MESSAGE 自动刷新本机代码 5 时发生了问题。

!ENTRY org.eclipse.core.resources 4 1 2024-10-26 20:46:52.024
!MESSAGE 刷新资源时发生了问题
!SUBENTRY 1 org.eclipse.core.resources 4 1 2024-10-26 20:46:52.024
!MESSAGE 自动刷新本机代码 5 时发生了问题。

!ENTRY org.eclipse.core.resources 4 1 2024-10-26 20:46:53.037
!MESSAGE 刷新资源时发生了问题
!SUBENTRY 1 org.eclipse.core.resources 4 1 2024-10-26 20:46:53.037
!MESSAGE 自动刷新本机代码 5 时发生了问题。

!ENTRY org.eclipse.core.resources 4 1 2024-10-26 20:46:54.050
!MESSAGE 刷新资源时发生了问题
!SUBENTRY 1 org.eclipse.core.resources 4 1 2024-10-26 20:46:54.050
!MESSAGE 自动刷新本机代码 5 时发生了问题。

!ENTRY org.eclipse.core.resources 4 1 2024-10-26 20:46:55.051
!MESSAGE 刷新资源时发生了问题
!SUBENTRY 1 org.eclipse.core.resources 4 1 2024-10-26 20:46:55.051
!MESSAGE 自动刷新本机代码 5 时发生了问题。

!ENTRY org.eclipse.core.resources 4 1 2024-10-26 20:46:56.065
!MESSAGE 刷新资源时发生了问题
!SUBENTRY 1 org.eclipse.core.resources 4 1 2024-10-26 20:46:56.065
!MESSAGE 自动刷新本机代码 5 时发生了问题。

!ENTRY org.eclipse.core.resources 4 1 2024-10-26 20:46:57.067
!MESSAGE 刷新资源时发生了问题
!SUBENTRY 1 org.eclipse.core.resources 4 1 2024-10-26 20:46:57.067
!MESSAGE 自动刷新本机代码 5 时发生了问题。

!ENTRY org.eclipse.core.resources 4 1 2024-10-26 20:46:58.082
!MESSAGE 刷新资源时发生了问题
!SUBENTRY 1 org.eclipse.core.resources 4 1 2024-10-26 20:46:58.082
!MESSAGE 自动刷新本机代码 5 时发生了问题。

!ENTRY org.eclipse.core.resources 4 1 2024-10-26 20:46:59.086
!MESSAGE 刷新资源时发生了问题
!SUBENTRY 1 org.eclipse.core.resources 4 1 2024-10-26 20:46:59.086
!MESSAGE 自动刷新本机代码 5 时发生了问题。

!ENTRY org.eclipse.core.resources 4 1 2024-10-26 20:47:00.100
!MESSAGE 刷新资源时发生了问题
!SUBENTRY 1 org.eclipse.core.resources 4 1 2024-10-26 20:47:00.100
!MESSAGE 自动刷新本机代码 5 时发生了问题。

!ENTRY org.eclipse.core.resources 4 1 2024-10-26 20:47:01.113
!MESSAGE 刷新资源时发生了问题
!SUBENTRY 1 org.eclipse.core.resources 4 1 2024-10-26 20:47:01.113
!MESSAGE 自动刷新本机代码 5 时发生了问题。

!ENTRY org.eclipse.core.resources 4 1 2024-10-26 20:47:02.126
!MESSAGE 刷新资源时发生了问题
!SUBENTRY 1 org.eclipse.core.resources 4 1 2024-10-26 20:47:02.126
!MESSAGE 自动刷新本机代码 5 时发生了问题。

!ENTRY org.eclipse.core.resources 4 1 2024-10-26 20:47:03.129
!MESSAGE 刷新资源时发生了问题
!SUBENTRY 1 org.eclipse.core.resources 4 1 2024-10-26 20:47:03.129
!MESSAGE 自动刷新本机代码 5 时发生了问题。

!ENTRY org.eclipse.core.resources 4 1 2024-10-26 20:47:04.130
!MESSAGE 刷新资源时发生了问题
!SUBENTRY 1 org.eclipse.core.resources 4 1 2024-10-26 20:47:04.130
!MESSAGE 自动刷新本机代码 5 时发生了问题。

!ENTRY org.eclipse.core.resources 4 1 2024-10-26 20:47:05.143
!MESSAGE 刷新资源时发生了问题
!SUBENTRY 1 org.eclipse.core.resources 4 1 2024-10-26 20:47:05.143
!MESSAGE 自动刷新本机代码 5 时发生了问题。

!ENTRY org.eclipse.core.resources 4 1 2024-10-26 20:47:06.154
!MESSAGE 刷新资源时发生了问题
!SUBENTRY 1 org.eclipse.core.resources 4 1 2024-10-26 20:47:06.154
!MESSAGE 自动刷新本机代码 5 时发生了问题。

!ENTRY org.eclipse.core.resources 4 1 2024-10-26 20:47:07.216
!MESSAGE 刷新资源时发生了问题
!SUBENTRY 1 org.eclipse.core.resources 4 1 2024-10-26 20:47:07.216
!MESSAGE 自动刷新本机代码 5 时发生了问题。

!ENTRY org.eclipse.core.resources 4 1 2024-10-26 20:47:08.228
!MESSAGE 刷新资源时发生了问题
!SUBENTRY 1 org.eclipse.core.resources 4 1 2024-10-26 20:47:08.228
!MESSAGE 自动刷新本机代码 5 时发生了问题。

!ENTRY org.eclipse.core.resources 4 1 2024-10-26 20:47:09.229
!MESSAGE 刷新资源时发生了问题
!SUBENTRY 1 org.eclipse.core.resources 4 1 2024-10-26 20:47:09.229
!MESSAGE 自动刷新本机代码 5 时发生了问题。

!ENTRY org.eclipse.core.resources 4 1 2024-10-26 20:47:10.243
!MESSAGE 刷新资源时发生了问题
!SUBENTRY 1 org.eclipse.core.resources 4 1 2024-10-26 20:47:10.243
!MESSAGE 自动刷新本机代码 5 时发生了问题。

!ENTRY org.eclipse.core.resources 4 1 2024-10-26 20:47:11.246
!MESSAGE 刷新资源时发生了问题
!SUBENTRY 1 org.eclipse.core.resources 4 1 2024-10-26 20:47:11.246
!MESSAGE 自动刷新本机代码 5 时发生了问题。

!ENTRY org.eclipse.core.resources 4 1 2024-10-26 20:47:12.250
!MESSAGE 刷新资源时发生了问题
!SUBENTRY 1 org.eclipse.core.resources 4 1 2024-10-26 20:47:12.250
!MESSAGE 自动刷新本机代码 5 时发生了问题。

!ENTRY org.eclipse.core.resources 4 1 2024-10-26 20:47:13.264
!MESSAGE 刷新资源时发生了问题
!SUBENTRY 1 org.eclipse.core.resources 4 1 2024-10-26 20:47:13.264
!MESSAGE 自动刷新本机代码 5 时发生了问题。

!ENTRY org.eclipse.core.resources 4 1 2024-10-26 20:47:14.268
!MESSAGE 刷新资源时发生了问题
!SUBENTRY 1 org.eclipse.core.resources 4 1 2024-10-26 20:47:14.268
!MESSAGE 自动刷新本机代码 5 时发生了问题。

!ENTRY org.eclipse.core.resources 4 1 2024-10-26 20:47:15.272
!MESSAGE 刷新资源时发生了问题
!SUBENTRY 1 org.eclipse.core.resources 4 1 2024-10-26 20:47:15.272
!MESSAGE 自动刷新本机代码 5 时发生了问题。

!ENTRY org.eclipse.core.resources 4 1 2024-10-26 20:47:16.278
!MESSAGE 刷新资源时发生了问题
!SUBENTRY 1 org.eclipse.core.resources 4 1 2024-10-26 20:47:16.278
!MESSAGE 自动刷新本机代码 5 时发生了问题。

!ENTRY org.eclipse.core.resources 4 1 2024-10-26 20:47:17.396
!MESSAGE 刷新资源时发生了问题
!SUBENTRY 1 org.eclipse.core.resources 4 1 2024-10-26 20:47:17.396
!MESSAGE 自动刷新本机代码 5 时发生了问题。

!ENTRY org.eclipse.core.resources 4 1 2024-10-26 20:47:18.402
!MESSAGE 刷新资源时发生了问题
!SUBENTRY 1 org.eclipse.core.resources 4 1 2024-10-26 20:47:18.402
!MESSAGE 自动刷新本机代码 5 时发生了问题。

!ENTRY org.eclipse.core.resources 4 1 2024-10-26 20:47:19.406
!MESSAGE 刷新资源时发生了问题
!SUBENTRY 1 org.eclipse.core.resources 4 1 2024-10-26 20:47:19.406
!MESSAGE 自动刷新本机代码 5 时发生了问题。

!ENTRY org.eclipse.core.resources 4 1 2024-10-26 20:47:20.407
!MESSAGE 刷新资源时发生了问题
!SUBENTRY 1 org.eclipse.core.resources 4 1 2024-10-26 20:47:20.407
!MESSAGE 自动刷新本机代码 5 时发生了问题。

!ENTRY org.eclipse.core.resources 4 1 2024-10-26 20:47:21.410
!MESSAGE 刷新资源时发生了问题
!SUBENTRY 1 org.eclipse.core.resources 4 1 2024-10-26 20:47:21.410
!MESSAGE 自动刷新本机代码 5 时发生了问题。

!ENTRY org.eclipse.core.resources 4 1 2024-10-26 20:47:22.421
!MESSAGE 刷新资源时发生了问题
!SUBENTRY 1 org.eclipse.core.resources 4 1 2024-10-26 20:47:22.421
!MESSAGE 自动刷新本机代码 5 时发生了问题。

!ENTRY org.eclipse.core.resources 4 1 2024-10-26 20:47:23.436
!MESSAGE 刷新资源时发生了问题
!SUBENTRY 1 org.eclipse.core.resources 4 1 2024-10-26 20:47:23.436
!MESSAGE 自动刷新本机代码 5 时发生了问题。

!ENTRY org.eclipse.core.resources 4 1 2024-10-26 20:47:24.446
!MESSAGE 刷新资源时发生了问题
!SUBENTRY 1 org.eclipse.core.resources 4 1 2024-10-26 20:47:24.446
!MESSAGE 自动刷新本机代码 5 时发生了问题。

!ENTRY org.eclipse.core.resources 4 1 2024-10-26 20:47:25.447
!MESSAGE 刷新资源时发生了问题
!SUBENTRY 1 org.eclipse.core.resources 4 1 2024-10-26 20:47:25.447
!MESSAGE 自动刷新本机代码 5 时发生了问题。

!ENTRY org.eclipse.core.resources 4 1 2024-10-26 20:47:26.461
!MESSAGE 刷新资源时发生了问题
!SUBENTRY 1 org.eclipse.core.resources 4 1 2024-10-26 20:47:26.461
!MESSAGE 自动刷新本机代码 5 时发生了问题。

!ENTRY org.eclipse.core.resources 4 1 2024-10-26 20:47:27.464
!MESSAGE 刷新资源时发生了问题
!SUBENTRY 1 org.eclipse.core.resources 4 1 2024-10-26 20:47:27.464
!MESSAGE 自动刷新本机代码 5 时发生了问题。

!ENTRY org.eclipse.core.resources 4 1 2024-10-26 20:47:28.478
!MESSAGE 刷新资源时发生了问题
!SUBENTRY 1 org.eclipse.core.resources 4 1 2024-10-26 20:47:28.478
!MESSAGE 自动刷新本机代码 5 时发生了问题。

!ENTRY org.eclipse.core.resources 4 1 2024-10-26 20:47:29.479
!MESSAGE 刷新资源时发生了问题
!SUBENTRY 1 org.eclipse.core.resources 4 1 2024-10-26 20:47:29.479
!MESSAGE 自动刷新本机代码 5 时发生了问题。

!ENTRY org.eclipse.core.resources 4 1 2024-10-26 20:47:30.480
!MESSAGE 刷新资源时发生了问题
!SUBENTRY 1 org.eclipse.core.resources 4 1 2024-10-26 20:47:30.480
!MESSAGE 自动刷新本机代码 5 时发生了问题。

!ENTRY org.eclipse.core.resources 4 1 2024-10-26 20:47:31.488
!MESSAGE 刷新资源时发生了问题
!SUBENTRY 1 org.eclipse.core.resources 4 1 2024-10-26 20:47:31.488
!MESSAGE 自动刷新本机代码 5 时发生了问题。

!ENTRY org.eclipse.core.resources 4 1 2024-10-26 20:47:32.495
!MESSAGE 刷新资源时发生了问题
!SUBENTRY 1 org.eclipse.core.resources 4 1 2024-10-26 20:47:32.495
!MESSAGE 自动刷新本机代码 5 时发生了问题。

!ENTRY org.eclipse.core.resources 4 1 2024-10-26 20:47:33.501
!MESSAGE 刷新资源时发生了问题
!SUBENTRY 1 org.eclipse.core.resources 4 1 2024-10-26 20:47:33.501
!MESSAGE 自动刷新本机代码 5 时发生了问题。

!ENTRY org.eclipse.core.resources 4 1 2024-10-26 20:47:34.504
!MESSAGE 刷新资源时发生了问题
!SUBENTRY 1 org.eclipse.core.resources 4 1 2024-10-26 20:47:34.504
!MESSAGE 自动刷新本机代码 5 时发生了问题。

!ENTRY org.eclipse.core.resources 4 1 2024-10-26 20:47:35.506
!MESSAGE 刷新资源时发生了问题
!SUBENTRY 1 org.eclipse.core.resources 4 1 2024-10-26 20:47:35.506
!MESSAGE 自动刷新本机代码 5 时发生了问题。

!ENTRY org.eclipse.core.resources 4 1 2024-10-26 20:47:36.512
!MESSAGE 刷新资源时发生了问题
!SUBENTRY 1 org.eclipse.core.resources 4 1 2024-10-26 20:47:36.512
!MESSAGE 自动刷新本机代码 5 时发生了问题。

!ENTRY org.eclipse.core.resources 4 1 2024-10-26 20:47:37.515
!MESSAGE 刷新资源时发生了问题
!SUBENTRY 1 org.eclipse.core.resources 4 1 2024-10-26 20:47:37.515
!MESSAGE 自动刷新本机代码 5 时发生了问题。

!ENTRY org.eclipse.core.resources 4 1 2024-10-26 20:47:38.517
!MESSAGE 刷新资源时发生了问题
!SUBENTRY 1 org.eclipse.core.resources 4 1 2024-10-26 20:47:38.517
!MESSAGE 自动刷新本机代码 5 时发生了问题。

!ENTRY org.eclipse.core.resources 4 1 2024-10-26 20:47:39.519
!MESSAGE 刷新资源时发生了问题
!SUBENTRY 1 org.eclipse.core.resources 4 1 2024-10-26 20:47:39.519
!MESSAGE 自动刷新本机代码 5 时发生了问题。

!ENTRY org.eclipse.core.resources 4 1 2024-10-26 20:47:40.530
!MESSAGE 刷新资源时发生了问题
!SUBENTRY 1 org.eclipse.core.resources 4 1 2024-10-26 20:47:40.530
!MESSAGE 自动刷新本机代码 5 时发生了问题。

!ENTRY org.eclipse.core.resources 4 1 2024-10-26 20:47:41.531
!MESSAGE 刷新资源时发生了问题
!SUBENTRY 1 org.eclipse.core.resources 4 1 2024-10-26 20:47:41.531
!MESSAGE 自动刷新本机代码 5 时发生了问题。

!ENTRY org.eclipse.core.resources 4 1 2024-10-26 20:47:42.536
!MESSAGE 刷新资源时发生了问题
!SUBENTRY 1 org.eclipse.core.resources 4 1 2024-10-26 20:47:42.536
!MESSAGE 自动刷新本机代码 5 时发生了问题。

!ENTRY org.eclipse.core.resources 4 1 2024-10-26 20:47:43.549
!MESSAGE 刷新资源时发生了问题
!SUBENTRY 1 org.eclipse.core.resources 4 1 2024-10-26 20:47:43.549
!MESSAGE 自动刷新本机代码 5 时发生了问题。

!ENTRY org.eclipse.core.resources 4 1 2024-10-26 20:47:44.562
!MESSAGE 刷新资源时发生了问题
!SUBENTRY 1 org.eclipse.core.resources 4 1 2024-10-26 20:47:44.562
!MESSAGE 自动刷新本机代码 5 时发生了问题。

!ENTRY org.eclipse.core.resources 4 1 2024-10-26 20:47:45.575
!MESSAGE 刷新资源时发生了问题
!SUBENTRY 1 org.eclipse.core.resources 4 1 2024-10-26 20:47:45.575
!MESSAGE 自动刷新本机代码 5 时发生了问题。

!ENTRY org.eclipse.core.resources 4 1 2024-10-26 20:47:46.578
!MESSAGE 刷新资源时发生了问题
!SUBENTRY 1 org.eclipse.core.resources 4 1 2024-10-26 20:47:46.578
!MESSAGE 自动刷新本机代码 5 时发生了问题。

!ENTRY org.eclipse.core.resources 4 1 2024-10-26 20:47:47.589
!MESSAGE 刷新资源时发生了问题
!SUBENTRY 1 org.eclipse.core.resources 4 1 2024-10-26 20:47:47.589
!MESSAGE 自动刷新本机代码 5 时发生了问题。

!ENTRY org.eclipse.core.resources 4 1 2024-10-26 20:47:48.601
!MESSAGE 刷新资源时发生了问题
!SUBENTRY 1 org.eclipse.core.resources 4 1 2024-10-26 20:47:48.601
!MESSAGE 自动刷新本机代码 5 时发生了问题。

!ENTRY org.eclipse.core.resources 4 1 2024-10-26 20:47:49.617
!MESSAGE 刷新资源时发生了问题
!SUBENTRY 1 org.eclipse.core.resources 4 1 2024-10-26 20:47:49.617
!MESSAGE 自动刷新本机代码 5 时发生了问题。

!ENTRY org.eclipse.core.resources 4 1 2024-10-26 20:47:50.629
!MESSAGE 刷新资源时发生了问题
!SUBENTRY 1 org.eclipse.core.resources 4 1 2024-10-26 20:47:50.629
!MESSAGE 自动刷新本机代码 5 时发生了问题。

!ENTRY org.eclipse.core.resources 4 1 2024-10-26 20:47:51.632
!MESSAGE 刷新资源时发生了问题
!SUBENTRY 1 org.eclipse.core.resources 4 1 2024-10-26 20:47:51.632
!MESSAGE 自动刷新本机代码 5 时发生了问题。

!ENTRY org.eclipse.core.resources 4 1 2024-10-26 20:47:52.634
!MESSAGE 刷新资源时发生了问题
!SUBENTRY 1 org.eclipse.core.resources 4 1 2024-10-26 20:47:52.634
!MESSAGE 自动刷新本机代码 5 时发生了问题。

!ENTRY org.eclipse.core.resources 4 1 2024-10-26 20:47:53.645
!MESSAGE 刷新资源时发生了问题
!SUBENTRY 1 org.eclipse.core.resources 4 1 2024-10-26 20:47:53.645
!MESSAGE 自动刷新本机代码 5 时发生了问题。

!ENTRY org.eclipse.core.resources 4 1 2024-10-26 20:47:54.660
!MESSAGE 刷新资源时发生了问题
!SUBENTRY 1 org.eclipse.core.resources 4 1 2024-10-26 20:47:54.660
!MESSAGE 自动刷新本机代码 5 时发生了问题。

!ENTRY org.eclipse.core.resources 4 1 2024-10-26 20:47:55.675
!MESSAGE 刷新资源时发生了问题
!SUBENTRY 1 org.eclipse.core.resources 4 1 2024-10-26 20:47:55.675
!MESSAGE 自动刷新本机代码 5 时发生了问题。

!ENTRY org.eclipse.core.resources 4 1 2024-10-26 20:47:56.690
!MESSAGE 刷新资源时发生了问题
!SUBENTRY 1 org.eclipse.core.resources 4 1 2024-10-26 20:47:56.690
!MESSAGE 自动刷新本机代码 5 时发生了问题。

!ENTRY org.eclipse.core.resources 4 1 2024-10-26 20:47:57.702
!MESSAGE 刷新资源时发生了问题
!SUBENTRY 1 org.eclipse.core.resources 4 1 2024-10-26 20:47:57.702
!MESSAGE 自动刷新本机代码 5 时发生了问题。

!ENTRY org.eclipse.core.resources 4 1 2024-10-26 20:47:58.716
!MESSAGE 刷新资源时发生了问题
!SUBENTRY 1 org.eclipse.core.resources 4 1 2024-10-26 20:47:58.716
!MESSAGE 自动刷新本机代码 5 时发生了问题。

!ENTRY org.eclipse.core.resources 4 1 2024-10-26 20:47:59.729
!MESSAGE 刷新资源时发生了问题
!SUBENTRY 1 org.eclipse.core.resources 4 1 2024-10-26 20:47:59.729
!MESSAGE 自动刷新本机代码 5 时发生了问题。

!ENTRY org.eclipse.core.resources 4 1 2024-10-26 20:48:00.733
!MESSAGE 刷新资源时发生了问题
!SUBENTRY 1 org.eclipse.core.resources 4 1 2024-10-26 20:48:00.733
!MESSAGE 自动刷新本机代码 5 时发生了问题。

!ENTRY org.eclipse.core.resources 4 1 2024-10-26 20:48:01.744
!MESSAGE 刷新资源时发生了问题
!SUBENTRY 1 org.eclipse.core.resources 4 1 2024-10-26 20:48:01.744
!MESSAGE 自动刷新本机代码 5 时发生了问题。

!ENTRY org.eclipse.core.resources 4 1 2024-10-26 20:48:02.756
!MESSAGE 刷新资源时发生了问题
!SUBENTRY 1 org.eclipse.core.resources 4 1 2024-10-26 20:48:02.756
!MESSAGE 自动刷新本机代码 5 时发生了问题。

!ENTRY org.eclipse.core.resources 4 1 2024-10-26 20:48:03.769
!MESSAGE 刷新资源时发生了问题
!SUBENTRY 1 org.eclipse.core.resources 4 1 2024-10-26 20:48:03.769
!MESSAGE 自动刷新本机代码 5 时发生了问题。

!ENTRY org.eclipse.core.resources 4 1 2024-10-26 20:48:04.783
!MESSAGE 刷新资源时发生了问题
!SUBENTRY 1 org.eclipse.core.resources 4 1 2024-10-26 20:48:04.783
!MESSAGE 自动刷新本机代码 5 时发生了问题。

!ENTRY org.eclipse.core.resources 4 1 2024-10-26 20:48:05.786
!MESSAGE 刷新资源时发生了问题
!SUBENTRY 1 org.eclipse.core.resources 4 1 2024-10-26 20:48:05.786
!MESSAGE 自动刷新本机代码 5 时发生了问题。
!SUBENTRY 1 org.eclipse.core.resources 4 1 2024-10-26 20:48:05.786
!MESSAGE 自动刷新本机代码 5 时发生了问题。

!ENTRY org.eclipse.core.resources 4 1 2024-10-26 20:48:06.788
!MESSAGE 刷新资源时发生了问题
!SUBENTRY 1 org.eclipse.core.resources 4 1 2024-10-26 20:48:06.788
!MESSAGE 自动刷新本机代码 5 时发生了问题。
!SUBENTRY 1 org.eclipse.core.resources 4 1 2024-10-26 20:48:06.788
!MESSAGE 自动刷新本机代码 5 时发生了问题。

!ENTRY org.eclipse.core.resources 4 1 2024-10-26 20:48:07.803
!MESSAGE 刷新资源时发生了问题
!SUBENTRY 1 org.eclipse.core.resources 4 1 2024-10-26 20:48:07.803
!MESSAGE 自动刷新本机代码 5 时发生了问题。
!SUBENTRY 1 org.eclipse.core.resources 4 1 2024-10-26 20:48:07.803
!MESSAGE 自动刷新本机代码 5 时发生了问题。

!ENTRY org.eclipse.core.resources 4 1 2024-10-26 20:48:08.816
!MESSAGE 刷新资源时发生了问题
!SUBENTRY 1 org.eclipse.core.resources 4 1 2024-10-26 20:48:08.816
!MESSAGE 自动刷新本机代码 5 时发生了问题。
!SUBENTRY 1 org.eclipse.core.resources 4 1 2024-10-26 20:48:08.816
!MESSAGE 自动刷新本机代码 5 时发生了问题。

!ENTRY org.eclipse.core.resources 4 1 2024-10-26 20:48:09.818
!MESSAGE 刷新资源时发生了问题
!SUBENTRY 1 org.eclipse.core.resources 4 1 2024-10-26 20:48:09.818
!MESSAGE 自动刷新本机代码 5 时发生了问题。
!SUBENTRY 1 org.eclipse.core.resources 4 1 2024-10-26 20:48:09.818
!MESSAGE 自动刷新本机代码 5 时发生了问题。

!ENTRY org.eclipse.core.resources 4 1 2024-10-26 20:48:10.880
!MESSAGE 刷新资源时发生了问题
!SUBENTRY 1 org.eclipse.core.resources 4 1 2024-10-26 20:48:10.880
!MESSAGE 自动刷新本机代码 5 时发生了问题。
!SUBENTRY 1 org.eclipse.core.resources 4 1 2024-10-26 20:48:10.880
!MESSAGE 自动刷新本机代码 5 时发生了问题。

!ENTRY org.eclipse.core.resources 4 1 2024-10-26 20:48:11.881
!MESSAGE 刷新资源时发生了问题
!SUBENTRY 1 org.eclipse.core.resources 4 1 2024-10-26 20:48:11.881
!MESSAGE 自动刷新本机代码 5 时发生了问题。
!SUBENTRY 1 org.eclipse.core.resources 4 1 2024-10-26 20:48:11.881
!MESSAGE 自动刷新本机代码 5 时发生了问题。

!ENTRY org.eclipse.core.resources 4 1 2024-10-26 20:48:12.884
!MESSAGE 刷新资源时发生了问题
!SUBENTRY 1 org.eclipse.core.resources 4 1 2024-10-26 20:48:12.884
!MESSAGE 自动刷新本机代码 5 时发生了问题。
!SUBENTRY 1 org.eclipse.core.resources 4 1 2024-10-26 20:48:12.884
!MESSAGE 自动刷新本机代码 5 时发生了问题。

!ENTRY org.eclipse.core.resources 4 1 2024-10-26 20:48:13.899
!MESSAGE 刷新资源时发生了问题
!SUBENTRY 1 org.eclipse.core.resources 4 1 2024-10-26 20:48:13.899
!MESSAGE 自动刷新本机代码 5 时发生了问题。
!SUBENTRY 1 org.eclipse.core.resources 4 1 2024-10-26 20:48:13.899
!MESSAGE 自动刷新本机代码 5 时发生了问题。

!ENTRY org.eclipse.core.resources 4 1 2024-10-26 20:48:14.905
!MESSAGE 刷新资源时发生了问题
!SUBENTRY 1 org.eclipse.core.resources 4 1 2024-10-26 20:48:14.905
!MESSAGE 自动刷新本机代码 5 时发生了问题。
!SUBENTRY 1 org.eclipse.core.resources 4 1 2024-10-26 20:48:14.905
!MESSAGE 自动刷新本机代码 5 时发生了问题。

!ENTRY org.eclipse.core.resources 4 1 2024-10-26 20:48:15.919
!MESSAGE 刷新资源时发生了问题
!SUBENTRY 1 org.eclipse.core.resources 4 1 2024-10-26 20:48:15.919
!MESSAGE 自动刷新本机代码 5 时发生了问题。
!SUBENTRY 1 org.eclipse.core.resources 4 1 2024-10-26 20:48:15.919
!MESSAGE 自动刷新本机代码 5 时发生了问题。

!ENTRY org.eclipse.core.resources 4 1 2024-10-26 20:48:16.980
!MESSAGE 刷新资源时发生了问题
!SUBENTRY 1 org.eclipse.core.resources 4 1 2024-10-26 20:48:16.980
!MESSAGE 自动刷新本机代码 5 时发生了问题。
!SUBENTRY 1 org.eclipse.core.resources 4 1 2024-10-26 20:48:16.980
!MESSAGE 自动刷新本机代码 5 时发生了问题。

!ENTRY org.eclipse.core.resources 4 1 2024-10-26 20:48:17.996
!MESSAGE 刷新资源时发生了问题
!SUBENTRY 1 org.eclipse.core.resources 4 1 2024-10-26 20:48:17.996
!MESSAGE 自动刷新本机代码 5 时发生了问题。
!SUBENTRY 1 org.eclipse.core.resources 4 1 2024-10-26 20:48:17.996
!MESSAGE 自动刷新本机代码 5 时发生了问题。

!ENTRY org.eclipse.core.resources 4 1 2024-10-26 20:48:19.006
!MESSAGE 刷新资源时发生了问题
!SUBENTRY 1 org.eclipse.core.resources 4 1 2024-10-26 20:48:19.006
!MESSAGE 自动刷新本机代码 5 时发生了问题。
!SUBENTRY 1 org.eclipse.core.resources 4 1 2024-10-26 20:48:19.006
!MESSAGE 自动刷新本机代码 5 时发生了问题。

!ENTRY org.eclipse.core.resources 4 1 2024-10-26 20:48:20.020
!MESSAGE 刷新资源时发生了问题
!SUBENTRY 1 org.eclipse.core.resources 4 1 2024-10-26 20:48:20.020
!MESSAGE 自动刷新本机代码 5 时发生了问题。
!SUBENTRY 1 org.eclipse.core.resources 4 1 2024-10-26 20:48:20.020
!MESSAGE 自动刷新本机代码 5 时发生了问题。

!ENTRY org.eclipse.core.resources 4 1 2024-10-26 20:48:21.036
!MESSAGE 刷新资源时发生了问题
!SUBENTRY 1 org.eclipse.core.resources 4 1 2024-10-26 20:48:21.036
!MESSAGE 自动刷新本机代码 5 时发生了问题。
!SUBENTRY 1 org.eclipse.core.resources 4 1 2024-10-26 20:48:21.036
!MESSAGE 自动刷新本机代码 5 时发生了问题。

!ENTRY org.eclipse.core.resources 4 1 2024-10-26 20:48:22.051
!MESSAGE 刷新资源时发生了问题
!SUBENTRY 1 org.eclipse.core.resources 4 1 2024-10-26 20:48:22.051
!MESSAGE 自动刷新本机代码 5 时发生了问题。
!SUBENTRY 1 org.eclipse.core.resources 4 1 2024-10-26 20:48:22.051
!MESSAGE 自动刷新本机代码 5 时发生了问题。

!ENTRY org.eclipse.core.resources 4 1 2024-10-26 20:48:23.052
!MESSAGE 刷新资源时发生了问题
!SUBENTRY 1 org.eclipse.core.resources 4 1 2024-10-26 20:48:23.052
!MESSAGE 自动刷新本机代码 5 时发生了问题。
!SUBENTRY 1 org.eclipse.core.resources 4 1 2024-10-26 20:48:23.052
!MESSAGE 自动刷新本机代码 5 时发生了问题。

!ENTRY org.eclipse.core.resources 4 1 2024-10-26 20:48:24.066
!MESSAGE 刷新资源时发生了问题
!SUBENTRY 1 org.eclipse.core.resources 4 1 2024-10-26 20:48:24.066
!MESSAGE 自动刷新本机代码 5 时发生了问题。
!SUBENTRY 1 org.eclipse.core.resources 4 1 2024-10-26 20:48:24.066
!MESSAGE 自动刷新本机代码 5 时发生了问题。

!ENTRY org.eclipse.core.resources 4 1 2024-10-26 20:48:25.070
!MESSAGE 刷新资源时发生了问题
!SUBENTRY 1 org.eclipse.core.resources 4 1 2024-10-26 20:48:25.070
!MESSAGE 自动刷新本机代码 5 时发生了问题。
!SUBENTRY 1 org.eclipse.core.resources 4 1 2024-10-26 20:48:25.070
!MESSAGE 自动刷新本机代码 5 时发生了问题。

!ENTRY org.eclipse.core.resources 4 1 2024-10-26 20:48:26.130
!MESSAGE 刷新资源时发生了问题
!SUBENTRY 1 org.eclipse.core.resources 4 1 2024-10-26 20:48:26.130
!MESSAGE 自动刷新本机代码 5 时发生了问题。
!SUBENTRY 1 org.eclipse.core.resources 4 1 2024-10-26 20:48:26.130
!MESSAGE 自动刷新本机代码 5 时发生了问题。

!ENTRY org.eclipse.core.resources 4 1 2024-10-26 20:48:27.132
!MESSAGE 刷新资源时发生了问题
!SUBENTRY 1 org.eclipse.core.resources 4 1 2024-10-26 20:48:27.132
!MESSAGE 自动刷新本机代码 5 时发生了问题。
!SUBENTRY 1 org.eclipse.core.resources 4 1 2024-10-26 20:48:27.132
!MESSAGE 自动刷新本机代码 5 时发生了问题。

!ENTRY org.eclipse.core.resources 4 1 2024-10-26 20:48:28.145
!MESSAGE 刷新资源时发生了问题
!SUBENTRY 1 org.eclipse.core.resources 4 1 2024-10-26 20:48:28.145
!MESSAGE 自动刷新本机代码 5 时发生了问题。
!SUBENTRY 1 org.eclipse.core.resources 4 1 2024-10-26 20:48:28.145
!MESSAGE 自动刷新本机代码 5 时发生了问题。

!ENTRY org.eclipse.core.resources 4 1 2024-10-26 20:48:29.146
!MESSAGE 刷新资源时发生了问题
!SUBENTRY 1 org.eclipse.core.resources 4 1 2024-10-26 20:48:29.146
!MESSAGE 自动刷新本机代码 5 时发生了问题。
!SUBENTRY 1 org.eclipse.core.resources 4 1 2024-10-26 20:48:29.146
!MESSAGE 自动刷新本机代码 5 时发生了问题。

!ENTRY org.eclipse.core.resources 4 1 2024-10-26 20:48:30.149
!MESSAGE 刷新资源时发生了问题
!SUBENTRY 1 org.eclipse.core.resources 4 1 2024-10-26 20:48:30.149
!MESSAGE 自动刷新本机代码 5 时发生了问题。
!SUBENTRY 1 org.eclipse.core.resources 4 1 2024-10-26 20:48:30.149
!MESSAGE 自动刷新本机代码 5 时发生了问题。

!ENTRY org.eclipse.core.resources 4 1 2024-10-26 20:48:31.160
!MESSAGE 刷新资源时发生了问题
!SUBENTRY 1 org.eclipse.core.resources 4 1 2024-10-26 20:48:31.160
!MESSAGE 自动刷新本机代码 5 时发生了问题。
!SUBENTRY 1 org.eclipse.core.resources 4 1 2024-10-26 20:48:31.160
!MESSAGE 自动刷新本机代码 5 时发生了问题。

!ENTRY org.eclipse.core.resources 4 1 2024-10-26 20:48:32.169
!MESSAGE 刷新资源时发生了问题
!SUBENTRY 1 org.eclipse.core.resources 4 1 2024-10-26 20:48:32.169
!MESSAGE 自动刷新本机代码 5 时发生了问题。
!SUBENTRY 1 org.eclipse.core.resources 4 1 2024-10-26 20:48:32.169
!MESSAGE 自动刷新本机代码 5 时发生了问题。

!ENTRY org.eclipse.core.resources 4 1 2024-10-26 20:48:33.183
!MESSAGE 刷新资源时发生了问题
!SUBENTRY 1 org.eclipse.core.resources 4 1 2024-10-26 20:48:33.183
!MESSAGE 自动刷新本机代码 5 时发生了问题。
!SUBENTRY 1 org.eclipse.core.resources 4 1 2024-10-26 20:48:33.183
!MESSAGE 自动刷新本机代码 5 时发生了问题。

!ENTRY org.eclipse.core.resources 4 1 2024-10-26 20:48:34.197
!MESSAGE 刷新资源时发生了问题
!SUBENTRY 1 org.eclipse.core.resources 4 1 2024-10-26 20:48:34.197
!MESSAGE 自动刷新本机代码 5 时发生了问题。
!SUBENTRY 1 org.eclipse.core.resources 4 1 2024-10-26 20:48:34.197
!MESSAGE 自动刷新本机代码 5 时发生了问题。

!ENTRY org.eclipse.core.resources 4 1 2024-10-26 20:48:35.199
!MESSAGE 刷新资源时发生了问题
!SUBENTRY 1 org.eclipse.core.resources 4 1 2024-10-26 20:48:35.199
!MESSAGE 自动刷新本机代码 5 时发生了问题。
!SUBENTRY 1 org.eclipse.core.resources 4 1 2024-10-26 20:48:35.199
!MESSAGE 自动刷新本机代码 5 时发生了问题。

!ENTRY org.eclipse.core.resources 4 1 2024-10-26 20:48:36.203
!MESSAGE 刷新资源时发生了问题
!SUBENTRY 1 org.eclipse.core.resources 4 1 2024-10-26 20:48:36.203
!MESSAGE 自动刷新本机代码 5 时发生了问题。
!SUBENTRY 1 org.eclipse.core.resources 4 1 2024-10-26 20:48:36.203
!MESSAGE 自动刷新本机代码 5 时发生了问题。

!ENTRY org.eclipse.core.resources 4 1 2024-10-26 20:48:37.204
!MESSAGE 刷新资源时发生了问题
!SUBENTRY 1 org.eclipse.core.resources 4 1 2024-10-26 20:48:37.204
!MESSAGE 自动刷新本机代码 5 时发生了问题。
!SUBENTRY 1 org.eclipse.core.resources 4 1 2024-10-26 20:48:37.204
!MESSAGE 自动刷新本机代码 5 时发生了问题。

!ENTRY org.eclipse.core.resources 4 1 2024-10-26 20:48:38.206
!MESSAGE 刷新资源时发生了问题
!SUBENTRY 1 org.eclipse.core.resources 4 1 2024-10-26 20:48:38.206
!MESSAGE 自动刷新本机代码 5 时发生了问题。
!SUBENTRY 1 org.eclipse.core.resources 4 1 2024-10-26 20:48:38.206
!MESSAGE 自动刷新本机代码 5 时发生了问题。

!ENTRY org.eclipse.core.resources 4 1 2024-10-26 20:48:39.207
!MESSAGE 刷新资源时发生了问题
!SUBENTRY 1 org.eclipse.core.resources 4 1 2024-10-26 20:48:39.207
!MESSAGE 自动刷新本机代码 5 时发生了问题。
!SUBENTRY 1 org.eclipse.core.resources 4 1 2024-10-26 20:48:39.207
!MESSAGE 自动刷新本机代码 5 时发生了问题。

!ENTRY org.eclipse.core.resources 4 1 2024-10-26 20:48:40.213
!MESSAGE 刷新资源时发生了问题
!SUBENTRY 1 org.eclipse.core.resources 4 1 2024-10-26 20:48:40.213
!MESSAGE 自动刷新本机代码 5 时发生了问题。
!SUBENTRY 1 org.eclipse.core.resources 4 1 2024-10-26 20:48:40.213
!MESSAGE 自动刷新本机代码 5 时发生了问题。

!ENTRY org.eclipse.core.resources 4 1 2024-10-26 20:48:41.228
!MESSAGE 刷新资源时发生了问题
!SUBENTRY 1 org.eclipse.core.resources 4 1 2024-10-26 20:48:41.228
!MESSAGE 自动刷新本机代码 5 时发生了问题。
!SUBENTRY 1 org.eclipse.core.resources 4 1 2024-10-26 20:48:41.228
!MESSAGE 自动刷新本机代码 5 时发生了问题。

!ENTRY org.eclipse.core.resources 4 1 2024-10-26 20:48:42.290
!MESSAGE 刷新资源时发生了问题
!SUBENTRY 1 org.eclipse.core.resources 4 1 2024-10-26 20:48:42.290
!MESSAGE 自动刷新本机代码 5 时发生了问题。
!SUBENTRY 1 org.eclipse.core.resources 4 1 2024-10-26 20:48:42.290
!MESSAGE 自动刷新本机代码 5 时发生了问题。

!ENTRY org.eclipse.core.resources 4 1 2024-10-26 20:48:43.351
!MESSAGE 刷新资源时发生了问题
!SUBENTRY 1 org.eclipse.core.resources 4 1 2024-10-26 20:48:43.351
!MESSAGE 自动刷新本机代码 5 时发生了问题。
!SUBENTRY 1 org.eclipse.core.resources 4 1 2024-10-26 20:48:43.351
!MESSAGE 自动刷新本机代码 5 时发生了问题。

!ENTRY org.eclipse.core.resources 4 1 2024-10-26 20:48:44.363
!MESSAGE 刷新资源时发生了问题
!SUBENTRY 1 org.eclipse.core.resources 4 1 2024-10-26 20:48:44.363
!MESSAGE 自动刷新本机代码 5 时发生了问题。
!SUBENTRY 1 org.eclipse.core.resources 4 1 2024-10-26 20:48:44.363
!MESSAGE 自动刷新本机代码 5 时发生了问题。

!ENTRY org.eclipse.core.resources 4 1 2024-10-26 20:48:45.377
!MESSAGE 刷新资源时发生了问题
!SUBENTRY 1 org.eclipse.core.resources 4 1 2024-10-26 20:48:45.377
!MESSAGE 自动刷新本机代码 5 时发生了问题。
!SUBENTRY 1 org.eclipse.core.resources 4 1 2024-10-26 20:48:45.377
!MESSAGE 自动刷新本机代码 5 时发生了问题。

!ENTRY org.eclipse.core.resources 4 1 2024-10-26 20:48:46.380
!MESSAGE 刷新资源时发生了问题
!SUBENTRY 1 org.eclipse.core.resources 4 1 2024-10-26 20:48:46.380
!MESSAGE 自动刷新本机代码 5 时发生了问题。
!SUBENTRY 1 org.eclipse.core.resources 4 1 2024-10-26 20:48:46.380
!MESSAGE 自动刷新本机代码 5 时发生了问题。

!ENTRY org.eclipse.core.resources 4 1 2024-10-26 20:48:47.394
!MESSAGE 刷新资源时发生了问题
!SUBENTRY 1 org.eclipse.core.resources 4 1 2024-10-26 20:48:47.394
!MESSAGE 自动刷新本机代码 5 时发生了问题。
!SUBENTRY 1 org.eclipse.core.resources 4 1 2024-10-26 20:48:47.394
!MESSAGE 自动刷新本机代码 5 时发生了问题。

!ENTRY org.eclipse.core.resources 4 1 2024-10-26 20:48:48.396
!MESSAGE 刷新资源时发生了问题
!SUBENTRY 1 org.eclipse.core.resources 4 1 2024-10-26 20:48:48.396
!MESSAGE 自动刷新本机代码 5 时发生了问题。
!SUBENTRY 1 org.eclipse.core.resources 4 1 2024-10-26 20:48:48.396
!MESSAGE 自动刷新本机代码 5 时发生了问题。

!ENTRY org.eclipse.core.resources 4 1 2024-10-26 20:48:49.397
!MESSAGE 刷新资源时发生了问题
!SUBENTRY 1 org.eclipse.core.resources 4 1 2024-10-26 20:48:49.397
!MESSAGE 自动刷新本机代码 5 时发生了问题。
!SUBENTRY 1 org.eclipse.core.resources 4 1 2024-10-26 20:48:49.397
!MESSAGE 自动刷新本机代码 5 时发生了问题。

!ENTRY org.eclipse.core.resources 4 1 2024-10-26 20:48:50.413
!MESSAGE 刷新资源时发生了问题
!SUBENTRY 1 org.eclipse.core.resources 4 1 2024-10-26 20:48:50.413
!MESSAGE 自动刷新本机代码 5 时发生了问题。
!SUBENTRY 1 org.eclipse.core.resources 4 1 2024-10-26 20:48:50.413
!MESSAGE 自动刷新本机代码 5 时发生了问题。

!ENTRY org.eclipse.core.resources 4 1 2024-10-26 20:48:51.424
!MESSAGE 刷新资源时发生了问题
!SUBENTRY 1 org.eclipse.core.resources 4 1 2024-10-26 20:48:51.424
!MESSAGE 自动刷新本机代码 5 时发生了问题。
!SUBENTRY 1 org.eclipse.core.resources 4 1 2024-10-26 20:48:51.424
!MESSAGE 自动刷新本机代码 5 时发生了问题。

!ENTRY org.eclipse.core.resources 4 1 2024-10-26 20:48:52.438
!MESSAGE 刷新资源时发生了问题
!SUBENTRY 1 org.eclipse.core.resources 4 1 2024-10-26 20:48:52.438
!MESSAGE 自动刷新本机代码 5 时发生了问题。
!SUBENTRY 1 org.eclipse.core.resources 4 1 2024-10-26 20:48:52.438
!MESSAGE 自动刷新本机代码 5 时发生了问题。

!ENTRY org.eclipse.core.resources 4 1 2024-10-26 20:48:53.439
!MESSAGE 刷新资源时发生了问题
!SUBENTRY 1 org.eclipse.core.resources 4 1 2024-10-26 20:48:53.439
!MESSAGE 自动刷新本机代码 5 时发生了问题。
!SUBENTRY 1 org.eclipse.core.resources 4 1 2024-10-26 20:48:53.439
!MESSAGE 自动刷新本机代码 5 时发生了问题。

!ENTRY org.eclipse.core.resources 4 1 2024-10-26 20:48:54.441
!MESSAGE 刷新资源时发生了问题
!SUBENTRY 1 org.eclipse.core.resources 4 1 2024-10-26 20:48:54.441
!MESSAGE 自动刷新本机代码 5 时发生了问题。
!SUBENTRY 1 org.eclipse.core.resources 4 1 2024-10-26 20:48:54.441
!MESSAGE 自动刷新本机代码 5 时发生了问题。

!ENTRY org.eclipse.core.resources 4 1 2024-10-26 20:48:55.451
!MESSAGE 刷新资源时发生了问题
!SUBENTRY 1 org.eclipse.core.resources 4 1 2024-10-26 20:48:55.451
!MESSAGE 自动刷新本机代码 5 时发生了问题。
!SUBENTRY 1 org.eclipse.core.resources 4 1 2024-10-26 20:48:55.451
!MESSAGE 自动刷新本机代码 5 时发生了问题。

!ENTRY org.eclipse.core.resources 4 1 2024-10-26 20:48:56.460
!MESSAGE 刷新资源时发生了问题
!SUBENTRY 1 org.eclipse.core.resources 4 1 2024-10-26 20:48:56.460
!MESSAGE 自动刷新本机代码 5 时发生了问题。
!SUBENTRY 1 org.eclipse.core.resources 4 1 2024-10-26 20:48:56.460
!MESSAGE 自动刷新本机代码 5 时发生了问题。

!ENTRY org.eclipse.core.resources 4 1 2024-10-26 20:48:57.469
!MESSAGE 刷新资源时发生了问题
!SUBENTRY 1 org.eclipse.core.resources 4 1 2024-10-26 20:48:57.469
!MESSAGE 自动刷新本机代码 5 时发生了问题。
!SUBENTRY 1 org.eclipse.core.resources 4 1 2024-10-26 20:48:57.469
!MESSAGE 自动刷新本机代码 5 时发生了问题。

!ENTRY org.eclipse.core.resources 4 1 2024-10-26 20:48:58.470
!MESSAGE 刷新资源时发生了问题
!SUBENTRY 1 org.eclipse.core.resources 4 1 2024-10-26 20:48:58.470
!MESSAGE 自动刷新本机代码 5 时发生了问题。
!SUBENTRY 1 org.eclipse.core.resources 4 1 2024-10-26 20:48:58.470
!MESSAGE 自动刷新本机代码 5 时发生了问题。

!ENTRY org.eclipse.core.resources 4 1 2024-10-26 20:48:59.482
!MESSAGE 刷新资源时发生了问题
!SUBENTRY 1 org.eclipse.core.resources 4 1 2024-10-26 20:48:59.482
!MESSAGE 自动刷新本机代码 5 时发生了问题。
!SUBENTRY 1 org.eclipse.core.resources 4 1 2024-10-26 20:48:59.482
!MESSAGE 自动刷新本机代码 5 时发生了问题。

!ENTRY org.eclipse.core.resources 4 1 2024-10-26 20:49:00.485
!MESSAGE 刷新资源时发生了问题
!SUBENTRY 1 org.eclipse.core.resources 4 1 2024-10-26 20:49:00.485
!MESSAGE 自动刷新本机代码 5 时发生了问题。
!SUBENTRY 1 org.eclipse.core.resources 4 1 2024-10-26 20:49:00.485
!MESSAGE 自动刷新本机代码 5 时发生了问题。

!ENTRY org.eclipse.core.resources 4 1 2024-10-26 20:49:01.488
!MESSAGE 刷新资源时发生了问题
!SUBENTRY 1 org.eclipse.core.resources 4 1 2024-10-26 20:49:01.488
!MESSAGE 自动刷新本机代码 5 时发生了问题。
!SUBENTRY 1 org.eclipse.core.resources 4 1 2024-10-26 20:49:01.488
!MESSAGE 自动刷新本机代码 5 时发生了问题。

!ENTRY org.eclipse.core.resources 4 1 2024-10-26 20:49:02.503
!MESSAGE 刷新资源时发生了问题
!SUBENTRY 1 org.eclipse.core.resources 4 1 2024-10-26 20:49:02.503
!MESSAGE 自动刷新本机代码 5 时发生了问题。
!SUBENTRY 1 org.eclipse.core.resources 4 1 2024-10-26 20:49:02.503
!MESSAGE 自动刷新本机代码 5 时发生了问题。

!ENTRY org.eclipse.core.resources 4 1 2024-10-26 20:49:03.515
!MESSAGE 刷新资源时发生了问题
!SUBENTRY 1 org.eclipse.core.resources 4 1 2024-10-26 20:49:03.515
!MESSAGE 自动刷新本机代码 5 时发生了问题。
!SUBENTRY 1 org.eclipse.core.resources 4 1 2024-10-26 20:49:03.515
!MESSAGE 自动刷新本机代码 5 时发生了问题。

!ENTRY org.eclipse.core.resources 4 1 2024-10-26 20:49:04.518
!MESSAGE 刷新资源时发生了问题
!SUBENTRY 1 org.eclipse.core.resources 4 1 2024-10-26 20:49:04.518
!MESSAGE 自动刷新本机代码 5 时发生了问题。
!SUBENTRY 1 org.eclipse.core.resources 4 1 2024-10-26 20:49:04.518
!MESSAGE 自动刷新本机代码 5 时发生了问题。

!ENTRY org.eclipse.core.resources 4 1 2024-10-26 20:49:05.519
!MESSAGE 刷新资源时发生了问题
!SUBENTRY 1 org.eclipse.core.resources 4 1 2024-10-26 20:49:05.519
!MESSAGE 自动刷新本机代码 5 时发生了问题。
!SUBENTRY 1 org.eclipse.core.resources 4 1 2024-10-26 20:49:05.519
!MESSAGE 自动刷新本机代码 5 时发生了问题。

!ENTRY org.eclipse.core.resources 4 1 2024-10-26 20:49:06.582
!MESSAGE 刷新资源时发生了问题
!SUBENTRY 1 org.eclipse.core.resources 4 1 2024-10-26 20:49:06.582
!MESSAGE 自动刷新本机代码 5 时发生了问题。
!SUBENTRY 1 org.eclipse.core.resources 4 1 2024-10-26 20:49:06.582
!MESSAGE 自动刷新本机代码 5 时发生了问题。

!ENTRY org.eclipse.core.resources 4 1 2024-10-26 20:49:07.588
!MESSAGE 刷新资源时发生了问题
!SUBENTRY 1 org.eclipse.core.resources 4 1 2024-10-26 20:49:07.588
!MESSAGE 自动刷新本机代码 5 时发生了问题。
!SUBENTRY 1 org.eclipse.core.resources 4 1 2024-10-26 20:49:07.588
!MESSAGE 自动刷新本机代码 5 时发生了问题。

!ENTRY org.eclipse.core.resources 4 1 2024-10-26 20:49:08.592
!MESSAGE 刷新资源时发生了问题
!SUBENTRY 1 org.eclipse.core.resources 4 1 2024-10-26 20:49:08.592
!MESSAGE 自动刷新本机代码 5 时发生了问题。
!SUBENTRY 1 org.eclipse.core.resources 4 1 2024-10-26 20:49:08.592
!MESSAGE 自动刷新本机代码 5 时发生了问题。

!ENTRY org.eclipse.core.resources 4 1 2024-10-26 20:49:09.593
!MESSAGE 刷新资源时发生了问题
!SUBENTRY 1 org.eclipse.core.resources 4 1 2024-10-26 20:49:09.593
!MESSAGE 自动刷新本机代码 5 时发生了问题。
!SUBENTRY 1 org.eclipse.core.resources 4 1 2024-10-26 20:49:09.593
!MESSAGE 自动刷新本机代码 5 时发生了问题。

!ENTRY org.eclipse.core.resources 4 1 2024-10-26 20:49:10.605
!MESSAGE 刷新资源时发生了问题
!SUBENTRY 1 org.eclipse.core.resources 4 1 2024-10-26 20:49:10.605
!MESSAGE 自动刷新本机代码 5 时发生了问题。
!SUBENTRY 1 org.eclipse.core.resources 4 1 2024-10-26 20:49:10.605
!MESSAGE 自动刷新本机代码 5 时发生了问题。

!ENTRY org.eclipse.core.resources 4 1 2024-10-26 20:49:11.608
!MESSAGE 刷新资源时发生了问题
!SUBENTRY 1 org.eclipse.core.resources 4 1 2024-10-26 20:49:11.608
!MESSAGE 自动刷新本机代码 5 时发生了问题。
!SUBENTRY 1 org.eclipse.core.resources 4 1 2024-10-26 20:49:11.608
!MESSAGE 自动刷新本机代码 5 时发生了问题。

!ENTRY org.eclipse.core.resources 4 1 2024-10-26 20:49:12.622
!MESSAGE 刷新资源时发生了问题
!SUBENTRY 1 org.eclipse.core.resources 4 1 2024-10-26 20:49:12.622
!MESSAGE 自动刷新本机代码 5 时发生了问题。
!SUBENTRY 1 org.eclipse.core.resources 4 1 2024-10-26 20:49:12.622
!MESSAGE 自动刷新本机代码 5 时发生了问题。

!ENTRY org.eclipse.core.resources 4 1 2024-10-26 20:49:13.684
!MESSAGE 刷新资源时发生了问题
!SUBENTRY 1 org.eclipse.core.resources 4 1 2024-10-26 20:49:13.684
!MESSAGE 自动刷新本机代码 5 时发生了问题。
!SUBENTRY 1 org.eclipse.core.resources 4 1 2024-10-26 20:49:13.684
!MESSAGE 自动刷新本机代码 5 时发生了问题。

!ENTRY org.eclipse.core.resources 4 1 2024-10-26 20:49:14.685
!MESSAGE 刷新资源时发生了问题
!SUBENTRY 1 org.eclipse.core.resources 4 1 2024-10-26 20:49:14.685
!MESSAGE 自动刷新本机代码 5 时发生了问题。
!SUBENTRY 1 org.eclipse.core.resources 4 1 2024-10-26 20:49:14.685
!MESSAGE 自动刷新本机代码 5 时发生了问题。

!ENTRY org.eclipse.core.resources 4 1 2024-10-26 20:49:15.694
!MESSAGE 刷新资源时发生了问题
!SUBENTRY 1 org.eclipse.core.resources 4 1 2024-10-26 20:49:15.694
!MESSAGE 自动刷新本机代码 5 时发生了问题。
!SUBENTRY 1 org.eclipse.core.resources 4 1 2024-10-26 20:49:15.694
!MESSAGE 自动刷新本机代码 5 时发生了问题。

!ENTRY org.eclipse.core.resources 4 1 2024-10-26 20:49:16.702
!MESSAGE 刷新资源时发生了问题
!SUBENTRY 1 org.eclipse.core.resources 4 1 2024-10-26 20:49:16.702
!MESSAGE 自动刷新本机代码 5 时发生了问题。
!SUBENTRY 1 org.eclipse.core.resources 4 1 2024-10-26 20:49:16.702
!MESSAGE 自动刷新本机代码 5 时发生了问题。

!ENTRY org.eclipse.core.resources 4 1 2024-10-26 20:49:17.707
!MESSAGE 刷新资源时发生了问题
!SUBENTRY 1 org.eclipse.core.resources 4 1 2024-10-26 20:49:17.707
!MESSAGE 自动刷新本机代码 5 时发生了问题。
!SUBENTRY 1 org.eclipse.core.resources 4 1 2024-10-26 20:49:17.707
!MESSAGE 自动刷新本机代码 5 时发生了问题。

!ENTRY org.eclipse.core.resources 4 1 2024-10-26 20:49:18.722
!MESSAGE 刷新资源时发生了问题
!SUBENTRY 1 org.eclipse.core.resources 4 1 2024-10-26 20:49:18.722
!MESSAGE 自动刷新本机代码 5 时发生了问题。
!SUBENTRY 1 org.eclipse.core.resources 4 1 2024-10-26 20:49:18.722
!MESSAGE 自动刷新本机代码 5 时发生了问题。

!ENTRY org.eclipse.core.resources 4 1 2024-10-26 20:49:19.735
!MESSAGE 刷新资源时发生了问题
!SUBENTRY 1 org.eclipse.core.resources 4 1 2024-10-26 20:49:19.735
!MESSAGE 自动刷新本机代码 5 时发生了问题。
!SUBENTRY 1 org.eclipse.core.resources 4 1 2024-10-26 20:49:19.735
!MESSAGE 自动刷新本机代码 5 时发生了问题。

!ENTRY org.eclipse.core.resources 4 1 2024-10-26 20:49:20.736
!MESSAGE 刷新资源时发生了问题
!SUBENTRY 1 org.eclipse.core.resources 4 1 2024-10-26 20:49:20.736
!MESSAGE 自动刷新本机代码 5 时发生了问题。
!SUBENTRY 1 org.eclipse.core.resources 4 1 2024-10-26 20:49:20.736
!MESSAGE 自动刷新本机代码 5 时发生了问题。

!ENTRY org.eclipse.core.resources 4 1 2024-10-26 20:49:21.740
!MESSAGE 刷新资源时发生了问题
!SUBENTRY 1 org.eclipse.core.resources 4 1 2024-10-26 20:49:21.740
!MESSAGE 自动刷新本机代码 5 时发生了问题。
!SUBENTRY 1 org.eclipse.core.resources 4 1 2024-10-26 20:49:21.740
!MESSAGE 自动刷新本机代码 5 时发生了问题。

!ENTRY org.eclipse.core.resources 4 1 2024-10-26 20:49:22.754
!MESSAGE 刷新资源时发生了问题
!SUBENTRY 1 org.eclipse.core.resources 4 1 2024-10-26 20:49:22.754
!MESSAGE 自动刷新本机代码 5 时发生了问题。
!SUBENTRY 1 org.eclipse.core.resources 4 1 2024-10-26 20:49:22.754
!MESSAGE 自动刷新本机代码 5 时发生了问题。

!ENTRY org.eclipse.core.resources 4 1 2024-10-26 20:49:23.758
!MESSAGE 刷新资源时发生了问题
!SUBENTRY 1 org.eclipse.core.resources 4 1 2024-10-26 20:49:23.758
!MESSAGE 自动刷新本机代码 5 时发生了问题。
!SUBENTRY 1 org.eclipse.core.resources 4 1 2024-10-26 20:49:23.758
!MESSAGE 自动刷新本机代码 5 时发生了问题。

!ENTRY org.eclipse.core.resources 4 1 2024-10-26 20:49:24.765
!MESSAGE 刷新资源时发生了问题
!SUBENTRY 1 org.eclipse.core.resources 4 1 2024-10-26 20:49:24.765
!MESSAGE 自动刷新本机代码 5 时发生了问题。
!SUBENTRY 1 org.eclipse.core.resources 4 1 2024-10-26 20:49:24.765
!MESSAGE 自动刷新本机代码 5 时发生了问题。

!ENTRY org.eclipse.core.resources 4 1 2024-10-26 20:49:25.777
!MESSAGE 刷新资源时发生了问题
!SUBENTRY 1 org.eclipse.core.resources 4 1 2024-10-26 20:49:25.777
!MESSAGE 自动刷新本机代码 5 时发生了问题。
!SUBENTRY 1 org.eclipse.core.resources 4 1 2024-10-26 20:49:25.777
!MESSAGE 自动刷新本机代码 5 时发生了问题。

!ENTRY org.eclipse.core.resources 4 1 2024-10-26 20:49:26.780
!MESSAGE 刷新资源时发生了问题
!SUBENTRY 1 org.eclipse.core.resources 4 1 2024-10-26 20:49:26.780
!MESSAGE 自动刷新本机代码 5 时发生了问题。
!SUBENTRY 1 org.eclipse.core.resources 4 1 2024-10-26 20:49:26.780
!MESSAGE 自动刷新本机代码 5 时发生了问题。

!ENTRY org.eclipse.core.resources 4 1 2024-10-26 20:49:27.791
!MESSAGE 刷新资源时发生了问题
!SUBENTRY 1 org.eclipse.core.resources 4 1 2024-10-26 20:49:27.791
!MESSAGE 自动刷新本机代码 5 时发生了问题。
!SUBENTRY 1 org.eclipse.core.resources 4 1 2024-10-26 20:49:27.791
!MESSAGE 自动刷新本机代码 5 时发生了问题。

!ENTRY org.eclipse.core.resources 4 1 2024-10-26 20:49:28.806
!MESSAGE 刷新资源时发生了问题
!SUBENTRY 1 org.eclipse.core.resources 4 1 2024-10-26 20:49:28.806
!MESSAGE 自动刷新本机代码 5 时发生了问题。
!SUBENTRY 1 org.eclipse.core.resources 4 1 2024-10-26 20:49:28.806
!MESSAGE 自动刷新本机代码 5 时发生了问题。

!ENTRY org.eclipse.core.resources 4 1 2024-10-26 20:49:29.807
!MESSAGE 刷新资源时发生了问题
!SUBENTRY 1 org.eclipse.core.resources 4 1 2024-10-26 20:49:29.807
!MESSAGE 自动刷新本机代码 5 时发生了问题。
!SUBENTRY 1 org.eclipse.core.resources 4 1 2024-10-26 20:49:29.807
!MESSAGE 自动刷新本机代码 5 时发生了问题。

!ENTRY org.eclipse.core.resources 4 1 2024-10-26 20:49:30.811
!MESSAGE 刷新资源时发生了问题
!SUBENTRY 1 org.eclipse.core.resources 4 1 2024-10-26 20:49:30.811
!MESSAGE 自动刷新本机代码 5 时发生了问题。
!SUBENTRY 1 org.eclipse.core.resources 4 1 2024-10-26 20:49:30.811
!MESSAGE 自动刷新本机代码 5 时发生了问题。

!ENTRY org.eclipse.core.resources 4 1 2024-10-26 20:49:31.824
!MESSAGE 刷新资源时发生了问题
!SUBENTRY 1 org.eclipse.core.resources 4 1 2024-10-26 20:49:31.824
!MESSAGE 自动刷新本机代码 5 时发生了问题。
!SUBENTRY 1 org.eclipse.core.resources 4 1 2024-10-26 20:49:31.824
!MESSAGE 自动刷新本机代码 5 时发生了问题。

!ENTRY org.eclipse.core.resources 4 1 2024-10-26 20:49:32.827
!MESSAGE 刷新资源时发生了问题
!SUBENTRY 1 org.eclipse.core.resources 4 1 2024-10-26 20:49:32.827
!MESSAGE 自动刷新本机代码 5 时发生了问题。
!SUBENTRY 1 org.eclipse.core.resources 4 1 2024-10-26 20:49:32.827
!MESSAGE 自动刷新本机代码 5 时发生了问题。

!ENTRY org.eclipse.core.resources 4 1 2024-10-26 20:49:33.840
!MESSAGE 刷新资源时发生了问题
!SUBENTRY 1 org.eclipse.core.resources 4 1 2024-10-26 20:49:33.840
!MESSAGE 自动刷新本机代码 5 时发生了问题。
!SUBENTRY 1 org.eclipse.core.resources 4 1 2024-10-26 20:49:33.840
!MESSAGE 自动刷新本机代码 5 时发生了问题。

!ENTRY org.eclipse.core.resources 4 1 2024-10-26 20:49:34.844
!MESSAGE 刷新资源时发生了问题
!SUBENTRY 1 org.eclipse.core.resources 4 1 2024-10-26 20:49:34.844
!MESSAGE 自动刷新本机代码 5 时发生了问题。
!SUBENTRY 1 org.eclipse.core.resources 4 1 2024-10-26 20:49:34.844
!MESSAGE 自动刷新本机代码 5 时发生了问题。

!ENTRY org.eclipse.core.resources 4 1 2024-10-26 20:49:35.845
!MESSAGE 刷新资源时发生了问题
!SUBENTRY 1 org.eclipse.core.resources 4 1 2024-10-26 20:49:35.845
!MESSAGE 自动刷新本机代码 5 时发生了问题。
!SUBENTRY 1 org.eclipse.core.resources 4 1 2024-10-26 20:49:35.845
!MESSAGE 自动刷新本机代码 5 时发生了问题。

!ENTRY org.eclipse.core.resources 4 1 2024-10-26 20:49:36.860
!MESSAGE 刷新资源时发生了问题
!SUBENTRY 1 org.eclipse.core.resources 4 1 2024-10-26 20:49:36.860
!MESSAGE 自动刷新本机代码 5 时发生了问题。
!SUBENTRY 1 org.eclipse.core.resources 4 1 2024-10-26 20:49:36.860
!MESSAGE 自动刷新本机代码 5 时发生了问题。

!ENTRY org.eclipse.core.resources 4 1 2024-10-26 20:49:37.862
!MESSAGE 刷新资源时发生了问题
!SUBENTRY 1 org.eclipse.core.resources 4 1 2024-10-26 20:49:37.862
!MESSAGE 自动刷新本机代码 5 时发生了问题。
!SUBENTRY 1 org.eclipse.core.resources 4 1 2024-10-26 20:49:37.862
!MESSAGE 自动刷新本机代码 5 时发生了问题。

!ENTRY org.eclipse.core.resources 4 1 2024-10-26 20:49:38.876
!MESSAGE 刷新资源时发生了问题
!SUBENTRY 1 org.eclipse.core.resources 4 1 2024-10-26 20:49:38.876
!MESSAGE 自动刷新本机代码 5 时发生了问题。
!SUBENTRY 1 org.eclipse.core.resources 4 1 2024-10-26 20:49:38.876
!MESSAGE 自动刷新本机代码 5 时发生了问题。

!ENTRY org.eclipse.core.resources 4 1 2024-10-26 20:49:39.878
!MESSAGE 刷新资源时发生了问题
!SUBENTRY 1 org.eclipse.core.resources 4 1 2024-10-26 20:49:39.878
!MESSAGE 自动刷新本机代码 5 时发生了问题。
!SUBENTRY 1 org.eclipse.core.resources 4 1 2024-10-26 20:49:39.878
!MESSAGE 自动刷新本机代码 5 时发生了问题。

!ENTRY org.eclipse.core.resources 4 1 2024-10-26 20:49:40.879
!MESSAGE 刷新资源时发生了问题
!SUBENTRY 1 org.eclipse.core.resources 4 1 2024-10-26 20:49:40.879
!MESSAGE 自动刷新本机代码 5 时发生了问题。
!SUBENTRY 1 org.eclipse.core.resources 4 1 2024-10-26 20:49:40.879
!MESSAGE 自动刷新本机代码 5 时发生了问题。

!ENTRY org.eclipse.core.resources 4 1 2024-10-26 20:49:41.884
!MESSAGE 刷新资源时发生了问题
!SUBENTRY 1 org.eclipse.core.resources 4 1 2024-10-26 20:49:41.884
!MESSAGE 自动刷新本机代码 5 时发生了问题。
!SUBENTRY 1 org.eclipse.core.resources 4 1 2024-10-26 20:49:41.884
!MESSAGE 自动刷新本机代码 5 时发生了问题。

!ENTRY org.eclipse.core.resources 4 1 2024-10-26 20:49:42.887
!MESSAGE 刷新资源时发生了问题
!SUBENTRY 1 org.eclipse.core.resources 4 1 2024-10-26 20:49:42.887
!MESSAGE 自动刷新本机代码 5 时发生了问题。
!SUBENTRY 1 org.eclipse.core.resources 4 1 2024-10-26 20:49:42.887
!MESSAGE 自动刷新本机代码 5 时发生了问题。

!ENTRY org.eclipse.core.resources 4 1 2024-10-26 20:49:43.898
!MESSAGE 刷新资源时发生了问题
!SUBENTRY 1 org.eclipse.core.resources 4 1 2024-10-26 20:49:43.898
!MESSAGE 自动刷新本机代码 5 时发生了问题。
!SUBENTRY 1 org.eclipse.core.resources 4 1 2024-10-26 20:49:43.898
!MESSAGE 自动刷新本机代码 5 时发生了问题。

!ENTRY org.eclipse.core.resources 4 1 2024-10-26 20:49:44.912
!MESSAGE 刷新资源时发生了问题
!SUBENTRY 1 org.eclipse.core.resources 4 1 2024-10-26 20:49:44.912
!MESSAGE 自动刷新本机代码 5 时发生了问题。
!SUBENTRY 1 org.eclipse.core.resources 4 1 2024-10-26 20:49:44.912
!MESSAGE 自动刷新本机代码 5 时发生了问题。

!ENTRY org.eclipse.core.resources 4 1 2024-10-26 20:49:45.915
!MESSAGE 刷新资源时发生了问题
!SUBENTRY 1 org.eclipse.core.resources 4 1 2024-10-26 20:49:45.915
!MESSAGE 自动刷新本机代码 5 时发生了问题。
!SUBENTRY 1 org.eclipse.core.resources 4 1 2024-10-26 20:49:45.915
!MESSAGE 自动刷新本机代码 5 时发生了问题。

!ENTRY org.eclipse.core.resources 4 1 2024-10-26 20:49:46.916
!MESSAGE 刷新资源时发生了问题
!SUBENTRY 1 org.eclipse.core.resources 4 1 2024-10-26 20:49:46.916
!MESSAGE 自动刷新本机代码 5 时发生了问题。
!SUBENTRY 1 org.eclipse.core.resources 4 1 2024-10-26 20:49:46.916
!MESSAGE 自动刷新本机代码 5 时发生了问题。

!ENTRY org.eclipse.core.resources 4 1 2024-10-26 20:49:47.921
!MESSAGE 刷新资源时发生了问题
!SUBENTRY 1 org.eclipse.core.resources 4 1 2024-10-26 20:49:47.921
!MESSAGE 自动刷新本机代码 5 时发生了问题。
!SUBENTRY 1 org.eclipse.core.resources 4 1 2024-10-26 20:49:47.921
!MESSAGE 自动刷新本机代码 5 时发生了问题。

!ENTRY org.eclipse.core.resources 4 1 2024-10-26 20:49:48.923
!MESSAGE 刷新资源时发生了问题
!SUBENTRY 1 org.eclipse.core.resources 4 1 2024-10-26 20:49:48.923
!MESSAGE 自动刷新本机代码 5 时发生了问题。
!SUBENTRY 1 org.eclipse.core.resources 4 1 2024-10-26 20:49:48.923
!MESSAGE 自动刷新本机代码 5 时发生了问题。

!ENTRY org.eclipse.core.resources 4 1 2024-10-26 20:49:49.924
!MESSAGE 刷新资源时发生了问题
!SUBENTRY 1 org.eclipse.core.resources 4 1 2024-10-26 20:49:49.924
!MESSAGE 自动刷新本机代码 5 时发生了问题。
!SUBENTRY 1 org.eclipse.core.resources 4 1 2024-10-26 20:49:49.924
!MESSAGE 自动刷新本机代码 5 时发生了问题。

!ENTRY org.eclipse.core.resources 4 1 2024-10-26 20:49:50.934
!MESSAGE 刷新资源时发生了问题
!SUBENTRY 1 org.eclipse.core.resources 4 1 2024-10-26 20:49:50.934
!MESSAGE 自动刷新本机代码 5 时发生了问题。
!SUBENTRY 1 org.eclipse.core.resources 4 1 2024-10-26 20:49:50.934
!MESSAGE 自动刷新本机代码 5 时发生了问题。

!ENTRY org.eclipse.core.resources 4 1 2024-10-26 20:49:51.945
!MESSAGE 刷新资源时发生了问题
!SUBENTRY 1 org.eclipse.core.resources 4 1 2024-10-26 20:49:51.945
!MESSAGE 自动刷新本机代码 5 时发生了问题。
!SUBENTRY 1 org.eclipse.core.resources 4 1 2024-10-26 20:49:51.945
!MESSAGE 自动刷新本机代码 5 时发生了问题。

!ENTRY org.eclipse.core.resources 4 1 2024-10-26 20:49:52.959
!MESSAGE 刷新资源时发生了问题
!SUBENTRY 1 org.eclipse.core.resources 4 1 2024-10-26 20:49:52.959
!MESSAGE 自动刷新本机代码 5 时发生了问题。
!SUBENTRY 1 org.eclipse.core.resources 4 1 2024-10-26 20:49:52.959
!MESSAGE 自动刷新本机代码 5 时发生了问题。

!ENTRY org.eclipse.core.resources 4 1 2024-10-26 20:49:53.962
!MESSAGE 刷新资源时发生了问题
!SUBENTRY 1 org.eclipse.core.resources 4 1 2024-10-26 20:49:53.962
!MESSAGE 自动刷新本机代码 5 时发生了问题。
!SUBENTRY 1 org.eclipse.core.resources 4 1 2024-10-26 20:49:53.962
!MESSAGE 自动刷新本机代码 5 时发生了问题。

!ENTRY org.eclipse.core.resources 4 1 2024-10-26 20:49:54.976
!MESSAGE 刷新资源时发生了问题
!SUBENTRY 1 org.eclipse.core.resources 4 1 2024-10-26 20:49:54.976
!MESSAGE 自动刷新本机代码 5 时发生了问题。
!SUBENTRY 1 org.eclipse.core.resources 4 1 2024-10-26 20:49:54.976
!MESSAGE 自动刷新本机代码 5 时发生了问题。

!ENTRY org.eclipse.core.resources 4 1 2024-10-26 20:49:55.977
!MESSAGE 刷新资源时发生了问题
!SUBENTRY 1 org.eclipse.core.resources 4 1 2024-10-26 20:49:55.977
!MESSAGE 自动刷新本机代码 5 时发生了问题。
!SUBENTRY 1 org.eclipse.core.resources 4 1 2024-10-26 20:49:55.977
!MESSAGE 自动刷新本机代码 5 时发生了问题。

!ENTRY org.eclipse.core.resources 4 1 2024-10-26 20:49:56.982
!MESSAGE 刷新资源时发生了问题
!SUBENTRY 1 org.eclipse.core.resources 4 1 2024-10-26 20:49:56.982
!MESSAGE 自动刷新本机代码 5 时发生了问题。
!SUBENTRY 1 org.eclipse.core.resources 4 1 2024-10-26 20:49:56.982
!MESSAGE 自动刷新本机代码 5 时发生了问题。

!ENTRY org.eclipse.core.resources 4 1 2024-10-26 20:49:57.989
!MESSAGE 刷新资源时发生了问题
!SUBENTRY 1 org.eclipse.core.resources 4 1 2024-10-26 20:49:57.989
!MESSAGE 自动刷新本机代码 5 时发生了问题。
!SUBENTRY 1 org.eclipse.core.resources 4 1 2024-10-26 20:49:57.989
!MESSAGE 自动刷新本机代码 5 时发生了问题。

!ENTRY org.eclipse.core.resources 4 1 2024-10-26 20:49:59.003
!MESSAGE 刷新资源时发生了问题
!SUBENTRY 1 org.eclipse.core.resources 4 1 2024-10-26 20:49:59.003
!MESSAGE 自动刷新本机代码 5 时发生了问题。
!SUBENTRY 1 org.eclipse.core.resources 4 1 2024-10-26 20:49:59.003
!MESSAGE 自动刷新本机代码 5 时发生了问题。

!ENTRY org.eclipse.core.resources 4 1 2024-10-26 20:50:00.015
!MESSAGE 刷新资源时发生了问题
!SUBENTRY 1 org.eclipse.core.resources 4 1 2024-10-26 20:50:00.015
!MESSAGE 自动刷新本机代码 5 时发生了问题。
!SUBENTRY 1 org.eclipse.core.resources 4 1 2024-10-26 20:50:00.015
!MESSAGE 自动刷新本机代码 5 时发生了问题。

!ENTRY org.eclipse.core.resources 4 1 2024-10-26 20:50:01.020
!MESSAGE 刷新资源时发生了问题
!SUBENTRY 1 org.eclipse.core.resources 4 1 2024-10-26 20:50:01.020
!MESSAGE 自动刷新本机代码 5 时发生了问题。
!SUBENTRY 1 org.eclipse.core.resources 4 1 2024-10-26 20:50:01.020
!MESSAGE 自动刷新本机代码 5 时发生了问题。

!ENTRY org.eclipse.core.resources 4 1 2024-10-26 20:50:02.033
!MESSAGE 刷新资源时发生了问题
!SUBENTRY 1 org.eclipse.core.resources 4 1 2024-10-26 20:50:02.033
!MESSAGE 自动刷新本机代码 5 时发生了问题。
!SUBENTRY 1 org.eclipse.core.resources 4 1 2024-10-26 20:50:02.033
!MESSAGE 自动刷新本机代码 5 时发生了问题。

!ENTRY org.eclipse.core.resources 4 1 2024-10-26 20:50:03.048
!MESSAGE 刷新资源时发生了问题
!SUBENTRY 1 org.eclipse.core.resources 4 1 2024-10-26 20:50:03.048
!MESSAGE 自动刷新本机代码 5 时发生了问题。
!SUBENTRY 1 org.eclipse.core.resources 4 1 2024-10-26 20:50:03.048
!MESSAGE 自动刷新本机代码 5 时发生了问题。

!ENTRY org.eclipse.core.resources 4 1 2024-10-26 20:50:04.051
!MESSAGE 刷新资源时发生了问题
!SUBENTRY 1 org.eclipse.core.resources 4 1 2024-10-26 20:50:04.051
!MESSAGE 自动刷新本机代码 5 时发生了问题。
!SUBENTRY 1 org.eclipse.core.resources 4 1 2024-10-26 20:50:04.051
!MESSAGE 自动刷新本机代码 5 时发生了问题。

!ENTRY org.eclipse.core.resources 4 1 2024-10-26 20:50:05.053
!MESSAGE 刷新资源时发生了问题
!SUBENTRY 1 org.eclipse.core.resources 4 1 2024-10-26 20:50:05.053
!MESSAGE 自动刷新本机代码 5 时发生了问题。
!SUBENTRY 1 org.eclipse.core.resources 4 1 2024-10-26 20:50:05.053
!MESSAGE 自动刷新本机代码 5 时发生了问题。

!ENTRY org.eclipse.core.resources 4 1 2024-10-26 20:50:06.054
!MESSAGE 刷新资源时发生了问题
!SUBENTRY 1 org.eclipse.core.resources 4 1 2024-10-26 20:50:06.054
!MESSAGE 自动刷新本机代码 5 时发生了问题。
!SUBENTRY 1 org.eclipse.core.resources 4 1 2024-10-26 20:50:06.054
!MESSAGE 自动刷新本机代码 5 时发生了问题。

!ENTRY org.eclipse.core.resources 4 1 2024-10-26 20:50:07.069
!MESSAGE 刷新资源时发生了问题
!SUBENTRY 1 org.eclipse.core.resources 4 1 2024-10-26 20:50:07.069
!MESSAGE 自动刷新本机代码 5 时发生了问题。
!SUBENTRY 1 org.eclipse.core.resources 4 1 2024-10-26 20:50:07.069
!MESSAGE 自动刷新本机代码 5 时发生了问题。

!ENTRY org.eclipse.core.resources 4 1 2024-10-26 20:50:08.081
!MESSAGE 刷新资源时发生了问题
!SUBENTRY 1 org.eclipse.core.resources 4 1 2024-10-26 20:50:08.081
!MESSAGE 自动刷新本机代码 5 时发生了问题。
!SUBENTRY 1 org.eclipse.core.resources 4 1 2024-10-26 20:50:08.081
!MESSAGE 自动刷新本机代码 5 时发生了问题。

!ENTRY org.eclipse.core.resources 4 1 2024-10-26 20:50:09.143
!MESSAGE 刷新资源时发生了问题
!SUBENTRY 1 org.eclipse.core.resources 4 1 2024-10-26 20:50:09.143
!MESSAGE 自动刷新本机代码 5 时发生了问题。
!SUBENTRY 1 org.eclipse.core.resources 4 1 2024-10-26 20:50:09.143
!MESSAGE 自动刷新本机代码 5 时发生了问题。

!ENTRY org.eclipse.core.resources 4 1 2024-10-26 20:50:10.156
!MESSAGE 刷新资源时发生了问题
!SUBENTRY 1 org.eclipse.core.resources 4 1 2024-10-26 20:50:10.156
!MESSAGE 自动刷新本机代码 5 时发生了问题。
!SUBENTRY 1 org.eclipse.core.resources 4 1 2024-10-26 20:50:10.156
!MESSAGE 自动刷新本机代码 5 时发生了问题。

!ENTRY org.eclipse.core.resources 4 1 2024-10-26 20:50:11.157
!MESSAGE 刷新资源时发生了问题
!SUBENTRY 1 org.eclipse.core.resources 4 1 2024-10-26 20:50:11.157
!MESSAGE 自动刷新本机代码 5 时发生了问题。
!SUBENTRY 1 org.eclipse.core.resources 4 1 2024-10-26 20:50:11.157
!MESSAGE 自动刷新本机代码 5 时发生了问题。

!ENTRY org.eclipse.core.resources 4 1 2024-10-26 20:50:12.170
!MESSAGE 刷新资源时发生了问题
!SUBENTRY 1 org.eclipse.core.resources 4 1 2024-10-26 20:50:12.170
!MESSAGE 自动刷新本机代码 5 时发生了问题。
!SUBENTRY 1 org.eclipse.core.resources 4 1 2024-10-26 20:50:12.170
!MESSAGE 自动刷新本机代码 5 时发生了问题。

!ENTRY org.eclipse.core.resources 4 1 2024-10-26 20:50:13.171
!MESSAGE 刷新资源时发生了问题
!SUBENTRY 1 org.eclipse.core.resources 4 1 2024-10-26 20:50:13.171
!MESSAGE 自动刷新本机代码 5 时发生了问题。
!SUBENTRY 1 org.eclipse.core.resources 4 1 2024-10-26 20:50:13.171
!MESSAGE 自动刷新本机代码 5 时发生了问题。

!ENTRY org.eclipse.core.resources 4 1 2024-10-26 20:50:14.173
!MESSAGE 刷新资源时发生了问题
!SUBENTRY 1 org.eclipse.core.resources 4 1 2024-10-26 20:50:14.173
!MESSAGE 自动刷新本机代码 5 时发生了问题。
!SUBENTRY 1 org.eclipse.core.resources 4 1 2024-10-26 20:50:14.173
!MESSAGE 自动刷新本机代码 5 时发生了问题。

!ENTRY org.eclipse.core.resources 4 1 2024-10-26 20:50:15.178
!MESSAGE 刷新资源时发生了问题
!SUBENTRY 1 org.eclipse.core.resources 4 1 2024-10-26 20:50:15.178
!MESSAGE 自动刷新本机代码 5 时发生了问题。
!SUBENTRY 1 org.eclipse.core.resources 4 1 2024-10-26 20:50:15.178
!MESSAGE 自动刷新本机代码 5 时发生了问题。

!ENTRY org.eclipse.core.resources 4 1 2024-10-26 20:50:16.181
!MESSAGE 刷新资源时发生了问题
!SUBENTRY 1 org.eclipse.core.resources 4 1 2024-10-26 20:50:16.181
!MESSAGE 自动刷新本机代码 5 时发生了问题。
!SUBENTRY 1 org.eclipse.core.resources 4 1 2024-10-26 20:50:16.181
!MESSAGE 自动刷新本机代码 5 时发生了问题。

!ENTRY org.eclipse.core.resources 4 1 2024-10-26 20:50:17.193
!MESSAGE 刷新资源时发生了问题
!SUBENTRY 1 org.eclipse.core.resources 4 1 2024-10-26 20:50:17.193
!MESSAGE 自动刷新本机代码 5 时发生了问题。
!SUBENTRY 1 org.eclipse.core.resources 4 1 2024-10-26 20:50:17.193
!MESSAGE 自动刷新本机代码 5 时发生了问题。

!ENTRY org.eclipse.core.resources 4 1 2024-10-26 20:50:18.207
!MESSAGE 刷新资源时发生了问题
!SUBENTRY 1 org.eclipse.core.resources 4 1 2024-10-26 20:50:18.207
!MESSAGE 自动刷新本机代码 5 时发生了问题。
!SUBENTRY 1 org.eclipse.core.resources 4 1 2024-10-26 20:50:18.207
!MESSAGE 自动刷新本机代码 5 时发生了问题。

!ENTRY org.eclipse.core.resources 4 1 2024-10-26 20:50:19.222
!MESSAGE 刷新资源时发生了问题
!SUBENTRY 1 org.eclipse.core.resources 4 1 2024-10-26 20:50:19.222
!MESSAGE 自动刷新本机代码 5 时发生了问题。
!SUBENTRY 1 org.eclipse.core.resources 4 1 2024-10-26 20:50:19.222
!MESSAGE 自动刷新本机代码 5 时发生了问题。

!ENTRY org.eclipse.core.resources 4 1 2024-10-26 20:50:20.224
!MESSAGE 刷新资源时发生了问题
!SUBENTRY 1 org.eclipse.core.resources 4 1 2024-10-26 20:50:20.224
!MESSAGE 自动刷新本机代码 5 时发生了问题。
!SUBENTRY 1 org.eclipse.core.resources 4 1 2024-10-26 20:50:20.224
!MESSAGE 自动刷新本机代码 5 时发生了问题。

!ENTRY org.eclipse.core.resources 4 1 2024-10-26 20:50:21.239
!MESSAGE 刷新资源时发生了问题
!SUBENTRY 1 org.eclipse.core.resources 4 1 2024-10-26 20:50:21.239
!MESSAGE 自动刷新本机代码 5 时发生了问题。
!SUBENTRY 1 org.eclipse.core.resources 4 1 2024-10-26 20:50:21.239
!MESSAGE 自动刷新本机代码 5 时发生了问题。

!ENTRY org.eclipse.core.resources 4 1 2024-10-26 20:50:22.243
!MESSAGE 刷新资源时发生了问题
!SUBENTRY 1 org.eclipse.core.resources 4 1 2024-10-26 20:50:22.243
!MESSAGE 自动刷新本机代码 5 时发生了问题。
!SUBENTRY 1 org.eclipse.core.resources 4 1 2024-10-26 20:50:22.243
!MESSAGE 自动刷新本机代码 5 时发生了问题。

!ENTRY org.eclipse.core.resources 4 1 2024-10-26 20:50:23.244
!MESSAGE 刷新资源时发生了问题
!SUBENTRY 1 org.eclipse.core.resources 4 1 2024-10-26 20:50:23.244
!MESSAGE 自动刷新本机代码 5 时发生了问题。
!SUBENTRY 1 org.eclipse.core.resources 4 1 2024-10-26 20:50:23.244
!MESSAGE 自动刷新本机代码 5 时发生了问题。

!ENTRY org.eclipse.core.resources 4 1 2024-10-26 20:50:24.248
!MESSAGE 刷新资源时发生了问题
!SUBENTRY 1 org.eclipse.core.resources 4 1 2024-10-26 20:50:24.248
!MESSAGE 自动刷新本机代码 5 时发生了问题。
!SUBENTRY 1 org.eclipse.core.resources 4 1 2024-10-26 20:50:24.248
!MESSAGE 自动刷新本机代码 5 时发生了问题。

!ENTRY org.eclipse.core.resources 4 1 2024-10-26 20:50:25.263
!MESSAGE 刷新资源时发生了问题
!SUBENTRY 1 org.eclipse.core.resources 4 1 2024-10-26 20:50:25.263
!MESSAGE 自动刷新本机代码 5 时发生了问题。
!SUBENTRY 1 org.eclipse.core.resources 4 1 2024-10-26 20:50:25.263
!MESSAGE 自动刷新本机代码 5 时发生了问题。

!ENTRY org.eclipse.core.resources 4 1 2024-10-26 20:50:26.274
!MESSAGE 刷新资源时发生了问题
!SUBENTRY 1 org.eclipse.core.resources 4 1 2024-10-26 20:50:26.274
!MESSAGE 自动刷新本机代码 5 时发生了问题。
!SUBENTRY 1 org.eclipse.core.resources 4 1 2024-10-26 20:50:26.274
!MESSAGE 自动刷新本机代码 5 时发生了问题。

!ENTRY org.eclipse.core.resources 4 1 2024-10-26 20:50:27.275
!MESSAGE 刷新资源时发生了问题
!SUBENTRY 1 org.eclipse.core.resources 4 1 2024-10-26 20:50:27.275
!MESSAGE 自动刷新本机代码 5 时发生了问题。
!SUBENTRY 1 org.eclipse.core.resources 4 1 2024-10-26 20:50:27.275
!MESSAGE 自动刷新本机代码 5 时发生了问题。

!ENTRY org.eclipse.core.resources 4 1 2024-10-26 20:50:28.290
!MESSAGE 刷新资源时发生了问题
!SUBENTRY 1 org.eclipse.core.resources 4 1 2024-10-26 20:50:28.290
!MESSAGE 自动刷新本机代码 5 时发生了问题。
!SUBENTRY 1 org.eclipse.core.resources 4 1 2024-10-26 20:50:28.290
!MESSAGE 自动刷新本机代码 5 时发生了问题。

!ENTRY org.eclipse.core.resources 4 1 2024-10-26 20:50:29.350
!MESSAGE 刷新资源时发生了问题
!SUBENTRY 1 org.eclipse.core.resources 4 1 2024-10-26 20:50:29.350
!MESSAGE 自动刷新本机代码 5 时发生了问题。
!SUBENTRY 1 org.eclipse.core.resources 4 1 2024-10-26 20:50:29.350
!MESSAGE 自动刷新本机代码 5 时发生了问题。

!ENTRY org.eclipse.core.resources 4 1 2024-10-26 20:50:30.363
!MESSAGE 刷新资源时发生了问题
!SUBENTRY 1 org.eclipse.core.resources 4 1 2024-10-26 20:50:30.363
!MESSAGE 自动刷新本机代码 5 时发生了问题。
!SUBENTRY 1 org.eclipse.core.resources 4 1 2024-10-26 20:50:30.363
!MESSAGE 自动刷新本机代码 5 时发生了问题。

!ENTRY org.eclipse.core.resources 4 1 2024-10-26 20:50:31.367
!MESSAGE 刷新资源时发生了问题
!SUBENTRY 1 org.eclipse.core.resources 4 1 2024-10-26 20:50:31.367
!MESSAGE 自动刷新本机代码 5 时发生了问题。
!SUBENTRY 1 org.eclipse.core.resources 4 1 2024-10-26 20:50:31.367
!MESSAGE 自动刷新本机代码 5 时发生了问题。

!ENTRY org.eclipse.core.resources 4 1 2024-10-26 20:50:32.380
!MESSAGE 刷新资源时发生了问题
!SUBENTRY 1 org.eclipse.core.resources 4 1 2024-10-26 20:50:32.380
!MESSAGE 自动刷新本机代码 5 时发生了问题。
!SUBENTRY 1 org.eclipse.core.resources 4 1 2024-10-26 20:50:32.380
!MESSAGE 自动刷新本机代码 5 时发生了问题。

!ENTRY org.eclipse.core.resources 4 1 2024-10-26 20:50:33.441
!MESSAGE 刷新资源时发生了问题
!SUBENTRY 1 org.eclipse.core.resources 4 1 2024-10-26 20:50:33.441
!MESSAGE 自动刷新本机代码 5 时发生了问题。
!SUBENTRY 1 org.eclipse.core.resources 4 1 2024-10-26 20:50:33.441
!MESSAGE 自动刷新本机代码 5 时发生了问题。

!ENTRY org.eclipse.core.resources 4 1 2024-10-26 20:50:34.445
!MESSAGE 刷新资源时发生了问题
!SUBENTRY 1 org.eclipse.core.resources 4 1 2024-10-26 20:50:34.445
!MESSAGE 自动刷新本机代码 5 时发生了问题。
!SUBENTRY 1 org.eclipse.core.resources 4 1 2024-10-26 20:50:34.445
!MESSAGE 自动刷新本机代码 5 时发生了问题。

!ENTRY org.eclipse.core.resources 4 1 2024-10-26 20:50:35.447
!MESSAGE 刷新资源时发生了问题
!SUBENTRY 1 org.eclipse.core.resources 4 1 2024-10-26 20:50:35.447
!MESSAGE 自动刷新本机代码 5 时发生了问题。
!SUBENTRY 1 org.eclipse.core.resources 4 1 2024-10-26 20:50:35.447
!MESSAGE 自动刷新本机代码 5 时发生了问题。

!ENTRY org.eclipse.core.resources 4 1 2024-10-26 20:50:36.451
!MESSAGE 刷新资源时发生了问题
!SUBENTRY 1 org.eclipse.core.resources 4 1 2024-10-26 20:50:36.451
!MESSAGE 自动刷新本机代码 5 时发生了问题。
!SUBENTRY 1 org.eclipse.core.resources 4 1 2024-10-26 20:50:36.451
!MESSAGE 自动刷新本机代码 5 时发生了问题。

!ENTRY org.eclipse.core.resources 4 1 2024-10-26 20:50:37.459
!MESSAGE 刷新资源时发生了问题
!SUBENTRY 1 org.eclipse.core.resources 4 1 2024-10-26 20:50:37.459
!MESSAGE 自动刷新本机代码 5 时发生了问题。
!SUBENTRY 1 org.eclipse.core.resources 4 1 2024-10-26 20:50:37.459
!MESSAGE 自动刷新本机代码 5 时发生了问题。

!ENTRY org.eclipse.core.resources 4 1 2024-10-26 20:50:38.474
!MESSAGE 刷新资源时发生了问题
!SUBENTRY 1 org.eclipse.core.resources 4 1 2024-10-26 20:50:38.474
!MESSAGE 自动刷新本机代码 5 时发生了问题。
!SUBENTRY 1 org.eclipse.core.resources 4 1 2024-10-26 20:50:38.474
!MESSAGE 自动刷新本机代码 5 时发生了问题。

!ENTRY org.eclipse.core.resources 4 1 2024-10-26 20:50:39.489
!MESSAGE 刷新资源时发生了问题
!SUBENTRY 1 org.eclipse.core.resources 4 1 2024-10-26 20:50:39.489
!MESSAGE 自动刷新本机代码 5 时发生了问题。
!SUBENTRY 1 org.eclipse.core.resources 4 1 2024-10-26 20:50:39.489
!MESSAGE 自动刷新本机代码 5 时发生了问题。

!ENTRY org.eclipse.core.resources 4 1 2024-10-26 20:50:40.492
!MESSAGE 刷新资源时发生了问题
!SUBENTRY 1 org.eclipse.core.resources 4 1 2024-10-26 20:50:40.492
!MESSAGE 自动刷新本机代码 5 时发生了问题。
!SUBENTRY 1 org.eclipse.core.resources 4 1 2024-10-26 20:50:40.492
!MESSAGE 自动刷新本机代码 5 时发生了问题。

!ENTRY org.eclipse.core.resources 4 1 2024-10-26 20:50:41.503
!MESSAGE 刷新资源时发生了问题
!SUBENTRY 1 org.eclipse.core.resources 4 1 2024-10-26 20:50:41.503
!MESSAGE 自动刷新本机代码 5 时发生了问题。
!SUBENTRY 1 org.eclipse.core.resources 4 1 2024-10-26 20:50:41.503
!MESSAGE 自动刷新本机代码 5 时发生了问题。

!ENTRY org.eclipse.core.resources 4 1 2024-10-26 20:50:42.511
!MESSAGE 刷新资源时发生了问题
!SUBENTRY 1 org.eclipse.core.resources 4 1 2024-10-26 20:50:42.511
!MESSAGE 自动刷新本机代码 5 时发生了问题。
!SUBENTRY 1 org.eclipse.core.resources 4 1 2024-10-26 20:50:42.511
!MESSAGE 自动刷新本机代码 5 时发生了问题。

!ENTRY org.eclipse.core.resources 4 1 2024-10-26 20:50:43.515
!MESSAGE 刷新资源时发生了问题
!SUBENTRY 1 org.eclipse.core.resources 4 1 2024-10-26 20:50:43.515
!MESSAGE 自动刷新本机代码 5 时发生了问题。
!SUBENTRY 1 org.eclipse.core.resources 4 1 2024-10-26 20:50:43.515
!MESSAGE 自动刷新本机代码 5 时发生了问题。

!ENTRY org.eclipse.core.resources 4 1 2024-10-26 20:50:44.528
!MESSAGE 刷新资源时发生了问题
!SUBENTRY 1 org.eclipse.core.resources 4 1 2024-10-26 20:50:44.528
!MESSAGE 自动刷新本机代码 5 时发生了问题。
!SUBENTRY 1 org.eclipse.core.resources 4 1 2024-10-26 20:50:44.528
!MESSAGE 自动刷新本机代码 5 时发生了问题。

!ENTRY org.eclipse.core.resources 4 1 2024-10-26 20:50:45.531
!MESSAGE 刷新资源时发生了问题
!SUBENTRY 1 org.eclipse.core.resources 4 1 2024-10-26 20:50:45.531
!MESSAGE 自动刷新本机代码 5 时发生了问题。
!SUBENTRY 1 org.eclipse.core.resources 4 1 2024-10-26 20:50:45.531
!MESSAGE 自动刷新本机代码 5 时发生了问题。

!ENTRY org.eclipse.core.resources 4 1 2024-10-26 20:50:46.593
!MESSAGE 刷新资源时发生了问题
!SUBENTRY 1 org.eclipse.core.resources 4 1 2024-10-26 20:50:46.593
!MESSAGE 自动刷新本机代码 5 时发生了问题。
!SUBENTRY 1 org.eclipse.core.resources 4 1 2024-10-26 20:50:46.593
!MESSAGE 自动刷新本机代码 5 时发生了问题。

!ENTRY org.eclipse.core.resources 4 1 2024-10-26 20:50:47.606
!MESSAGE 刷新资源时发生了问题
!SUBENTRY 1 org.eclipse.core.resources 4 1 2024-10-26 20:50:47.606
!MESSAGE 自动刷新本机代码 5 时发生了问题。
!SUBENTRY 1 org.eclipse.core.resources 4 1 2024-10-26 20:50:47.606
!MESSAGE 自动刷新本机代码 5 时发生了问题。

!ENTRY org.eclipse.core.resources 4 1 2024-10-26 20:50:48.620
!MESSAGE 刷新资源时发生了问题
!SUBENTRY 1 org.eclipse.core.resources 4 1 2024-10-26 20:50:48.620
!MESSAGE 自动刷新本机代码 5 时发生了问题。
!SUBENTRY 1 org.eclipse.core.resources 4 1 2024-10-26 20:50:48.620
!MESSAGE 自动刷新本机代码 5 时发生了问题。

!ENTRY org.eclipse.core.resources 4 1 2024-10-26 20:50:49.623
!MESSAGE 刷新资源时发生了问题
!SUBENTRY 1 org.eclipse.core.resources 4 1 2024-10-26 20:50:49.623
!MESSAGE 自动刷新本机代码 5 时发生了问题。
!SUBENTRY 1 org.eclipse.core.resources 4 1 2024-10-26 20:50:49.623
!MESSAGE 自动刷新本机代码 5 时发生了问题。

!ENTRY org.eclipse.core.resources 4 1 2024-10-26 20:50:50.628
!MESSAGE 刷新资源时发生了问题
!SUBENTRY 1 org.eclipse.core.resources 4 1 2024-10-26 20:50:50.628
!MESSAGE 自动刷新本机代码 5 时发生了问题。
!SUBENTRY 1 org.eclipse.core.resources 4 1 2024-10-26 20:50:50.628
!MESSAGE 自动刷新本机代码 5 时发生了问题。

!ENTRY org.eclipse.core.resources 4 1 2024-10-26 20:50:51.643
!MESSAGE 刷新资源时发生了问题
!SUBENTRY 1 org.eclipse.core.resources 4 1 2024-10-26 20:50:51.643
!MESSAGE 自动刷新本机代码 5 时发生了问题。
!SUBENTRY 1 org.eclipse.core.resources 4 1 2024-10-26 20:50:51.643
!MESSAGE 自动刷新本机代码 5 时发生了问题。

!ENTRY org.eclipse.core.resources 4 1 2024-10-26 20:50:52.644
!MESSAGE 刷新资源时发生了问题
!SUBENTRY 1 org.eclipse.core.resources 4 1 2024-10-26 20:50:52.644
!MESSAGE 自动刷新本机代码 5 时发生了问题。
!SUBENTRY 1 org.eclipse.core.resources 4 1 2024-10-26 20:50:52.644
!MESSAGE 自动刷新本机代码 5 时发生了问题。

!ENTRY org.eclipse.core.resources 4 1 2024-10-26 20:50:53.645
!MESSAGE 刷新资源时发生了问题
!SUBENTRY 1 org.eclipse.core.resources 4 1 2024-10-26 20:50:53.645
!MESSAGE 自动刷新本机代码 5 时发生了问题。
!SUBENTRY 1 org.eclipse.core.resources 4 1 2024-10-26 20:50:53.645
!MESSAGE 自动刷新本机代码 5 时发生了问题。

!ENTRY org.eclipse.core.resources 4 1 2024-10-26 20:50:54.658
!MESSAGE 刷新资源时发生了问题
!SUBENTRY 1 org.eclipse.core.resources 4 1 2024-10-26 20:50:54.658
!MESSAGE 自动刷新本机代码 5 时发生了问题。
!SUBENTRY 1 org.eclipse.core.resources 4 1 2024-10-26 20:50:54.658
!MESSAGE 自动刷新本机代码 5 时发生了问题。

!ENTRY org.eclipse.core.resources 4 1 2024-10-26 20:50:55.668
!MESSAGE 刷新资源时发生了问题
!SUBENTRY 1 org.eclipse.core.resources 4 1 2024-10-26 20:50:55.668
!MESSAGE 自动刷新本机代码 5 时发生了问题。
!SUBENTRY 1 org.eclipse.core.resources 4 1 2024-10-26 20:50:55.668
!MESSAGE 自动刷新本机代码 5 时发生了问题。

!ENTRY org.eclipse.core.resources 4 1 2024-10-26 20:50:56.683
!MESSAGE 刷新资源时发生了问题
!SUBENTRY 1 org.eclipse.core.resources 4 1 2024-10-26 20:50:56.683
!MESSAGE 自动刷新本机代码 5 时发生了问题。
!SUBENTRY 1 org.eclipse.core.resources 4 1 2024-10-26 20:50:56.683
!MESSAGE 自动刷新本机代码 5 时发生了问题。

!ENTRY org.eclipse.core.resources 4 1 2024-10-26 20:50:57.685
!MESSAGE 刷新资源时发生了问题
!SUBENTRY 1 org.eclipse.core.resources 4 1 2024-10-26 20:50:57.685
!MESSAGE 自动刷新本机代码 5 时发生了问题。
!SUBENTRY 1 org.eclipse.core.resources 4 1 2024-10-26 20:50:57.685
!MESSAGE 自动刷新本机代码 5 时发生了问题。

!ENTRY org.eclipse.core.resources 4 1 2024-10-26 20:50:58.699
!MESSAGE 刷新资源时发生了问题
!SUBENTRY 1 org.eclipse.core.resources 4 1 2024-10-26 20:50:58.699
!MESSAGE 自动刷新本机代码 5 时发生了问题。
!SUBENTRY 1 org.eclipse.core.resources 4 1 2024-10-26 20:50:58.699
!MESSAGE 自动刷新本机代码 5 时发生了问题。

!ENTRY org.eclipse.core.resources 4 1 2024-10-26 20:50:59.758
!MESSAGE 刷新资源时发生了问题
!SUBENTRY 1 org.eclipse.core.resources 4 1 2024-10-26 20:50:59.758
!MESSAGE 自动刷新本机代码 5 时发生了问题。
!SUBENTRY 1 org.eclipse.core.resources 4 1 2024-10-26 20:50:59.758
!MESSAGE 自动刷新本机代码 5 时发生了问题。

!ENTRY org.eclipse.core.resources 4 1 2024-10-26 20:51:00.759
!MESSAGE 刷新资源时发生了问题
!SUBENTRY 1 org.eclipse.core.resources 4 1 2024-10-26 20:51:00.759
!MESSAGE 自动刷新本机代码 5 时发生了问题。
!SUBENTRY 1 org.eclipse.core.resources 4 1 2024-10-26 20:51:00.759
!MESSAGE 自动刷新本机代码 5 时发生了问题。

!ENTRY org.eclipse.core.resources 4 1 2024-10-26 20:51:01.776
!MESSAGE 刷新资源时发生了问题
!SUBENTRY 1 org.eclipse.core.resources 4 1 2024-10-26 20:51:01.776
!MESSAGE 自动刷新本机代码 5 时发生了问题。
!SUBENTRY 1 org.eclipse.core.resources 4 1 2024-10-26 20:51:01.776
!MESSAGE 自动刷新本机代码 5 时发生了问题。

!ENTRY org.eclipse.core.resources 4 1 2024-10-26 20:51:02.792
!MESSAGE 刷新资源时发生了问题
!SUBENTRY 1 org.eclipse.core.resources 4 1 2024-10-26 20:51:02.792
!MESSAGE 自动刷新本机代码 5 时发生了问题。
!SUBENTRY 1 org.eclipse.core.resources 4 1 2024-10-26 20:51:02.792
!MESSAGE 自动刷新本机代码 5 时发生了问题。

!ENTRY org.eclipse.core.resources 4 1 2024-10-26 20:51:03.798
!MESSAGE 刷新资源时发生了问题
!SUBENTRY 1 org.eclipse.core.resources 4 1 2024-10-26 20:51:03.798
!MESSAGE 自动刷新本机代码 5 时发生了问题。
!SUBENTRY 1 org.eclipse.core.resources 4 1 2024-10-26 20:51:03.798
!MESSAGE 自动刷新本机代码 5 时发生了问题。

!ENTRY org.eclipse.core.resources 4 1 2024-10-26 20:51:04.811
!MESSAGE 刷新资源时发生了问题
!SUBENTRY 1 org.eclipse.core.resources 4 1 2024-10-26 20:51:04.811
!MESSAGE 自动刷新本机代码 5 时发生了问题。
!SUBENTRY 1 org.eclipse.core.resources 4 1 2024-10-26 20:51:04.811
!MESSAGE 自动刷新本机代码 5 时发生了问题。

!ENTRY org.eclipse.core.resources 4 1 2024-10-26 20:51:05.827
!MESSAGE 刷新资源时发生了问题
!SUBENTRY 1 org.eclipse.core.resources 4 1 2024-10-26 20:51:05.827
!MESSAGE 自动刷新本机代码 5 时发生了问题。
!SUBENTRY 1 org.eclipse.core.resources 4 1 2024-10-26 20:51:05.827
!MESSAGE 自动刷新本机代码 5 时发生了问题。

!ENTRY org.eclipse.core.resources 4 1 2024-10-26 20:51:06.829
!MESSAGE 刷新资源时发生了问题
!SUBENTRY 1 org.eclipse.core.resources 4 1 2024-10-26 20:51:06.829
!MESSAGE 自动刷新本机代码 5 时发生了问题。
!SUBENTRY 1 org.eclipse.core.resources 4 1 2024-10-26 20:51:06.829
!MESSAGE 自动刷新本机代码 5 时发生了问题。

!ENTRY org.eclipse.core.resources 4 1 2024-10-26 20:51:07.841
!MESSAGE 刷新资源时发生了问题
!SUBENTRY 1 org.eclipse.core.resources 4 1 2024-10-26 20:51:07.841
!MESSAGE 自动刷新本机代码 5 时发生了问题。
!SUBENTRY 1 org.eclipse.core.resources 4 1 2024-10-26 20:51:07.841
!MESSAGE 自动刷新本机代码 5 时发生了问题。

!ENTRY org.eclipse.core.resources 4 1 2024-10-26 20:51:08.844
!MESSAGE 刷新资源时发生了问题
!SUBENTRY 1 org.eclipse.core.resources 4 1 2024-10-26 20:51:08.844
!MESSAGE 自动刷新本机代码 5 时发生了问题。
!SUBENTRY 1 org.eclipse.core.resources 4 1 2024-10-26 20:51:08.844
!MESSAGE 自动刷新本机代码 5 时发生了问题。

!ENTRY org.eclipse.core.resources 4 1 2024-10-26 20:51:09.846
!MESSAGE 刷新资源时发生了问题
!SUBENTRY 1 org.eclipse.core.resources 4 1 2024-10-26 20:51:09.846
!MESSAGE 自动刷新本机代码 5 时发生了问题。
!SUBENTRY 1 org.eclipse.core.resources 4 1 2024-10-26 20:51:09.846
!MESSAGE 自动刷新本机代码 5 时发生了问题。

!ENTRY org.eclipse.core.resources 4 1 2024-10-26 20:51:10.861
!MESSAGE 刷新资源时发生了问题
!SUBENTRY 1 org.eclipse.core.resources 4 1 2024-10-26 20:51:10.861
!MESSAGE 自动刷新本机代码 5 时发生了问题。
!SUBENTRY 1 org.eclipse.core.resources 4 1 2024-10-26 20:51:10.861
!MESSAGE 自动刷新本机代码 5 时发生了问题。

!ENTRY org.eclipse.core.resources 4 1 2024-10-26 20:51:11.863
!MESSAGE 刷新资源时发生了问题
!SUBENTRY 1 org.eclipse.core.resources 4 1 2024-10-26 20:51:11.863
!MESSAGE 自动刷新本机代码 5 时发生了问题。
!SUBENTRY 1 org.eclipse.core.resources 4 1 2024-10-26 20:51:11.863
!MESSAGE 自动刷新本机代码 5 时发生了问题。

!ENTRY org.eclipse.core.resources 4 1 2024-10-26 20:51:12.876
!MESSAGE 刷新资源时发生了问题
!SUBENTRY 1 org.eclipse.core.resources 4 1 2024-10-26 20:51:12.876
!MESSAGE 自动刷新本机代码 5 时发生了问题。
!SUBENTRY 1 org.eclipse.core.resources 4 1 2024-10-26 20:51:12.876
!MESSAGE 自动刷新本机代码 5 时发生了问题。

!ENTRY org.eclipse.core.resources 4 1 2024-10-26 20:51:13.889
!MESSAGE 刷新资源时发生了问题
!SUBENTRY 1 org.eclipse.core.resources 4 1 2024-10-26 20:51:13.889
!MESSAGE 自动刷新本机代码 5 时发生了问题。
!SUBENTRY 1 org.eclipse.core.resources 4 1 2024-10-26 20:51:13.889
!MESSAGE 自动刷新本机代码 5 时发生了问题。

!ENTRY org.eclipse.core.resources 4 1 2024-10-26 20:51:14.891
!MESSAGE 刷新资源时发生了问题
!SUBENTRY 1 org.eclipse.core.resources 4 1 2024-10-26 20:51:14.891
!MESSAGE 自动刷新本机代码 5 时发生了问题。
!SUBENTRY 1 org.eclipse.core.resources 4 1 2024-10-26 20:51:14.891
!MESSAGE 自动刷新本机代码 5 时发生了问题。

!ENTRY org.eclipse.core.resources 4 1 2024-10-26 20:51:15.892
!MESSAGE 刷新资源时发生了问题
!SUBENTRY 1 org.eclipse.core.resources 4 1 2024-10-26 20:51:15.892
!MESSAGE 自动刷新本机代码 5 时发生了问题。
!SUBENTRY 1 org.eclipse.core.resources 4 1 2024-10-26 20:51:15.892
!MESSAGE 自动刷新本机代码 5 时发生了问题。

!ENTRY org.eclipse.core.resources 4 1 2024-10-26 20:51:16.895
!MESSAGE 刷新资源时发生了问题
!SUBENTRY 1 org.eclipse.core.resources 4 1 2024-10-26 20:51:16.895
!MESSAGE 自动刷新本机代码 5 时发生了问题。
!SUBENTRY 1 org.eclipse.core.resources 4 1 2024-10-26 20:51:16.895
!MESSAGE 自动刷新本机代码 5 时发生了问题。

!ENTRY org.eclipse.core.resources 4 1 2024-10-26 20:51:17.911
!MESSAGE 刷新资源时发生了问题
!SUBENTRY 1 org.eclipse.core.resources 4 1 2024-10-26 20:51:17.911
!MESSAGE 自动刷新本机代码 5 时发生了问题。
!SUBENTRY 1 org.eclipse.core.resources 4 1 2024-10-26 20:51:17.911
!MESSAGE 自动刷新本机代码 5 时发生了问题。

!ENTRY org.eclipse.core.resources 4 1 2024-10-26 20:51:18.913
!MESSAGE 刷新资源时发生了问题
!SUBENTRY 1 org.eclipse.core.resources 4 1 2024-10-26 20:51:18.913
!MESSAGE 自动刷新本机代码 5 时发生了问题。
!SUBENTRY 1 org.eclipse.core.resources 4 1 2024-10-26 20:51:18.913
!MESSAGE 自动刷新本机代码 5 时发生了问题。

!ENTRY org.eclipse.core.resources 4 1 2024-10-26 20:51:19.916
!MESSAGE 刷新资源时发生了问题
!SUBENTRY 1 org.eclipse.core.resources 4 1 2024-10-26 20:51:19.916
!MESSAGE 自动刷新本机代码 5 时发生了问题。
!SUBENTRY 1 org.eclipse.core.resources 4 1 2024-10-26 20:51:19.916
!MESSAGE 自动刷新本机代码 5 时发生了问题。

!ENTRY org.eclipse.core.resources 4 1 2024-10-26 20:51:20.921
!MESSAGE 刷新资源时发生了问题
!SUBENTRY 1 org.eclipse.core.resources 4 1 2024-10-26 20:51:20.921
!MESSAGE 自动刷新本机代码 5 时发生了问题。
!SUBENTRY 1 org.eclipse.core.resources 4 1 2024-10-26 20:51:20.921
!MESSAGE 自动刷新本机代码 5 时发生了问题。

!ENTRY org.eclipse.core.resources 4 1 2024-10-26 20:51:21.935
!MESSAGE 刷新资源时发生了问题
!SUBENTRY 1 org.eclipse.core.resources 4 1 2024-10-26 20:51:21.935
!MESSAGE 自动刷新本机代码 5 时发生了问题。
!SUBENTRY 1 org.eclipse.core.resources 4 1 2024-10-26 20:51:21.935
!MESSAGE 自动刷新本机代码 5 时发生了问题。

!ENTRY org.eclipse.core.resources 4 1 2024-10-26 20:51:22.938
!MESSAGE 刷新资源时发生了问题
!SUBENTRY 1 org.eclipse.core.resources 4 1 2024-10-26 20:51:22.938
!MESSAGE 自动刷新本机代码 5 时发生了问题。
!SUBENTRY 1 org.eclipse.core.resources 4 1 2024-10-26 20:51:22.938
!MESSAGE 自动刷新本机代码 5 时发生了问题。

!ENTRY org.eclipse.core.resources 4 1 2024-10-26 20:51:23.940
!MESSAGE 刷新资源时发生了问题
!SUBENTRY 1 org.eclipse.core.resources 4 1 2024-10-26 20:51:23.940
!MESSAGE 自动刷新本机代码 5 时发生了问题。
!SUBENTRY 1 org.eclipse.core.resources 4 1 2024-10-26 20:51:23.940
!MESSAGE 自动刷新本机代码 5 时发生了问题。

!ENTRY org.eclipse.core.resources 4 1 2024-10-26 20:51:24.954
!MESSAGE 刷新资源时发生了问题
!SUBENTRY 1 org.eclipse.core.resources 4 1 2024-10-26 20:51:24.954
!MESSAGE 自动刷新本机代码 5 时发生了问题。
!SUBENTRY 1 org.eclipse.core.resources 4 1 2024-10-26 20:51:24.954
!MESSAGE 自动刷新本机代码 5 时发生了问题。

!ENTRY org.eclipse.core.resources 4 1 2024-10-26 20:51:25.968
!MESSAGE 刷新资源时发生了问题
!SUBENTRY 1 org.eclipse.core.resources 4 1 2024-10-26 20:51:25.968
!MESSAGE 自动刷新本机代码 5 时发生了问题。
!SUBENTRY 1 org.eclipse.core.resources 4 1 2024-10-26 20:51:25.968
!MESSAGE 自动刷新本机代码 5 时发生了问题。

!ENTRY org.eclipse.core.resources 4 1 2024-10-26 20:51:26.970
!MESSAGE 刷新资源时发生了问题
!SUBENTRY 1 org.eclipse.core.resources 4 1 2024-10-26 20:51:26.970
!MESSAGE 自动刷新本机代码 5 时发生了问题。
!SUBENTRY 1 org.eclipse.core.resources 4 1 2024-10-26 20:51:26.970
!MESSAGE 自动刷新本机代码 5 时发生了问题。

!ENTRY org.eclipse.core.resources 4 1 2024-10-26 20:51:27.973
!MESSAGE 刷新资源时发生了问题
!SUBENTRY 1 org.eclipse.core.resources 4 1 2024-10-26 20:51:27.973
!MESSAGE 自动刷新本机代码 5 时发生了问题。
!SUBENTRY 1 org.eclipse.core.resources 4 1 2024-10-26 20:51:27.973
!MESSAGE 自动刷新本机代码 5 时发生了问题。

!ENTRY org.eclipse.core.resources 4 1 2024-10-26 20:51:28.985
!MESSAGE 刷新资源时发生了问题
!SUBENTRY 1 org.eclipse.core.resources 4 1 2024-10-26 20:51:28.985
!MESSAGE 自动刷新本机代码 5 时发生了问题。
!SUBENTRY 1 org.eclipse.core.resources 4 1 2024-10-26 20:51:28.985
!MESSAGE 自动刷新本机代码 5 时发生了问题。

!ENTRY org.eclipse.core.resources 4 1 2024-10-26 20:51:29.987
!MESSAGE 刷新资源时发生了问题
!SUBENTRY 1 org.eclipse.core.resources 4 1 2024-10-26 20:51:29.987
!MESSAGE 自动刷新本机代码 5 时发生了问题。
!SUBENTRY 1 org.eclipse.core.resources 4 1 2024-10-26 20:51:29.987
!MESSAGE 自动刷新本机代码 5 时发生了问题。

!ENTRY org.eclipse.core.resources 4 1 2024-10-26 20:51:30.999
!MESSAGE 刷新资源时发生了问题
!SUBENTRY 1 org.eclipse.core.resources 4 1 2024-10-26 20:51:30.999
!MESSAGE 自动刷新本机代码 5 时发生了问题。
!SUBENTRY 1 org.eclipse.core.resources 4 1 2024-10-26 20:51:30.999
!MESSAGE 自动刷新本机代码 5 时发生了问题。

!ENTRY org.eclipse.core.resources 4 1 2024-10-26 20:51:32.013
!MESSAGE 刷新资源时发生了问题
!SUBENTRY 1 org.eclipse.core.resources 4 1 2024-10-26 20:51:32.013
!MESSAGE 自动刷新本机代码 5 时发生了问题。
!SUBENTRY 1 org.eclipse.core.resources 4 1 2024-10-26 20:51:32.013
!MESSAGE 自动刷新本机代码 5 时发生了问题。

!ENTRY org.eclipse.core.resources 4 1 2024-10-26 20:51:33.027
!MESSAGE 刷新资源时发生了问题
!SUBENTRY 1 org.eclipse.core.resources 4 1 2024-10-26 20:51:33.027
!MESSAGE 自动刷新本机代码 5 时发生了问题。
!SUBENTRY 1 org.eclipse.core.resources 4 1 2024-10-26 20:51:33.027
!MESSAGE 自动刷新本机代码 5 时发生了问题。

!ENTRY org.eclipse.core.resources 4 1 2024-10-26 20:51:34.031
!MESSAGE 刷新资源时发生了问题
!SUBENTRY 1 org.eclipse.core.resources 4 1 2024-10-26 20:51:34.031
!MESSAGE 自动刷新本机代码 5 时发生了问题。
!SUBENTRY 1 org.eclipse.core.resources 4 1 2024-10-26 20:51:34.031
!MESSAGE 自动刷新本机代码 5 时发生了问题。

!ENTRY org.eclipse.core.resources 4 1 2024-10-26 20:51:35.032
!MESSAGE 刷新资源时发生了问题
!SUBENTRY 1 org.eclipse.core.resources 4 1 2024-10-26 20:51:35.032
!MESSAGE 自动刷新本机代码 5 时发生了问题。
!SUBENTRY 1 org.eclipse.core.resources 4 1 2024-10-26 20:51:35.032
!MESSAGE 自动刷新本机代码 5 时发生了问题。

!ENTRY org.eclipse.core.resources 4 1 2024-10-26 20:51:36.044
!MESSAGE 刷新资源时发生了问题
!SUBENTRY 1 org.eclipse.core.resources 4 1 2024-10-26 20:51:36.044
!MESSAGE 自动刷新本机代码 5 时发生了问题。
!SUBENTRY 1 org.eclipse.core.resources 4 1 2024-10-26 20:51:36.044
!MESSAGE 自动刷新本机代码 5 时发生了问题。

!ENTRY org.eclipse.core.resources 4 1 2024-10-26 20:51:37.049
!MESSAGE 刷新资源时发生了问题
!SUBENTRY 1 org.eclipse.core.resources 4 1 2024-10-26 20:51:37.049
!MESSAGE 自动刷新本机代码 5 时发生了问题。
!SUBENTRY 1 org.eclipse.core.resources 4 1 2024-10-26 20:51:37.049
!MESSAGE 自动刷新本机代码 5 时发生了问题。

!ENTRY org.eclipse.core.resources 4 1 2024-10-26 20:51:38.063
!MESSAGE 刷新资源时发生了问题
!SUBENTRY 1 org.eclipse.core.resources 4 1 2024-10-26 20:51:38.063
!MESSAGE 自动刷新本机代码 5 时发生了问题。
!SUBENTRY 1 org.eclipse.core.resources 4 1 2024-10-26 20:51:38.063
!MESSAGE 自动刷新本机代码 5 时发生了问题。

!ENTRY org.eclipse.core.resources 4 1 2024-10-26 20:51:39.074
!MESSAGE 刷新资源时发生了问题
!SUBENTRY 1 org.eclipse.core.resources 4 1 2024-10-26 20:51:39.074
!MESSAGE 自动刷新本机代码 5 时发生了问题。
!SUBENTRY 1 org.eclipse.core.resources 4 1 2024-10-26 20:51:39.074
!MESSAGE 自动刷新本机代码 5 时发生了问题。

!ENTRY org.eclipse.core.resources 4 1 2024-10-26 20:51:40.087
!MESSAGE 刷新资源时发生了问题
!SUBENTRY 1 org.eclipse.core.resources 4 1 2024-10-26 20:51:40.087
!MESSAGE 自动刷新本机代码 5 时发生了问题。
!SUBENTRY 1 org.eclipse.core.resources 4 1 2024-10-26 20:51:40.087
!MESSAGE 自动刷新本机代码 5 时发生了问题。

!ENTRY org.eclipse.core.resources 4 1 2024-10-26 20:51:41.102
!MESSAGE 刷新资源时发生了问题
!SUBENTRY 1 org.eclipse.core.resources 4 1 2024-10-26 20:51:41.102
!MESSAGE 自动刷新本机代码 5 时发生了问题。
!SUBENTRY 1 org.eclipse.core.resources 4 1 2024-10-26 20:51:41.102
!MESSAGE 自动刷新本机代码 5 时发生了问题。

!ENTRY org.eclipse.core.resources 4 1 2024-10-26 20:51:42.118
!MESSAGE 刷新资源时发生了问题
!SUBENTRY 1 org.eclipse.core.resources 4 1 2024-10-26 20:51:42.118
!MESSAGE 自动刷新本机代码 5 时发生了问题。
!SUBENTRY 1 org.eclipse.core.resources 4 1 2024-10-26 20:51:42.118
!MESSAGE 自动刷新本机代码 5 时发生了问题。

!ENTRY org.eclipse.core.resources 4 1 2024-10-26 20:51:43.133
!MESSAGE 刷新资源时发生了问题
!SUBENTRY 1 org.eclipse.core.resources 4 1 2024-10-26 20:51:43.133
!MESSAGE 自动刷新本机代码 5 时发生了问题。
!SUBENTRY 1 org.eclipse.core.resources 4 1 2024-10-26 20:51:43.133
!MESSAGE 自动刷新本机代码 5 时发生了问题。

!ENTRY org.eclipse.core.resources 4 1 2024-10-26 20:51:44.147
!MESSAGE 刷新资源时发生了问题
!SUBENTRY 1 org.eclipse.core.resources 4 1 2024-10-26 20:51:44.147
!MESSAGE 自动刷新本机代码 5 时发生了问题。
!SUBENTRY 1 org.eclipse.core.resources 4 1 2024-10-26 20:51:44.147
!MESSAGE 自动刷新本机代码 5 时发生了问题。

!ENTRY org.eclipse.core.resources 4 1 2024-10-26 20:51:45.157
!MESSAGE 刷新资源时发生了问题
!SUBENTRY 1 org.eclipse.core.resources 4 1 2024-10-26 20:51:45.157
!MESSAGE 自动刷新本机代码 5 时发生了问题。
!SUBENTRY 1 org.eclipse.core.resources 4 1 2024-10-26 20:51:45.157
!MESSAGE 自动刷新本机代码 5 时发生了问题。

!ENTRY org.eclipse.core.resources 4 1 2024-10-26 20:51:46.160
!MESSAGE 刷新资源时发生了问题
!SUBENTRY 1 org.eclipse.core.resources 4 1 2024-10-26 20:51:46.160
!MESSAGE 自动刷新本机代码 5 时发生了问题。
!SUBENTRY 1 org.eclipse.core.resources 4 1 2024-10-26 20:51:46.160
!MESSAGE 自动刷新本机代码 5 时发生了问题。

!ENTRY org.eclipse.core.resources 4 1 2024-10-26 20:51:47.169
!MESSAGE 刷新资源时发生了问题
!SUBENTRY 1 org.eclipse.core.resources 4 1 2024-10-26 20:51:47.169
!MESSAGE 自动刷新本机代码 5 时发生了问题。
!SUBENTRY 1 org.eclipse.core.resources 4 1 2024-10-26 20:51:47.169
!MESSAGE 自动刷新本机代码 5 时发生了问题。

!ENTRY org.eclipse.core.resources 4 1 2024-10-26 20:51:48.186
!MESSAGE 刷新资源时发生了问题
!SUBENTRY 1 org.eclipse.core.resources 4 1 2024-10-26 20:51:48.186
!MESSAGE 自动刷新本机代码 5 时发生了问题。
!SUBENTRY 1 org.eclipse.core.resources 4 1 2024-10-26 20:51:48.186
!MESSAGE 自动刷新本机代码 5 时发生了问题。

!ENTRY org.eclipse.core.resources 4 1 2024-10-26 20:51:49.200
!MESSAGE 刷新资源时发生了问题
!SUBENTRY 1 org.eclipse.core.resources 4 1 2024-10-26 20:51:49.200
!MESSAGE 自动刷新本机代码 5 时发生了问题。
!SUBENTRY 1 org.eclipse.core.resources 4 1 2024-10-26 20:51:49.200
!MESSAGE 自动刷新本机代码 5 时发生了问题。

!ENTRY org.eclipse.core.resources 4 1 2024-10-26 20:51:50.203
!MESSAGE 刷新资源时发生了问题
!SUBENTRY 1 org.eclipse.core.resources 4 1 2024-10-26 20:51:50.203
!MESSAGE 自动刷新本机代码 5 时发生了问题。
!SUBENTRY 1 org.eclipse.core.resources 4 1 2024-10-26 20:51:50.203
!MESSAGE 自动刷新本机代码 5 时发生了问题。

!ENTRY org.eclipse.core.resources 4 1 2024-10-26 20:51:51.207
!MESSAGE 刷新资源时发生了问题
!SUBENTRY 1 org.eclipse.core.resources 4 1 2024-10-26 20:51:51.207
!MESSAGE 自动刷新本机代码 5 时发生了问题。
!SUBENTRY 1 org.eclipse.core.resources 4 1 2024-10-26 20:51:51.207
!MESSAGE 自动刷新本机代码 5 时发生了问题。

!ENTRY org.eclipse.core.resources 4 1 2024-10-26 20:51:52.218
!MESSAGE 刷新资源时发生了问题
!SUBENTRY 1 org.eclipse.core.resources 4 1 2024-10-26 20:51:52.218
!MESSAGE 自动刷新本机代码 5 时发生了问题。
!SUBENTRY 1 org.eclipse.core.resources 4 1 2024-10-26 20:51:52.218
!MESSAGE 自动刷新本机代码 5 时发生了问题。

!ENTRY org.eclipse.core.resources 4 1 2024-10-26 20:51:53.230
!MESSAGE 刷新资源时发生了问题
!SUBENTRY 1 org.eclipse.core.resources 4 1 2024-10-26 20:51:53.230
!MESSAGE 自动刷新本机代码 5 时发生了问题。
!SUBENTRY 1 org.eclipse.core.resources 4 1 2024-10-26 20:51:53.230
!MESSAGE 自动刷新本机代码 5 时发生了问题。

!ENTRY org.eclipse.core.resources 4 1 2024-10-26 20:51:54.231
!MESSAGE 刷新资源时发生了问题
!SUBENTRY 1 org.eclipse.core.resources 4 1 2024-10-26 20:51:54.231
!MESSAGE 自动刷新本机代码 5 时发生了问题。
!SUBENTRY 1 org.eclipse.core.resources 4 1 2024-10-26 20:51:54.231
!MESSAGE 自动刷新本机代码 5 时发生了问题。

!ENTRY org.eclipse.core.resources 4 1 2024-10-26 20:51:55.232
!MESSAGE 刷新资源时发生了问题
!SUBENTRY 1 org.eclipse.core.resources 4 1 2024-10-26 20:51:55.232
!MESSAGE 自动刷新本机代码 5 时发生了问题。
!SUBENTRY 1 org.eclipse.core.resources 4 1 2024-10-26 20:51:55.232
!MESSAGE 自动刷新本机代码 5 时发生了问题。

!ENTRY org.eclipse.core.resources 4 1 2024-10-26 20:51:56.238
!MESSAGE 刷新资源时发生了问题
!SUBENTRY 1 org.eclipse.core.resources 4 1 2024-10-26 20:51:56.238
!MESSAGE 自动刷新本机代码 5 时发生了问题。
!SUBENTRY 1 org.eclipse.core.resources 4 1 2024-10-26 20:51:56.238
!MESSAGE 自动刷新本机代码 5 时发生了问题。

!ENTRY org.eclipse.core.resources 4 1 2024-10-26 20:51:57.242
!MESSAGE 刷新资源时发生了问题
!SUBENTRY 1 org.eclipse.core.resources 4 1 2024-10-26 20:51:57.242
!MESSAGE 自动刷新本机代码 5 时发生了问题。
!SUBENTRY 1 org.eclipse.core.resources 4 1 2024-10-26 20:51:57.242
!MESSAGE 自动刷新本机代码 5 时发生了问题。

!ENTRY org.eclipse.core.resources 4 1 2024-10-26 20:51:58.256
!MESSAGE 刷新资源时发生了问题
!SUBENTRY 1 org.eclipse.core.resources 4 1 2024-10-26 20:51:58.256
!MESSAGE 自动刷新本机代码 5 时发生了问题。
!SUBENTRY 1 org.eclipse.core.resources 4 1 2024-10-26 20:51:58.256
!MESSAGE 自动刷新本机代码 5 时发生了问题。

!ENTRY org.eclipse.core.resources 4 1 2024-10-26 20:51:59.261
!MESSAGE 刷新资源时发生了问题
!SUBENTRY 1 org.eclipse.core.resources 4 1 2024-10-26 20:51:59.261
!MESSAGE 自动刷新本机代码 5 时发生了问题。
!SUBENTRY 1 org.eclipse.core.resources 4 1 2024-10-26 20:51:59.261
!MESSAGE 自动刷新本机代码 5 时发生了问题。

!ENTRY org.eclipse.core.resources 4 1 2024-10-26 20:52:00.264
!MESSAGE 刷新资源时发生了问题
!SUBENTRY 1 org.eclipse.core.resources 4 1 2024-10-26 20:52:00.264
!MESSAGE 自动刷新本机代码 5 时发生了问题。
!SUBENTRY 1 org.eclipse.core.resources 4 1 2024-10-26 20:52:00.264
!MESSAGE 自动刷新本机代码 5 时发生了问题。

!ENTRY org.eclipse.core.resources 4 1 2024-10-26 20:52:01.278
!MESSAGE 刷新资源时发生了问题
!SUBENTRY 1 org.eclipse.core.resources 4 1 2024-10-26 20:52:01.278
!MESSAGE 自动刷新本机代码 5 时发生了问题。
!SUBENTRY 1 org.eclipse.core.resources 4 1 2024-10-26 20:52:01.278
!MESSAGE 自动刷新本机代码 5 时发生了问题。

!ENTRY org.eclipse.core.resources 4 1 2024-10-26 20:52:02.292
!MESSAGE 刷新资源时发生了问题
!SUBENTRY 1 org.eclipse.core.resources 4 1 2024-10-26 20:52:02.292
!MESSAGE 自动刷新本机代码 5 时发生了问题。
!SUBENTRY 1 org.eclipse.core.resources 4 1 2024-10-26 20:52:02.292
!MESSAGE 自动刷新本机代码 5 时发生了问题。

!ENTRY org.eclipse.core.resources 4 1 2024-10-26 20:52:03.321
!MESSAGE 刷新资源时发生了问题
!SUBENTRY 1 org.eclipse.core.resources 4 1 2024-10-26 20:52:03.321
!MESSAGE 自动刷新本机代码 5 时发生了问题。
!SUBENTRY 1 org.eclipse.core.resources 4 1 2024-10-26 20:52:03.321
!MESSAGE 自动刷新本机代码 5 时发生了问题。

!ENTRY org.eclipse.core.resources 4 1 2024-10-26 20:52:04.323
!MESSAGE 刷新资源时发生了问题
!SUBENTRY 1 org.eclipse.core.resources 4 1 2024-10-26 20:52:04.323
!MESSAGE 自动刷新本机代码 5 时发生了问题。
!SUBENTRY 1 org.eclipse.core.resources 4 1 2024-10-26 20:52:04.323
!MESSAGE 自动刷新本机代码 5 时发生了问题。

!ENTRY org.eclipse.core.resources 4 1 2024-10-26 20:52:05.336
!MESSAGE 刷新资源时发生了问题
!SUBENTRY 1 org.eclipse.core.resources 4 1 2024-10-26 20:52:05.336
!MESSAGE 自动刷新本机代码 5 时发生了问题。
!SUBENTRY 1 org.eclipse.core.resources 4 1 2024-10-26 20:52:05.336
!MESSAGE 自动刷新本机代码 5 时发生了问题。

!ENTRY org.eclipse.core.resources 4 1 2024-10-26 20:52:06.340
!MESSAGE 刷新资源时发生了问题
!SUBENTRY 1 org.eclipse.core.resources 4 1 2024-10-26 20:52:06.341
!MESSAGE 自动刷新本机代码 5 时发生了问题。
!SUBENTRY 1 org.eclipse.core.resources 4 1 2024-10-26 20:52:06.341
!MESSAGE 自动刷新本机代码 5 时发生了问题。

!ENTRY org.eclipse.core.resources 4 1 2024-10-26 20:52:07.350
!MESSAGE 刷新资源时发生了问题
!SUBENTRY 1 org.eclipse.core.resources 4 1 2024-10-26 20:52:07.350
!MESSAGE 自动刷新本机代码 5 时发生了问题。
!SUBENTRY 1 org.eclipse.core.resources 4 1 2024-10-26 20:52:07.350
!MESSAGE 自动刷新本机代码 5 时发生了问题。

!ENTRY org.eclipse.core.resources 4 1 2024-10-26 20:52:08.360
!MESSAGE 刷新资源时发生了问题
!SUBENTRY 1 org.eclipse.core.resources 4 1 2024-10-26 20:52:08.360
!MESSAGE 自动刷新本机代码 5 时发生了问题。
!SUBENTRY 1 org.eclipse.core.resources 4 1 2024-10-26 20:52:08.360
!MESSAGE 自动刷新本机代码 5 时发生了问题。

!ENTRY org.eclipse.core.resources 4 1 2024-10-26 20:52:09.375
!MESSAGE 刷新资源时发生了问题
!SUBENTRY 1 org.eclipse.core.resources 4 1 2024-10-26 20:52:09.375
!MESSAGE 自动刷新本机代码 5 时发生了问题。
!SUBENTRY 1 org.eclipse.core.resources 4 1 2024-10-26 20:52:09.375
!MESSAGE 自动刷新本机代码 5 时发生了问题。

!ENTRY org.eclipse.core.resources 4 1 2024-10-26 20:52:10.377
!MESSAGE 刷新资源时发生了问题
!SUBENTRY 1 org.eclipse.core.resources 4 1 2024-10-26 20:52:10.377
!MESSAGE 自动刷新本机代码 5 时发生了问题。
!SUBENTRY 1 org.eclipse.core.resources 4 1 2024-10-26 20:52:10.377
!MESSAGE 自动刷新本机代码 5 时发生了问题。

!ENTRY org.eclipse.core.resources 4 1 2024-10-26 20:52:11.391
!MESSAGE 刷新资源时发生了问题
!SUBENTRY 1 org.eclipse.core.resources 4 1 2024-10-26 20:52:11.391
!MESSAGE 自动刷新本机代码 5 时发生了问题。
!SUBENTRY 1 org.eclipse.core.resources 4 1 2024-10-26 20:52:11.391
!MESSAGE 自动刷新本机代码 5 时发生了问题。

!ENTRY org.eclipse.core.resources 4 1 2024-10-26 20:52:12.394
!MESSAGE 刷新资源时发生了问题
!SUBENTRY 1 org.eclipse.core.resources 4 1 2024-10-26 20:52:12.394
!MESSAGE 自动刷新本机代码 5 时发生了问题。
!SUBENTRY 1 org.eclipse.core.resources 4 1 2024-10-26 20:52:12.394
!MESSAGE 自动刷新本机代码 5 时发生了问题。

!ENTRY org.eclipse.core.resources 4 1 2024-10-26 20:52:13.455
!MESSAGE 刷新资源时发生了问题
!SUBENTRY 1 org.eclipse.core.resources 4 1 2024-10-26 20:52:13.455
!MESSAGE 自动刷新本机代码 5 时发生了问题。
!SUBENTRY 1 org.eclipse.core.resources 4 1 2024-10-26 20:52:13.455
!MESSAGE 自动刷新本机代码 5 时发生了问题。

!ENTRY org.eclipse.core.resources 4 1 2024-10-26 20:52:14.467
!MESSAGE 刷新资源时发生了问题
!SUBENTRY 1 org.eclipse.core.resources 4 1 2024-10-26 20:52:14.467
!MESSAGE 自动刷新本机代码 5 时发生了问题。
!SUBENTRY 1 org.eclipse.core.resources 4 1 2024-10-26 20:52:14.467
!MESSAGE 自动刷新本机代码 5 时发生了问题。

!ENTRY org.eclipse.core.resources 4 1 2024-10-26 20:52:15.468
!MESSAGE 刷新资源时发生了问题
!SUBENTRY 1 org.eclipse.core.resources 4 1 2024-10-26 20:52:15.468
!MESSAGE 自动刷新本机代码 5 时发生了问题。
!SUBENTRY 1 org.eclipse.core.resources 4 1 2024-10-26 20:52:15.468
!MESSAGE 自动刷新本机代码 5 时发生了问题。

!ENTRY org.eclipse.core.resources 4 1 2024-10-26 20:52:16.483
!MESSAGE 刷新资源时发生了问题
!SUBENTRY 1 org.eclipse.core.resources 4 1 2024-10-26 20:52:16.483
!MESSAGE 自动刷新本机代码 5 时发生了问题。
!SUBENTRY 1 org.eclipse.core.resources 4 1 2024-10-26 20:52:16.483
!MESSAGE 自动刷新本机代码 5 时发生了问题。

!ENTRY org.eclipse.core.resources 4 1 2024-10-26 20:52:17.680
!MESSAGE 刷新资源时发生了问题
!SUBENTRY 1 org.eclipse.core.resources 4 1 2024-10-26 20:52:17.680
!MESSAGE 自动刷新本机代码 5 时发生了问题。
!SUBENTRY 1 org.eclipse.core.resources 4 1 2024-10-26 20:52:17.680
!MESSAGE 自动刷新本机代码 5 时发生了问题。

!ENTRY org.eclipse.core.resources 4 1 2024-10-26 20:52:18.741
!MESSAGE 刷新资源时发生了问题
!SUBENTRY 1 org.eclipse.core.resources 4 1 2024-10-26 20:52:18.741
!MESSAGE 自动刷新本机代码 5 时发生了问题。
!SUBENTRY 1 org.eclipse.core.resources 4 1 2024-10-26 20:52:18.741
!MESSAGE 自动刷新本机代码 5 时发生了问题。

!ENTRY org.eclipse.core.resources 4 1 2024-10-26 20:52:19.745
!MESSAGE 刷新资源时发生了问题
!SUBENTRY 1 org.eclipse.core.resources 4 1 2024-10-26 20:52:19.745
!MESSAGE 自动刷新本机代码 5 时发生了问题。
!SUBENTRY 1 org.eclipse.core.resources 4 1 2024-10-26 20:52:19.745
!MESSAGE 自动刷新本机代码 5 时发生了问题。

!ENTRY org.eclipse.core.resources 4 1 2024-10-26 20:52:20.753
!MESSAGE 刷新资源时发生了问题
!SUBENTRY 1 org.eclipse.core.resources 4 1 2024-10-26 20:52:20.753
!MESSAGE 自动刷新本机代码 5 时发生了问题。
!SUBENTRY 1 org.eclipse.core.resources 4 1 2024-10-26 20:52:20.753
!MESSAGE 自动刷新本机代码 5 时发生了问题。

!ENTRY org.eclipse.core.resources 4 1 2024-10-26 20:52:21.764
!MESSAGE 刷新资源时发生了问题
!SUBENTRY 1 org.eclipse.core.resources 4 1 2024-10-26 20:52:21.764
!MESSAGE 自动刷新本机代码 5 时发生了问题。
!SUBENTRY 1 org.eclipse.core.resources 4 1 2024-10-26 20:52:21.764
!MESSAGE 自动刷新本机代码 5 时发生了问题。

!ENTRY org.eclipse.core.resources 4 1 2024-10-26 20:52:22.768
!MESSAGE 刷新资源时发生了问题
!SUBENTRY 1 org.eclipse.core.resources 4 1 2024-10-26 20:52:22.768
!MESSAGE 自动刷新本机代码 5 时发生了问题。
!SUBENTRY 1 org.eclipse.core.resources 4 1 2024-10-26 20:52:22.768
!MESSAGE 自动刷新本机代码 5 时发生了问题。

!ENTRY org.eclipse.core.resources 4 1 2024-10-26 20:52:23.770
!MESSAGE 刷新资源时发生了问题
!SUBENTRY 1 org.eclipse.core.resources 4 1 2024-10-26 20:52:23.770
!MESSAGE 自动刷新本机代码 5 时发生了问题。
!SUBENTRY 1 org.eclipse.core.resources 4 1 2024-10-26 20:52:23.770
!MESSAGE 自动刷新本机代码 5 时发生了问题。

!ENTRY org.eclipse.core.resources 4 1 2024-10-26 20:52:24.774
!MESSAGE 刷新资源时发生了问题
!SUBENTRY 1 org.eclipse.core.resources 4 1 2024-10-26 20:52:24.774
!MESSAGE 自动刷新本机代码 5 时发生了问题。
!SUBENTRY 1 org.eclipse.core.resources 4 1 2024-10-26 20:52:24.774
!MESSAGE 自动刷新本机代码 5 时发生了问题。

!ENTRY org.eclipse.core.resources 4 1 2024-10-26 20:52:25.779
!MESSAGE 刷新资源时发生了问题
!SUBENTRY 1 org.eclipse.core.resources 4 1 2024-10-26 20:52:25.779
!MESSAGE 自动刷新本机代码 5 时发生了问题。
!SUBENTRY 1 org.eclipse.core.resources 4 1 2024-10-26 20:52:25.779
!MESSAGE 自动刷新本机代码 5 时发生了问题。

!ENTRY org.eclipse.core.resources 4 1 2024-10-26 20:52:26.794
!MESSAGE 刷新资源时发生了问题
!SUBENTRY 1 org.eclipse.core.resources 4 1 2024-10-26 20:52:26.794
!MESSAGE 自动刷新本机代码 5 时发生了问题。
!SUBENTRY 1 org.eclipse.core.resources 4 1 2024-10-26 20:52:26.794
!MESSAGE 自动刷新本机代码 5 时发生了问题。

!ENTRY org.eclipse.core.resources 4 1 2024-10-26 20:52:27.807
!MESSAGE 刷新资源时发生了问题
!SUBENTRY 1 org.eclipse.core.resources 4 1 2024-10-26 20:52:27.807
!MESSAGE 自动刷新本机代码 5 时发生了问题。
!SUBENTRY 1 org.eclipse.core.resources 4 1 2024-10-26 20:52:27.807
!MESSAGE 自动刷新本机代码 5 时发生了问题。

!ENTRY org.eclipse.core.resources 4 1 2024-10-26 20:52:28.809
!MESSAGE 刷新资源时发生了问题
!SUBENTRY 1 org.eclipse.core.resources 4 1 2024-10-26 20:52:28.809
!MESSAGE 自动刷新本机代码 5 时发生了问题。
!SUBENTRY 1 org.eclipse.core.resources 4 1 2024-10-26 20:52:28.809
!MESSAGE 自动刷新本机代码 5 时发生了问题。

!ENTRY org.eclipse.core.resources 4 1 2024-10-26 20:52:29.813
!MESSAGE 刷新资源时发生了问题
!SUBENTRY 1 org.eclipse.core.resources 4 1 2024-10-26 20:52:29.813
!MESSAGE 自动刷新本机代码 5 时发生了问题。
!SUBENTRY 1 org.eclipse.core.resources 4 1 2024-10-26 20:52:29.813
!MESSAGE 自动刷新本机代码 5 时发生了问题。

!ENTRY org.eclipse.core.resources 4 1 2024-10-26 20:52:30.814
!MESSAGE 刷新资源时发生了问题
!SUBENTRY 1 org.eclipse.core.resources 4 1 2024-10-26 20:52:30.814
!MESSAGE 自动刷新本机代码 5 时发生了问题。
!SUBENTRY 1 org.eclipse.core.resources 4 1 2024-10-26 20:52:30.814
!MESSAGE 自动刷新本机代码 5 时发生了问题。

!ENTRY org.eclipse.core.resources 4 1 2024-10-26 20:52:31.823
!MESSAGE 刷新资源时发生了问题
!SUBENTRY 1 org.eclipse.core.resources 4 1 2024-10-26 20:52:31.823
!MESSAGE 自动刷新本机代码 5 时发生了问题。
!SUBENTRY 1 org.eclipse.core.resources 4 1 2024-10-26 20:52:31.823
!MESSAGE 自动刷新本机代码 5 时发生了问题。

!ENTRY org.eclipse.core.resources 4 1 2024-10-26 20:52:32.831
!MESSAGE 刷新资源时发生了问题
!SUBENTRY 1 org.eclipse.core.resources 4 1 2024-10-26 20:52:32.831
!MESSAGE 自动刷新本机代码 5 时发生了问题。
!SUBENTRY 1 org.eclipse.core.resources 4 1 2024-10-26 20:52:32.831
!MESSAGE 自动刷新本机代码 5 时发生了问题。

!ENTRY org.eclipse.core.resources 4 1 2024-10-26 20:52:33.835
!MESSAGE 刷新资源时发生了问题
!SUBENTRY 1 org.eclipse.core.resources 4 1 2024-10-26 20:52:33.835
!MESSAGE 自动刷新本机代码 5 时发生了问题。
!SUBENTRY 1 org.eclipse.core.resources 4 1 2024-10-26 20:52:33.835
!MESSAGE 自动刷新本机代码 5 时发生了问题。

!ENTRY org.eclipse.core.resources 4 1 2024-10-26 20:52:34.850
!MESSAGE 刷新资源时发生了问题
!SUBENTRY 1 org.eclipse.core.resources 4 1 2024-10-26 20:52:34.850
!MESSAGE 自动刷新本机代码 5 时发生了问题。
!SUBENTRY 1 org.eclipse.core.resources 4 1 2024-10-26 20:52:34.850
!MESSAGE 自动刷新本机代码 5 时发生了问题。

!ENTRY org.eclipse.core.resources 4 1 2024-10-26 20:52:35.863
!MESSAGE 刷新资源时发生了问题
!SUBENTRY 1 org.eclipse.core.resources 4 1 2024-10-26 20:52:35.863
!MESSAGE 自动刷新本机代码 5 时发生了问题。
!SUBENTRY 1 org.eclipse.core.resources 4 1 2024-10-26 20:52:35.863
!MESSAGE 自动刷新本机代码 5 时发生了问题。

!ENTRY org.eclipse.core.resources 4 1 2024-10-26 20:52:36.870
!MESSAGE 刷新资源时发生了问题
!SUBENTRY 1 org.eclipse.core.resources 4 1 2024-10-26 20:52:36.870
!MESSAGE 自动刷新本机代码 5 时发生了问题。
!SUBENTRY 1 org.eclipse.core.resources 4 1 2024-10-26 20:52:36.870
!MESSAGE 自动刷新本机代码 5 时发生了问题。

!ENTRY org.eclipse.core.resources 4 1 2024-10-26 20:52:37.874
!MESSAGE 刷新资源时发生了问题
!SUBENTRY 1 org.eclipse.core.resources 4 1 2024-10-26 20:52:37.874
!MESSAGE 自动刷新本机代码 5 时发生了问题。
!SUBENTRY 1 org.eclipse.core.resources 4 1 2024-10-26 20:52:37.874
!MESSAGE 自动刷新本机代码 5 时发生了问题。

!ENTRY org.eclipse.core.resources 4 1 2024-10-26 20:52:38.887
!MESSAGE 刷新资源时发生了问题
!SUBENTRY 1 org.eclipse.core.resources 4 1 2024-10-26 20:52:38.887
!MESSAGE 自动刷新本机代码 5 时发生了问题。
!SUBENTRY 1 org.eclipse.core.resources 4 1 2024-10-26 20:52:38.887
!MESSAGE 自动刷新本机代码 5 时发生了问题。

!ENTRY org.eclipse.core.resources 4 1 2024-10-26 20:52:39.901
!MESSAGE 刷新资源时发生了问题
!SUBENTRY 1 org.eclipse.core.resources 4 1 2024-10-26 20:52:39.901
!MESSAGE 自动刷新本机代码 5 时发生了问题。
!SUBENTRY 1 org.eclipse.core.resources 4 1 2024-10-26 20:52:39.901
!MESSAGE 自动刷新本机代码 5 时发生了问题。

!ENTRY org.eclipse.core.resources 4 1 2024-10-26 20:52:40.914
!MESSAGE 刷新资源时发生了问题
!SUBENTRY 1 org.eclipse.core.resources 4 1 2024-10-26 20:52:40.914
!MESSAGE 自动刷新本机代码 5 时发生了问题。
!SUBENTRY 1 org.eclipse.core.resources 4 1 2024-10-26 20:52:40.914
!MESSAGE 自动刷新本机代码 5 时发生了问题。

!ENTRY org.eclipse.core.resources 4 1 2024-10-26 20:52:41.916
!MESSAGE 刷新资源时发生了问题
!SUBENTRY 1 org.eclipse.core.resources 4 1 2024-10-26 20:52:41.916
!MESSAGE 自动刷新本机代码 5 时发生了问题。
!SUBENTRY 1 org.eclipse.core.resources 4 1 2024-10-26 20:52:41.916
!MESSAGE 自动刷新本机代码 5 时发生了问题。

!ENTRY org.eclipse.core.resources 4 1 2024-10-26 20:52:42.930
!MESSAGE 刷新资源时发生了问题
!SUBENTRY 1 org.eclipse.core.resources 4 1 2024-10-26 20:52:42.930
!MESSAGE 自动刷新本机代码 5 时发生了问题。
!SUBENTRY 1 org.eclipse.core.resources 4 1 2024-10-26 20:52:42.930
!MESSAGE 自动刷新本机代码 5 时发生了问题。

!ENTRY org.eclipse.core.resources 4 1 2024-10-26 20:52:43.933
!MESSAGE 刷新资源时发生了问题
!SUBENTRY 1 org.eclipse.core.resources 4 1 2024-10-26 20:52:43.933
!MESSAGE 自动刷新本机代码 5 时发生了问题。
!SUBENTRY 1 org.eclipse.core.resources 4 1 2024-10-26 20:52:43.933
!MESSAGE 自动刷新本机代码 5 时发生了问题。

!ENTRY org.eclipse.core.resources 4 1 2024-10-26 20:52:44.948
!MESSAGE 刷新资源时发生了问题
!SUBENTRY 1 org.eclipse.core.resources 4 1 2024-10-26 20:52:44.948
!MESSAGE 自动刷新本机代码 5 时发生了问题。
!SUBENTRY 1 org.eclipse.core.resources 4 1 2024-10-26 20:52:44.948
!MESSAGE 自动刷新本机代码 5 时发生了问题。

!ENTRY org.eclipse.core.resources 4 1 2024-10-26 20:52:45.962
!MESSAGE 刷新资源时发生了问题
!SUBENTRY 1 org.eclipse.core.resources 4 1 2024-10-26 20:52:45.962
!MESSAGE 自动刷新本机代码 5 时发生了问题。
!SUBENTRY 1 org.eclipse.core.resources 4 1 2024-10-26 20:52:45.962
!MESSAGE 自动刷新本机代码 5 时发生了问题。

!ENTRY org.eclipse.core.resources 4 1 2024-10-26 20:52:46.973
!MESSAGE 刷新资源时发生了问题
!SUBENTRY 1 org.eclipse.core.resources 4 1 2024-10-26 20:52:46.973
!MESSAGE 自动刷新本机代码 5 时发生了问题。
!SUBENTRY 1 org.eclipse.core.resources 4 1 2024-10-26 20:52:46.973
!MESSAGE 自动刷新本机代码 5 时发生了问题。

!ENTRY org.eclipse.core.resources 4 1 2024-10-26 20:52:47.982
!MESSAGE 刷新资源时发生了问题
!SUBENTRY 1 org.eclipse.core.resources 4 1 2024-10-26 20:52:47.982
!MESSAGE 自动刷新本机代码 5 时发生了问题。
!SUBENTRY 1 org.eclipse.core.resources 4 1 2024-10-26 20:52:47.982
!MESSAGE 自动刷新本机代码 5 时发生了问题。

!ENTRY org.eclipse.core.resources 4 1 2024-10-26 20:52:48.986
!MESSAGE 刷新资源时发生了问题
!SUBENTRY 1 org.eclipse.core.resources 4 1 2024-10-26 20:52:48.986
!MESSAGE 自动刷新本机代码 5 时发生了问题。
!SUBENTRY 1 org.eclipse.core.resources 4 1 2024-10-26 20:52:48.986
!MESSAGE 自动刷新本机代码 5 时发生了问题。

!ENTRY org.eclipse.core.resources 4 1 2024-10-26 20:52:49.999
!MESSAGE 刷新资源时发生了问题
!SUBENTRY 1 org.eclipse.core.resources 4 1 2024-10-26 20:52:49.999
!MESSAGE 自动刷新本机代码 5 时发生了问题。
!SUBENTRY 1 org.eclipse.core.resources 4 1 2024-10-26 20:52:49.999
!MESSAGE 自动刷新本机代码 5 时发生了问题。

!ENTRY org.eclipse.core.resources 4 1 2024-10-26 20:52:51.000
!MESSAGE 刷新资源时发生了问题
!SUBENTRY 1 org.eclipse.core.resources 4 1 2024-10-26 20:52:51.000
!MESSAGE 自动刷新本机代码 5 时发生了问题。
!SUBENTRY 1 org.eclipse.core.resources 4 1 2024-10-26 20:52:51.000
!MESSAGE 自动刷新本机代码 5 时发生了问题。

!ENTRY org.eclipse.core.resources 4 1 2024-10-26 20:52:52.001
!MESSAGE 刷新资源时发生了问题
!SUBENTRY 1 org.eclipse.core.resources 4 1 2024-10-26 20:52:52.001
!MESSAGE 自动刷新本机代码 5 时发生了问题。
!SUBENTRY 1 org.eclipse.core.resources 4 1 2024-10-26 20:52:52.001
!MESSAGE 自动刷新本机代码 5 时发生了问题。

!ENTRY org.eclipse.core.resources 4 1 2024-10-26 20:52:53.002
!MESSAGE 刷新资源时发生了问题
!SUBENTRY 1 org.eclipse.core.resources 4 1 2024-10-26 20:52:53.002
!MESSAGE 自动刷新本机代码 5 时发生了问题。
!SUBENTRY 1 org.eclipse.core.resources 4 1 2024-10-26 20:52:53.002
!MESSAGE 自动刷新本机代码 5 时发生了问题。

!ENTRY org.eclipse.core.resources 4 1 2024-10-26 20:52:54.064
!MESSAGE 刷新资源时发生了问题
!SUBENTRY 1 org.eclipse.core.resources 4 1 2024-10-26 20:52:54.064
!MESSAGE 自动刷新本机代码 5 时发生了问题。
!SUBENTRY 1 org.eclipse.core.resources 4 1 2024-10-26 20:52:54.064
!MESSAGE 自动刷新本机代码 5 时发生了问题。

!ENTRY org.eclipse.core.resources 4 1 2024-10-26 20:52:55.076
!MESSAGE 刷新资源时发生了问题
!SUBENTRY 1 org.eclipse.core.resources 4 1 2024-10-26 20:52:55.076
!MESSAGE 自动刷新本机代码 5 时发生了问题。
!SUBENTRY 1 org.eclipse.core.resources 4 1 2024-10-26 20:52:55.076
!MESSAGE 自动刷新本机代码 5 时发生了问题。

!ENTRY org.eclipse.core.resources 4 1 2024-10-26 20:52:56.079
!MESSAGE 刷新资源时发生了问题
!SUBENTRY 1 org.eclipse.core.resources 4 1 2024-10-26 20:52:56.079
!MESSAGE 自动刷新本机代码 5 时发生了问题。
!SUBENTRY 1 org.eclipse.core.resources 4 1 2024-10-26 20:52:56.079
!MESSAGE 自动刷新本机代码 5 时发生了问题。

!ENTRY org.eclipse.core.resources 4 1 2024-10-26 20:52:57.094
!MESSAGE 刷新资源时发生了问题
!SUBENTRY 1 org.eclipse.core.resources 4 1 2024-10-26 20:52:57.094
!MESSAGE 自动刷新本机代码 5 时发生了问题。
!SUBENTRY 1 org.eclipse.core.resources 4 1 2024-10-26 20:52:57.094
!MESSAGE 自动刷新本机代码 5 时发生了问题。

!ENTRY org.eclipse.core.resources 4 1 2024-10-26 20:52:58.101
!MESSAGE 刷新资源时发生了问题
!SUBENTRY 1 org.eclipse.core.resources 4 1 2024-10-26 20:52:58.101
!MESSAGE 自动刷新本机代码 5 时发生了问题。
!SUBENTRY 1 org.eclipse.core.resources 4 1 2024-10-26 20:52:58.101
!MESSAGE 自动刷新本机代码 5 时发生了问题。

!ENTRY org.eclipse.core.resources 4 1 2024-10-26 20:52:59.110
!MESSAGE 刷新资源时发生了问题
!SUBENTRY 1 org.eclipse.core.resources 4 1 2024-10-26 20:52:59.110
!MESSAGE 自动刷新本机代码 5 时发生了问题。
!SUBENTRY 1 org.eclipse.core.resources 4 1 2024-10-26 20:52:59.110
!MESSAGE 自动刷新本机代码 5 时发生了问题。

!ENTRY org.eclipse.core.resources 4 1 2024-10-26 20:53:00.122
!MESSAGE 刷新资源时发生了问题
!SUBENTRY 1 org.eclipse.core.resources 4 1 2024-10-26 20:53:00.122
!MESSAGE 自动刷新本机代码 5 时发生了问题。
!SUBENTRY 1 org.eclipse.core.resources 4 1 2024-10-26 20:53:00.122
!MESSAGE 自动刷新本机代码 5 时发生了问题。

!ENTRY org.eclipse.core.resources 4 1 2024-10-26 20:53:01.125
!MESSAGE 刷新资源时发生了问题
!SUBENTRY 1 org.eclipse.core.resources 4 1 2024-10-26 20:53:01.125
!MESSAGE 自动刷新本机代码 5 时发生了问题。
!SUBENTRY 1 org.eclipse.core.resources 4 1 2024-10-26 20:53:01.125
!MESSAGE 自动刷新本机代码 5 时发生了问题。

!ENTRY org.eclipse.core.resources 4 1 2024-10-26 20:53:02.141
!MESSAGE 刷新资源时发生了问题
!SUBENTRY 1 org.eclipse.core.resources 4 1 2024-10-26 20:53:02.141
!MESSAGE 自动刷新本机代码 5 时发生了问题。
!SUBENTRY 1 org.eclipse.core.resources 4 1 2024-10-26 20:53:02.141
!MESSAGE 自动刷新本机代码 5 时发生了问题。

!ENTRY org.eclipse.core.resources 4 1 2024-10-26 20:53:03.153
!MESSAGE 刷新资源时发生了问题
!SUBENTRY 1 org.eclipse.core.resources 4 1 2024-10-26 20:53:03.153
!MESSAGE 自动刷新本机代码 5 时发生了问题。
!SUBENTRY 1 org.eclipse.core.resources 4 1 2024-10-26 20:53:03.153
!MESSAGE 自动刷新本机代码 5 时发生了问题。

!ENTRY org.eclipse.core.resources 4 1 2024-10-26 20:53:04.154
!MESSAGE 刷新资源时发生了问题
!SUBENTRY 1 org.eclipse.core.resources 4 1 2024-10-26 20:53:04.154
!MESSAGE 自动刷新本机代码 5 时发生了问题。
!SUBENTRY 1 org.eclipse.core.resources 4 1 2024-10-26 20:53:04.154
!MESSAGE 自动刷新本机代码 5 时发生了问题。

!ENTRY org.eclipse.core.resources 4 1 2024-10-26 20:53:05.170
!MESSAGE 刷新资源时发生了问题
!SUBENTRY 1 org.eclipse.core.resources 4 1 2024-10-26 20:53:05.170
!MESSAGE 自动刷新本机代码 5 时发生了问题。
!SUBENTRY 1 org.eclipse.core.resources 4 1 2024-10-26 20:53:05.170
!MESSAGE 自动刷新本机代码 5 时发生了问题。

!ENTRY org.eclipse.core.resources 4 1 2024-10-26 20:53:06.182
!MESSAGE 刷新资源时发生了问题
!SUBENTRY 1 org.eclipse.core.resources 4 1 2024-10-26 20:53:06.182
!MESSAGE 自动刷新本机代码 5 时发生了问题。
!SUBENTRY 1 org.eclipse.core.resources 4 1 2024-10-26 20:53:06.182
!MESSAGE 自动刷新本机代码 5 时发生了问题。

!ENTRY org.eclipse.core.resources 4 1 2024-10-26 20:53:07.198
!MESSAGE 刷新资源时发生了问题
!SUBENTRY 1 org.eclipse.core.resources 4 1 2024-10-26 20:53:07.198
!MESSAGE 自动刷新本机代码 5 时发生了问题。
!SUBENTRY 1 org.eclipse.core.resources 4 1 2024-10-26 20:53:07.198
!MESSAGE 自动刷新本机代码 5 时发生了问题。

!ENTRY org.eclipse.core.resources 4 1 2024-10-26 20:53:08.200
!MESSAGE 刷新资源时发生了问题
!SUBENTRY 1 org.eclipse.core.resources 4 1 2024-10-26 20:53:08.200
!MESSAGE 自动刷新本机代码 5 时发生了问题。
!SUBENTRY 1 org.eclipse.core.resources 4 1 2024-10-26 20:53:08.200
!MESSAGE 自动刷新本机代码 5 时发生了问题。

!ENTRY org.eclipse.core.resources 4 1 2024-10-26 20:53:09.214
!MESSAGE 刷新资源时发生了问题
!SUBENTRY 1 org.eclipse.core.resources 4 1 2024-10-26 20:53:09.214
!MESSAGE 自动刷新本机代码 5 时发生了问题。
!SUBENTRY 1 org.eclipse.core.resources 4 1 2024-10-26 20:53:09.214
!MESSAGE 自动刷新本机代码 5 时发生了问题。

!ENTRY org.eclipse.core.resources 4 1 2024-10-26 20:53:10.215
!MESSAGE 刷新资源时发生了问题
!SUBENTRY 1 org.eclipse.core.resources 4 1 2024-10-26 20:53:10.215
!MESSAGE 自动刷新本机代码 5 时发生了问题。
!SUBENTRY 1 org.eclipse.core.resources 4 1 2024-10-26 20:53:10.215
!MESSAGE 自动刷新本机代码 5 时发生了问题。

!ENTRY org.eclipse.core.resources 4 1 2024-10-26 20:53:11.275
!MESSAGE 刷新资源时发生了问题
!SUBENTRY 1 org.eclipse.core.resources 4 1 2024-10-26 20:53:11.275
!MESSAGE 自动刷新本机代码 5 时发生了问题。
!SUBENTRY 1 org.eclipse.core.resources 4 1 2024-10-26 20:53:11.275
!MESSAGE 自动刷新本机代码 5 时发生了问题。

!ENTRY org.eclipse.core.resources 4 1 2024-10-26 20:53:12.285
!MESSAGE 刷新资源时发生了问题
!SUBENTRY 1 org.eclipse.core.resources 4 1 2024-10-26 20:53:12.285
!MESSAGE 自动刷新本机代码 5 时发生了问题。
!SUBENTRY 1 org.eclipse.core.resources 4 1 2024-10-26 20:53:12.285
!MESSAGE 自动刷新本机代码 5 时发生了问题。

!ENTRY org.eclipse.core.resources 4 1 2024-10-26 20:53:13.301
!MESSAGE 刷新资源时发生了问题
!SUBENTRY 1 org.eclipse.core.resources 4 1 2024-10-26 20:53:13.301
!MESSAGE 自动刷新本机代码 5 时发生了问题。
!SUBENTRY 1 org.eclipse.core.resources 4 1 2024-10-26 20:53:13.301
!MESSAGE 自动刷新本机代码 5 时发生了问题。

!ENTRY org.eclipse.core.resources 4 1 2024-10-26 20:53:14.315
!MESSAGE 刷新资源时发生了问题
!SUBENTRY 1 org.eclipse.core.resources 4 1 2024-10-26 20:53:14.315
!MESSAGE 自动刷新本机代码 5 时发生了问题。
!SUBENTRY 1 org.eclipse.core.resources 4 1 2024-10-26 20:53:14.315
!MESSAGE 自动刷新本机代码 5 时发生了问题。

!ENTRY org.eclipse.core.resources 4 1 2024-10-26 20:53:15.329
!MESSAGE 刷新资源时发生了问题
!SUBENTRY 1 org.eclipse.core.resources 4 1 2024-10-26 20:53:15.329
!MESSAGE 自动刷新本机代码 5 时发生了问题。
!SUBENTRY 1 org.eclipse.core.resources 4 1 2024-10-26 20:53:15.329
!MESSAGE 自动刷新本机代码 5 时发生了问题。

!ENTRY org.eclipse.core.resources 4 1 2024-10-26 20:53:16.334
!MESSAGE 刷新资源时发生了问题
!SUBENTRY 1 org.eclipse.core.resources 4 1 2024-10-26 20:53:16.334
!MESSAGE 自动刷新本机代码 5 时发生了问题。
!SUBENTRY 1 org.eclipse.core.resources 4 1 2024-10-26 20:53:16.334
!MESSAGE 自动刷新本机代码 5 时发生了问题。

!ENTRY org.eclipse.core.resources 4 1 2024-10-26 20:53:17.348
!MESSAGE 刷新资源时发生了问题
!SUBENTRY 1 org.eclipse.core.resources 4 1 2024-10-26 20:53:17.348
!MESSAGE 自动刷新本机代码 5 时发生了问题。
!SUBENTRY 1 org.eclipse.core.resources 4 1 2024-10-26 20:53:17.348
!MESSAGE 自动刷新本机代码 5 时发生了问题。

!ENTRY org.eclipse.core.resources 4 1 2024-10-26 20:53:18.364
!MESSAGE 刷新资源时发生了问题
!SUBENTRY 1 org.eclipse.core.resources 4 1 2024-10-26 20:53:18.364
!MESSAGE 自动刷新本机代码 5 时发生了问题。
!SUBENTRY 1 org.eclipse.core.resources 4 1 2024-10-26 20:53:18.364
!MESSAGE 自动刷新本机代码 5 时发生了问题。

!ENTRY org.eclipse.core.resources 4 1 2024-10-26 20:53:19.376
!MESSAGE 刷新资源时发生了问题
!SUBENTRY 1 org.eclipse.core.resources 4 1 2024-10-26 20:53:19.376
!MESSAGE 自动刷新本机代码 5 时发生了问题。
!SUBENTRY 1 org.eclipse.core.resources 4 1 2024-10-26 20:53:19.376
!MESSAGE 自动刷新本机代码 5 时发生了问题。

!ENTRY org.eclipse.core.resources 4 1 2024-10-26 20:53:20.378
!MESSAGE 刷新资源时发生了问题
!SUBENTRY 1 org.eclipse.core.resources 4 1 2024-10-26 20:53:20.378
!MESSAGE 自动刷新本机代码 5 时发生了问题。
!SUBENTRY 1 org.eclipse.core.resources 4 1 2024-10-26 20:53:20.378
!MESSAGE 自动刷新本机代码 5 时发生了问题。

!ENTRY org.eclipse.core.resources 4 1 2024-10-26 20:53:21.380
!MESSAGE 刷新资源时发生了问题
!SUBENTRY 1 org.eclipse.core.resources 4 1 2024-10-26 20:53:21.380
!MESSAGE 自动刷新本机代码 5 时发生了问题。
!SUBENTRY 1 org.eclipse.core.resources 4 1 2024-10-26 20:53:21.380
!MESSAGE 自动刷新本机代码 5 时发生了问题。

!ENTRY org.eclipse.core.resources 4 1 2024-10-26 20:53:22.382
!MESSAGE 刷新资源时发生了问题
!SUBENTRY 1 org.eclipse.core.resources 4 1 2024-10-26 20:53:22.382
!MESSAGE 自动刷新本机代码 5 时发生了问题。
!SUBENTRY 1 org.eclipse.core.resources 4 1 2024-10-26 20:53:22.382
!MESSAGE 自动刷新本机代码 5 时发生了问题。

!ENTRY org.eclipse.core.resources 4 1 2024-10-26 20:53:23.384
!MESSAGE 刷新资源时发生了问题
!SUBENTRY 1 org.eclipse.core.resources 4 1 2024-10-26 20:53:23.384
!MESSAGE 自动刷新本机代码 5 时发生了问题。
!SUBENTRY 1 org.eclipse.core.resources 4 1 2024-10-26 20:53:23.384
!MESSAGE 自动刷新本机代码 5 时发生了问题。

!ENTRY org.eclipse.core.resources 4 1 2024-10-26 20:53:24.396
!MESSAGE 刷新资源时发生了问题
!SUBENTRY 1 org.eclipse.core.resources 4 1 2024-10-26 20:53:24.396
!MESSAGE 自动刷新本机代码 5 时发生了问题。
!SUBENTRY 1 org.eclipse.core.resources 4 1 2024-10-26 20:53:24.396
!MESSAGE 自动刷新本机代码 5 时发生了问题。

!ENTRY org.eclipse.core.resources 4 1 2024-10-26 20:53:25.405
!MESSAGE 刷新资源时发生了问题
!SUBENTRY 1 org.eclipse.core.resources 4 1 2024-10-26 20:53:25.405
!MESSAGE 自动刷新本机代码 5 时发生了问题。
!SUBENTRY 1 org.eclipse.core.resources 4 1 2024-10-26 20:53:25.405
!MESSAGE 自动刷新本机代码 5 时发生了问题。

!ENTRY org.eclipse.core.resources 4 1 2024-10-26 20:53:26.407
!MESSAGE 刷新资源时发生了问题
!SUBENTRY 1 org.eclipse.core.resources 4 1 2024-10-26 20:53:26.407
!MESSAGE 自动刷新本机代码 5 时发生了问题。
!SUBENTRY 1 org.eclipse.core.resources 4 1 2024-10-26 20:53:26.407
!MESSAGE 自动刷新本机代码 5 时发生了问题。

!ENTRY org.eclipse.core.resources 4 1 2024-10-26 20:53:27.421
!MESSAGE 刷新资源时发生了问题
!SUBENTRY 1 org.eclipse.core.resources 4 1 2024-10-26 20:53:27.421
!MESSAGE 自动刷新本机代码 5 时发生了问题。
!SUBENTRY 1 org.eclipse.core.resources 4 1 2024-10-26 20:53:27.421
!MESSAGE 自动刷新本机代码 5 时发生了问题。

!ENTRY org.eclipse.core.resources 4 1 2024-10-26 20:53:28.433
!MESSAGE 刷新资源时发生了问题
!SUBENTRY 1 org.eclipse.core.resources 4 1 2024-10-26 20:53:28.433
!MESSAGE 自动刷新本机代码 5 时发生了问题。
!SUBENTRY 1 org.eclipse.core.resources 4 1 2024-10-26 20:53:28.433
!MESSAGE 自动刷新本机代码 5 时发生了问题。

!ENTRY org.eclipse.core.resources 4 1 2024-10-26 20:53:29.437
!MESSAGE 刷新资源时发生了问题
!SUBENTRY 1 org.eclipse.core.resources 4 1 2024-10-26 20:53:29.437
!MESSAGE 自动刷新本机代码 5 时发生了问题。
!SUBENTRY 1 org.eclipse.core.resources 4 1 2024-10-26 20:53:29.437
!MESSAGE 自动刷新本机代码 5 时发生了问题。

!ENTRY org.eclipse.core.resources 4 1 2024-10-26 20:53:30.449
!MESSAGE 刷新资源时发生了问题
!SUBENTRY 1 org.eclipse.core.resources 4 1 2024-10-26 20:53:30.449
!MESSAGE 自动刷新本机代码 5 时发生了问题。
!SUBENTRY 1 org.eclipse.core.resources 4 1 2024-10-26 20:53:30.449
!MESSAGE 自动刷新本机代码 5 时发生了问题。

!ENTRY org.eclipse.core.resources 4 1 2024-10-26 20:53:31.452
!MESSAGE 刷新资源时发生了问题
!SUBENTRY 1 org.eclipse.core.resources 4 1 2024-10-26 20:53:31.452
!MESSAGE 自动刷新本机代码 5 时发生了问题。
!SUBENTRY 1 org.eclipse.core.resources 4 1 2024-10-26 20:53:31.452
!MESSAGE 自动刷新本机代码 5 时发生了问题。

!ENTRY org.eclipse.core.resources 4 1 2024-10-26 20:53:32.456
!MESSAGE 刷新资源时发生了问题
!SUBENTRY 1 org.eclipse.core.resources 4 1 2024-10-26 20:53:32.456
!MESSAGE 自动刷新本机代码 5 时发生了问题。
!SUBENTRY 1 org.eclipse.core.resources 4 1 2024-10-26 20:53:32.456
!MESSAGE 自动刷新本机代码 5 时发生了问题。

!ENTRY org.eclipse.core.resources 4 1 2024-10-26 20:53:33.459
!MESSAGE 刷新资源时发生了问题
!SUBENTRY 1 org.eclipse.core.resources 4 1 2024-10-26 20:53:33.459
!MESSAGE 自动刷新本机代码 5 时发生了问题。
!SUBENTRY 1 org.eclipse.core.resources 4 1 2024-10-26 20:53:33.459
!MESSAGE 自动刷新本机代码 5 时发生了问题。

!ENTRY org.eclipse.core.resources 4 1 2024-10-26 20:53:34.460
!MESSAGE 刷新资源时发生了问题
!SUBENTRY 1 org.eclipse.core.resources 4 1 2024-10-26 20:53:34.460
!MESSAGE 自动刷新本机代码 5 时发生了问题。
!SUBENTRY 1 org.eclipse.core.resources 4 1 2024-10-26 20:53:34.460
!MESSAGE 自动刷新本机代码 5 时发生了问题。

!ENTRY org.eclipse.core.resources 4 1 2024-10-26 20:53:35.466
!MESSAGE 刷新资源时发生了问题
!SUBENTRY 1 org.eclipse.core.resources 4 1 2024-10-26 20:53:35.466
!MESSAGE 自动刷新本机代码 5 时发生了问题。
!SUBENTRY 1 org.eclipse.core.resources 4 1 2024-10-26 20:53:35.466
!MESSAGE 自动刷新本机代码 5 时发生了问题。

!ENTRY org.eclipse.core.resources 4 1 2024-10-26 20:53:36.479
!MESSAGE 刷新资源时发生了问题
!SUBENTRY 1 org.eclipse.core.resources 4 1 2024-10-26 20:53:36.479
!MESSAGE 自动刷新本机代码 5 时发生了问题。
!SUBENTRY 1 org.eclipse.core.resources 4 1 2024-10-26 20:53:36.479
!MESSAGE 自动刷新本机代码 5 时发生了问题。

!ENTRY org.eclipse.core.resources 4 1 2024-10-26 20:53:37.494
!MESSAGE 刷新资源时发生了问题
!SUBENTRY 1 org.eclipse.core.resources 4 1 2024-10-26 20:53:37.494
!MESSAGE 自动刷新本机代码 5 时发生了问题。
!SUBENTRY 1 org.eclipse.core.resources 4 1 2024-10-26 20:53:37.494
!MESSAGE 自动刷新本机代码 5 时发生了问题。

!ENTRY org.eclipse.core.resources 4 1 2024-10-26 20:53:38.509
!MESSAGE 刷新资源时发生了问题
!SUBENTRY 1 org.eclipse.core.resources 4 1 2024-10-26 20:53:38.509
!MESSAGE 自动刷新本机代码 5 时发生了问题。
!SUBENTRY 1 org.eclipse.core.resources 4 1 2024-10-26 20:53:38.509
!MESSAGE 自动刷新本机代码 5 时发生了问题。

!ENTRY org.eclipse.core.resources 4 1 2024-10-26 20:53:39.518
!MESSAGE 刷新资源时发生了问题
!SUBENTRY 1 org.eclipse.core.resources 4 1 2024-10-26 20:53:39.518
!MESSAGE 自动刷新本机代码 5 时发生了问题。
!SUBENTRY 1 org.eclipse.core.resources 4 1 2024-10-26 20:53:39.518
!MESSAGE 自动刷新本机代码 5 时发生了问题。

!ENTRY org.eclipse.core.resources 4 1 2024-10-26 20:53:40.521
!MESSAGE 刷新资源时发生了问题
!SUBENTRY 1 org.eclipse.core.resources 4 1 2024-10-26 20:53:40.521
!MESSAGE 自动刷新本机代码 5 时发生了问题。
!SUBENTRY 1 org.eclipse.core.resources 4 1 2024-10-26 20:53:40.521
!MESSAGE 自动刷新本机代码 5 时发生了问题。

!ENTRY org.eclipse.core.resources 4 1 2024-10-26 20:53:41.534
!MESSAGE 刷新资源时发生了问题
!SUBENTRY 1 org.eclipse.core.resources 4 1 2024-10-26 20:53:41.534
!MESSAGE 自动刷新本机代码 5 时发生了问题。
!SUBENTRY 1 org.eclipse.core.resources 4 1 2024-10-26 20:53:41.534
!MESSAGE 自动刷新本机代码 5 时发生了问题。

!ENTRY org.eclipse.core.resources 4 1 2024-10-26 20:53:42.538
!MESSAGE 刷新资源时发生了问题
!SUBENTRY 1 org.eclipse.core.resources 4 1 2024-10-26 20:53:42.538
!MESSAGE 自动刷新本机代码 5 时发生了问题。
!SUBENTRY 1 org.eclipse.core.resources 4 1 2024-10-26 20:53:42.538
!MESSAGE 自动刷新本机代码 5 时发生了问题。

!ENTRY org.eclipse.core.resources 4 1 2024-10-26 20:53:43.553
!MESSAGE 刷新资源时发生了问题
!SUBENTRY 1 org.eclipse.core.resources 4 1 2024-10-26 20:53:43.553
!MESSAGE 自动刷新本机代码 5 时发生了问题。
!SUBENTRY 1 org.eclipse.core.resources 4 1 2024-10-26 20:53:43.553
!MESSAGE 自动刷新本机代码 5 时发生了问题。

!ENTRY org.eclipse.core.resources 4 1 2024-10-26 20:53:44.559
!MESSAGE 刷新资源时发生了问题
!SUBENTRY 1 org.eclipse.core.resources 4 1 2024-10-26 20:53:44.559
!MESSAGE 自动刷新本机代码 5 时发生了问题。
!SUBENTRY 1 org.eclipse.core.resources 4 1 2024-10-26 20:53:44.559
!MESSAGE 自动刷新本机代码 5 时发生了问题。

!ENTRY org.eclipse.core.resources 4 1 2024-10-26 20:53:45.572
!MESSAGE 刷新资源时发生了问题
!SUBENTRY 1 org.eclipse.core.resources 4 1 2024-10-26 20:53:45.572
!MESSAGE 自动刷新本机代码 5 时发生了问题。
!SUBENTRY 1 org.eclipse.core.resources 4 1 2024-10-26 20:53:45.572
!MESSAGE 自动刷新本机代码 5 时发生了问题。

!ENTRY org.eclipse.core.resources 4 1 2024-10-26 20:53:46.586
!MESSAGE 刷新资源时发生了问题
!SUBENTRY 1 org.eclipse.core.resources 4 1 2024-10-26 20:53:46.586
!MESSAGE 自动刷新本机代码 5 时发生了问题。
!SUBENTRY 1 org.eclipse.core.resources 4 1 2024-10-26 20:53:46.586
!MESSAGE 自动刷新本机代码 5 时发生了问题。

!ENTRY org.eclipse.core.resources 4 1 2024-10-26 20:53:47.590
!MESSAGE 刷新资源时发生了问题
!SUBENTRY 1 org.eclipse.core.resources 4 1 2024-10-26 20:53:47.590
!MESSAGE 自动刷新本机代码 5 时发生了问题。
!SUBENTRY 1 org.eclipse.core.resources 4 1 2024-10-26 20:53:47.590
!MESSAGE 自动刷新本机代码 5 时发生了问题。

!ENTRY org.eclipse.core.resources 4 1 2024-10-26 20:53:48.592
!MESSAGE 刷新资源时发生了问题
!SUBENTRY 1 org.eclipse.core.resources 4 1 2024-10-26 20:53:48.592
!MESSAGE 自动刷新本机代码 5 时发生了问题。
!SUBENTRY 1 org.eclipse.core.resources 4 1 2024-10-26 20:53:48.592
!MESSAGE 自动刷新本机代码 5 时发生了问题。

!ENTRY org.eclipse.core.resources 4 1 2024-10-26 20:53:49.608
!MESSAGE 刷新资源时发生了问题
!SUBENTRY 1 org.eclipse.core.resources 4 1 2024-10-26 20:53:49.608
!MESSAGE 自动刷新本机代码 5 时发生了问题。
!SUBENTRY 1 org.eclipse.core.resources 4 1 2024-10-26 20:53:49.608
!MESSAGE 自动刷新本机代码 5 时发生了问题。

!ENTRY org.eclipse.core.resources 4 1 2024-10-26 20:53:50.613
!MESSAGE 刷新资源时发生了问题
!SUBENTRY 1 org.eclipse.core.resources 4 1 2024-10-26 20:53:50.613
!MESSAGE 自动刷新本机代码 5 时发生了问题。
!SUBENTRY 1 org.eclipse.core.resources 4 1 2024-10-26 20:53:50.613
!MESSAGE 自动刷新本机代码 5 时发生了问题。

!ENTRY org.eclipse.core.resources 4 1 2024-10-26 20:53:51.616
!MESSAGE 刷新资源时发生了问题
!SUBENTRY 1 org.eclipse.core.resources 4 1 2024-10-26 20:53:51.616
!MESSAGE 自动刷新本机代码 5 时发生了问题。
!SUBENTRY 1 org.eclipse.core.resources 4 1 2024-10-26 20:53:51.616
!MESSAGE 自动刷新本机代码 5 时发生了问题。

!ENTRY org.eclipse.core.resources 4 1 2024-10-26 20:53:52.618
!MESSAGE 刷新资源时发生了问题
!SUBENTRY 1 org.eclipse.core.resources 4 1 2024-10-26 20:53:52.618
!MESSAGE 自动刷新本机代码 5 时发生了问题。
!SUBENTRY 1 org.eclipse.core.resources 4 1 2024-10-26 20:53:52.618
!MESSAGE 自动刷新本机代码 5 时发生了问题。

!ENTRY org.eclipse.core.resources 4 1 2024-10-26 20:53:53.619
!MESSAGE 刷新资源时发生了问题
!SUBENTRY 1 org.eclipse.core.resources 4 1 2024-10-26 20:53:53.619
!MESSAGE 自动刷新本机代码 5 时发生了问题。
!SUBENTRY 1 org.eclipse.core.resources 4 1 2024-10-26 20:53:53.619
!MESSAGE 自动刷新本机代码 5 时发生了问题。

!ENTRY org.eclipse.core.resources 4 1 2024-10-26 20:53:54.633
!MESSAGE 刷新资源时发生了问题
!SUBENTRY 1 org.eclipse.core.resources 4 1 2024-10-26 20:53:54.633
!MESSAGE 自动刷新本机代码 5 时发生了问题。
!SUBENTRY 1 org.eclipse.core.resources 4 1 2024-10-26 20:53:54.633
!MESSAGE 自动刷新本机代码 5 时发生了问题。

!ENTRY org.eclipse.core.resources 4 1 2024-10-26 20:53:55.635
!MESSAGE 刷新资源时发生了问题
!SUBENTRY 1 org.eclipse.core.resources 4 1 2024-10-26 20:53:55.635
!MESSAGE 自动刷新本机代码 5 时发生了问题。
!SUBENTRY 1 org.eclipse.core.resources 4 1 2024-10-26 20:53:55.635
!MESSAGE 自动刷新本机代码 5 时发生了问题。

!ENTRY org.eclipse.core.resources 4 1 2024-10-26 20:53:56.649
!MESSAGE 刷新资源时发生了问题
!SUBENTRY 1 org.eclipse.core.resources 4 1 2024-10-26 20:53:56.649
!MESSAGE 自动刷新本机代码 5 时发生了问题。
!SUBENTRY 1 org.eclipse.core.resources 4 1 2024-10-26 20:53:56.649
!MESSAGE 自动刷新本机代码 5 时发生了问题。

!ENTRY org.eclipse.core.resources 4 1 2024-10-26 20:53:57.654
!MESSAGE 刷新资源时发生了问题
!SUBENTRY 1 org.eclipse.core.resources 4 1 2024-10-26 20:53:57.654
!MESSAGE 自动刷新本机代码 5 时发生了问题。
!SUBENTRY 1 org.eclipse.core.resources 4 1 2024-10-26 20:53:57.654
!MESSAGE 自动刷新本机代码 5 时发生了问题。

!ENTRY org.eclipse.core.resources 4 1 2024-10-26 20:53:58.667
!MESSAGE 刷新资源时发生了问题
!SUBENTRY 1 org.eclipse.core.resources 4 1 2024-10-26 20:53:58.667
!MESSAGE 自动刷新本机代码 5 时发生了问题。
!SUBENTRY 1 org.eclipse.core.resources 4 1 2024-10-26 20:53:58.667
!MESSAGE 自动刷新本机代码 5 时发生了问题。

!ENTRY org.eclipse.core.resources 4 1 2024-10-26 20:53:59.671
!MESSAGE 刷新资源时发生了问题
!SUBENTRY 1 org.eclipse.core.resources 4 1 2024-10-26 20:53:59.671
!MESSAGE 自动刷新本机代码 5 时发生了问题。
!SUBENTRY 1 org.eclipse.core.resources 4 1 2024-10-26 20:53:59.671
!MESSAGE 自动刷新本机代码 5 时发生了问题。

!ENTRY org.eclipse.core.resources 4 1 2024-10-26 20:54:00.684
!MESSAGE 刷新资源时发生了问题
!SUBENTRY 1 org.eclipse.core.resources 4 1 2024-10-26 20:54:00.684
!MESSAGE 自动刷新本机代码 5 时发生了问题。
!SUBENTRY 1 org.eclipse.core.resources 4 1 2024-10-26 20:54:00.684
!MESSAGE 自动刷新本机代码 5 时发生了问题。

!ENTRY org.eclipse.core.resources 4 1 2024-10-26 20:54:01.689
!MESSAGE 刷新资源时发生了问题
!SUBENTRY 1 org.eclipse.core.resources 4 1 2024-10-26 20:54:01.689
!MESSAGE 自动刷新本机代码 5 时发生了问题。
!SUBENTRY 1 org.eclipse.core.resources 4 1 2024-10-26 20:54:01.689
!MESSAGE 自动刷新本机代码 5 时发生了问题。

!ENTRY org.eclipse.core.resources 4 1 2024-10-26 20:54:02.702
!MESSAGE 刷新资源时发生了问题
!SUBENTRY 1 org.eclipse.core.resources 4 1 2024-10-26 20:54:02.702
!MESSAGE 自动刷新本机代码 5 时发生了问题。
!SUBENTRY 1 org.eclipse.core.resources 4 1 2024-10-26 20:54:02.702
!MESSAGE 自动刷新本机代码 5 时发生了问题。

!ENTRY org.eclipse.core.resources 4 1 2024-10-26 20:54:03.703
!MESSAGE 刷新资源时发生了问题
!SUBENTRY 1 org.eclipse.core.resources 4 1 2024-10-26 20:54:03.703
!MESSAGE 自动刷新本机代码 5 时发生了问题。
!SUBENTRY 1 org.eclipse.core.resources 4 1 2024-10-26 20:54:03.703
!MESSAGE 自动刷新本机代码 5 时发生了问题。

!ENTRY org.eclipse.core.resources 4 1 2024-10-26 20:54:04.716
!MESSAGE 刷新资源时发生了问题
!SUBENTRY 1 org.eclipse.core.resources 4 1 2024-10-26 20:54:04.716
!MESSAGE 自动刷新本机代码 5 时发生了问题。
!SUBENTRY 1 org.eclipse.core.resources 4 1 2024-10-26 20:54:04.716
!MESSAGE 自动刷新本机代码 5 时发生了问题。

!ENTRY org.eclipse.core.resources 4 1 2024-10-26 20:54:05.717
!MESSAGE 刷新资源时发生了问题
!SUBENTRY 1 org.eclipse.core.resources 4 1 2024-10-26 20:54:05.717
!MESSAGE 自动刷新本机代码 5 时发生了问题。
!SUBENTRY 1 org.eclipse.core.resources 4 1 2024-10-26 20:54:05.717
!MESSAGE 自动刷新本机代码 5 时发生了问题。

!ENTRY org.eclipse.core.resources 4 1 2024-10-26 20:54:06.730
!MESSAGE 刷新资源时发生了问题
!SUBENTRY 1 org.eclipse.core.resources 4 1 2024-10-26 20:54:06.730
!MESSAGE 自动刷新本机代码 5 时发生了问题。
!SUBENTRY 1 org.eclipse.core.resources 4 1 2024-10-26 20:54:06.730
!MESSAGE 自动刷新本机代码 5 时发生了问题。

!ENTRY org.eclipse.core.resources 4 1 2024-10-26 20:54:07.746
!MESSAGE 刷新资源时发生了问题
!SUBENTRY 1 org.eclipse.core.resources 4 1 2024-10-26 20:54:07.746
!MESSAGE 自动刷新本机代码 5 时发生了问题。
!SUBENTRY 1 org.eclipse.core.resources 4 1 2024-10-26 20:54:07.746
!MESSAGE 自动刷新本机代码 5 时发生了问题。

!ENTRY org.eclipse.core.resources 4 1 2024-10-26 20:54:08.751
!MESSAGE 刷新资源时发生了问题
!SUBENTRY 1 org.eclipse.core.resources 4 1 2024-10-26 20:54:08.751
!MESSAGE 自动刷新本机代码 5 时发生了问题。
!SUBENTRY 1 org.eclipse.core.resources 4 1 2024-10-26 20:54:08.751
!MESSAGE 自动刷新本机代码 5 时发生了问题。

!ENTRY org.eclipse.core.resources 4 1 2024-10-26 20:54:09.753
!MESSAGE 刷新资源时发生了问题
!SUBENTRY 1 org.eclipse.core.resources 4 1 2024-10-26 20:54:09.753
!MESSAGE 自动刷新本机代码 5 时发生了问题。
!SUBENTRY 1 org.eclipse.core.resources 4 1 2024-10-26 20:54:09.753
!MESSAGE 自动刷新本机代码 5 时发生了问题。

!ENTRY org.eclipse.core.resources 4 1 2024-10-26 20:54:10.755
!MESSAGE 刷新资源时发生了问题
!SUBENTRY 1 org.eclipse.core.resources 4 1 2024-10-26 20:54:10.755
!MESSAGE 自动刷新本机代码 5 时发生了问题。
!SUBENTRY 1 org.eclipse.core.resources 4 1 2024-10-26 20:54:10.755
!MESSAGE 自动刷新本机代码 5 时发生了问题。

!ENTRY org.eclipse.core.resources 4 1 2024-10-26 20:54:11.757
!MESSAGE 刷新资源时发生了问题
!SUBENTRY 1 org.eclipse.core.resources 4 1 2024-10-26 20:54:11.757
!MESSAGE 自动刷新本机代码 5 时发生了问题。
!SUBENTRY 1 org.eclipse.core.resources 4 1 2024-10-26 20:54:11.757
!MESSAGE 自动刷新本机代码 5 时发生了问题。

!ENTRY org.eclipse.core.resources 4 1 2024-10-26 20:54:12.771
!MESSAGE 刷新资源时发生了问题
!SUBENTRY 1 org.eclipse.core.resources 4 1 2024-10-26 20:54:12.771
!MESSAGE 自动刷新本机代码 5 时发生了问题。
!SUBENTRY 1 org.eclipse.core.resources 4 1 2024-10-26 20:54:12.771
!MESSAGE 自动刷新本机代码 5 时发生了问题。

!ENTRY org.eclipse.core.resources 4 1 2024-10-26 20:54:13.784
!MESSAGE 刷新资源时发生了问题
!SUBENTRY 1 org.eclipse.core.resources 4 1 2024-10-26 20:54:13.784
!MESSAGE 自动刷新本机代码 5 时发生了问题。
!SUBENTRY 1 org.eclipse.core.resources 4 1 2024-10-26 20:54:13.784
!MESSAGE 自动刷新本机代码 5 时发生了问题。

!ENTRY org.eclipse.core.resources 4 1 2024-10-26 20:54:14.786
!MESSAGE 刷新资源时发生了问题
!SUBENTRY 1 org.eclipse.core.resources 4 1 2024-10-26 20:54:14.786
!MESSAGE 自动刷新本机代码 5 时发生了问题。
!SUBENTRY 1 org.eclipse.core.resources 4 1 2024-10-26 20:54:14.786
!MESSAGE 自动刷新本机代码 5 时发生了问题。

!ENTRY org.eclipse.core.resources 4 1 2024-10-26 20:54:15.800
!MESSAGE 刷新资源时发生了问题
!SUBENTRY 1 org.eclipse.core.resources 4 1 2024-10-26 20:54:15.800
!MESSAGE 自动刷新本机代码 5 时发生了问题。
!SUBENTRY 1 org.eclipse.core.resources 4 1 2024-10-26 20:54:15.800
!MESSAGE 自动刷新本机代码 5 时发生了问题。

!ENTRY org.eclipse.core.resources 4 1 2024-10-26 20:54:16.813
!MESSAGE 刷新资源时发生了问题
!SUBENTRY 1 org.eclipse.core.resources 4 1 2024-10-26 20:54:16.813
!MESSAGE 自动刷新本机代码 5 时发生了问题。
!SUBENTRY 1 org.eclipse.core.resources 4 1 2024-10-26 20:54:16.813
!MESSAGE 自动刷新本机代码 5 时发生了问题。

!ENTRY org.eclipse.core.resources 4 1 2024-10-26 20:54:17.817
!MESSAGE 刷新资源时发生了问题
!SUBENTRY 1 org.eclipse.core.resources 4 1 2024-10-26 20:54:17.817
!MESSAGE 自动刷新本机代码 5 时发生了问题。
!SUBENTRY 1 org.eclipse.core.resources 4 1 2024-10-26 20:54:17.817
!MESSAGE 自动刷新本机代码 5 时发生了问题。

!ENTRY org.eclipse.core.resources 4 1 2024-10-26 20:54:18.820
!MESSAGE 刷新资源时发生了问题
!SUBENTRY 1 org.eclipse.core.resources 4 1 2024-10-26 20:54:18.820
!MESSAGE 自动刷新本机代码 5 时发生了问题。
!SUBENTRY 1 org.eclipse.core.resources 4 1 2024-10-26 20:54:18.820
!MESSAGE 自动刷新本机代码 5 时发生了问题。

!ENTRY org.eclipse.core.resources 4 1 2024-10-26 20:54:19.833
!MESSAGE 刷新资源时发生了问题
!SUBENTRY 1 org.eclipse.core.resources 4 1 2024-10-26 20:54:19.833
!MESSAGE 自动刷新本机代码 5 时发生了问题。
!SUBENTRY 1 org.eclipse.core.resources 4 1 2024-10-26 20:54:19.833
!MESSAGE 自动刷新本机代码 5 时发生了问题。

!ENTRY org.eclipse.core.resources 4 1 2024-10-26 20:54:20.840
!MESSAGE 刷新资源时发生了问题
!SUBENTRY 1 org.eclipse.core.resources 4 1 2024-10-26 20:54:20.840
!MESSAGE 自动刷新本机代码 5 时发生了问题。
!SUBENTRY 1 org.eclipse.core.resources 4 1 2024-10-26 20:54:20.840
!MESSAGE 自动刷新本机代码 5 时发生了问题。

!ENTRY org.eclipse.core.resources 4 1 2024-10-26 20:54:21.855
!MESSAGE 刷新资源时发生了问题
!SUBENTRY 1 org.eclipse.core.resources 4 1 2024-10-26 20:54:21.855
!MESSAGE 自动刷新本机代码 5 时发生了问题。
!SUBENTRY 1 org.eclipse.core.resources 4 1 2024-10-26 20:54:21.855
!MESSAGE 自动刷新本机代码 5 时发生了问题。

!ENTRY org.eclipse.core.resources 4 1 2024-10-26 20:54:22.867
!MESSAGE 刷新资源时发生了问题
!SUBENTRY 1 org.eclipse.core.resources 4 1 2024-10-26 20:54:22.867
!MESSAGE 自动刷新本机代码 5 时发生了问题。
!SUBENTRY 1 org.eclipse.core.resources 4 1 2024-10-26 20:54:22.867
!MESSAGE 自动刷新本机代码 5 时发生了问题。

!ENTRY org.eclipse.core.resources 4 1 2024-10-26 20:54:23.879
!MESSAGE 刷新资源时发生了问题
!SUBENTRY 1 org.eclipse.core.resources 4 1 2024-10-26 20:54:23.879
!MESSAGE 自动刷新本机代码 5 时发生了问题。
!SUBENTRY 1 org.eclipse.core.resources 4 1 2024-10-26 20:54:23.879
!MESSAGE 自动刷新本机代码 5 时发生了问题。

!ENTRY org.eclipse.core.resources 4 1 2024-10-26 20:54:24.882
!MESSAGE 刷新资源时发生了问题
!SUBENTRY 1 org.eclipse.core.resources 4 1 2024-10-26 20:54:24.882
!MESSAGE 自动刷新本机代码 5 时发生了问题。
!SUBENTRY 1 org.eclipse.core.resources 4 1 2024-10-26 20:54:24.882
!MESSAGE 自动刷新本机代码 5 时发生了问题。

!ENTRY org.eclipse.core.resources 4 1 2024-10-26 20:54:25.885
!MESSAGE 刷新资源时发生了问题
!SUBENTRY 1 org.eclipse.core.resources 4 1 2024-10-26 20:54:25.885
!MESSAGE 自动刷新本机代码 5 时发生了问题。
!SUBENTRY 1 org.eclipse.core.resources 4 1 2024-10-26 20:54:25.885
!MESSAGE 自动刷新本机代码 5 时发生了问题。

!ENTRY org.eclipse.core.resources 4 1 2024-10-26 20:54:26.900
!MESSAGE 刷新资源时发生了问题
!SUBENTRY 1 org.eclipse.core.resources 4 1 2024-10-26 20:54:26.900
!MESSAGE 自动刷新本机代码 5 时发生了问题。
!SUBENTRY 1 org.eclipse.core.resources 4 1 2024-10-26 20:54:26.900
!MESSAGE 自动刷新本机代码 5 时发生了问题。

!ENTRY org.eclipse.core.resources 4 1 2024-10-26 20:54:27.905
!MESSAGE 刷新资源时发生了问题
!SUBENTRY 1 org.eclipse.core.resources 4 1 2024-10-26 20:54:27.905
!MESSAGE 自动刷新本机代码 5 时发生了问题。
!SUBENTRY 1 org.eclipse.core.resources 4 1 2024-10-26 20:54:27.905
!MESSAGE 自动刷新本机代码 5 时发生了问题。

!ENTRY org.eclipse.core.resources 4 1 2024-10-26 20:54:28.921
!MESSAGE 刷新资源时发生了问题
!SUBENTRY 1 org.eclipse.core.resources 4 1 2024-10-26 20:54:28.921
!MESSAGE 自动刷新本机代码 5 时发生了问题。
!SUBENTRY 1 org.eclipse.core.resources 4 1 2024-10-26 20:54:28.921
!MESSAGE 自动刷新本机代码 5 时发生了问题。

!ENTRY org.eclipse.core.resources 4 1 2024-10-26 20:54:29.923
!MESSAGE 刷新资源时发生了问题
!SUBENTRY 1 org.eclipse.core.resources 4 1 2024-10-26 20:54:29.923
!MESSAGE 自动刷新本机代码 5 时发生了问题。
!SUBENTRY 1 org.eclipse.core.resources 4 1 2024-10-26 20:54:29.923
!MESSAGE 自动刷新本机代码 5 时发生了问题。

!ENTRY org.eclipse.core.resources 4 1 2024-10-26 20:54:30.925
!MESSAGE 刷新资源时发生了问题
!SUBENTRY 1 org.eclipse.core.resources 4 1 2024-10-26 20:54:30.925
!MESSAGE 自动刷新本机代码 5 时发生了问题。
!SUBENTRY 1 org.eclipse.core.resources 4 1 2024-10-26 20:54:30.925
!MESSAGE 自动刷新本机代码 5 时发生了问题。

!ENTRY org.eclipse.core.resources 4 1 2024-10-26 20:54:31.957
!MESSAGE 刷新资源时发生了问题
!SUBENTRY 1 org.eclipse.core.resources 4 1 2024-10-26 20:54:31.957
!MESSAGE 自动刷新本机代码 5 时发生了问题。
!SUBENTRY 1 org.eclipse.core.resources 4 1 2024-10-26 20:54:31.957
!MESSAGE 自动刷新本机代码 5 时发生了问题。

!ENTRY org.eclipse.core.resources 4 1 2024-10-26 20:54:32.963
!MESSAGE 刷新资源时发生了问题
!SUBENTRY 1 org.eclipse.core.resources 4 1 2024-10-26 20:54:32.963
!MESSAGE 自动刷新本机代码 5 时发生了问题。
!SUBENTRY 1 org.eclipse.core.resources 4 1 2024-10-26 20:54:32.963
!MESSAGE 自动刷新本机代码 5 时发生了问题。

!ENTRY org.eclipse.core.resources 4 1 2024-10-26 20:54:33.964
!MESSAGE 刷新资源时发生了问题
!SUBENTRY 1 org.eclipse.core.resources 4 1 2024-10-26 20:54:33.964
!MESSAGE 自动刷新本机代码 5 时发生了问题。
!SUBENTRY 1 org.eclipse.core.resources 4 1 2024-10-26 20:54:33.964
!MESSAGE 自动刷新本机代码 5 时发生了问题。

!ENTRY org.eclipse.core.resources 4 1 2024-10-26 20:54:34.968
!MESSAGE 刷新资源时发生了问题
!SUBENTRY 1 org.eclipse.core.resources 4 1 2024-10-26 20:54:34.968
!MESSAGE 自动刷新本机代码 5 时发生了问题。
!SUBENTRY 1 org.eclipse.core.resources 4 1 2024-10-26 20:54:34.968
!MESSAGE 自动刷新本机代码 5 时发生了问题。

!ENTRY org.eclipse.core.resources 4 1 2024-10-26 20:54:35.970
!MESSAGE 刷新资源时发生了问题
!SUBENTRY 1 org.eclipse.core.resources 4 1 2024-10-26 20:54:35.970
!MESSAGE 自动刷新本机代码 5 时发生了问题。
!SUBENTRY 1 org.eclipse.core.resources 4 1 2024-10-26 20:54:35.970
!MESSAGE 自动刷新本机代码 5 时发生了问题。

!ENTRY org.eclipse.core.resources 4 1 2024-10-26 20:54:36.985
!MESSAGE 刷新资源时发生了问题
!SUBENTRY 1 org.eclipse.core.resources 4 1 2024-10-26 20:54:36.985
!MESSAGE 自动刷新本机代码 5 时发生了问题。
!SUBENTRY 1 org.eclipse.core.resources 4 1 2024-10-26 20:54:36.985
!MESSAGE 自动刷新本机代码 5 时发生了问题。

!ENTRY org.eclipse.core.resources 4 1 2024-10-26 20:54:38.000
!MESSAGE 刷新资源时发生了问题
!SUBENTRY 1 org.eclipse.core.resources 4 1 2024-10-26 20:54:38.000
!MESSAGE 自动刷新本机代码 5 时发生了问题。
!SUBENTRY 1 org.eclipse.core.resources 4 1 2024-10-26 20:54:38.000
!MESSAGE 自动刷新本机代码 5 时发生了问题。

!ENTRY org.eclipse.core.resources 4 1 2024-10-26 20:54:39.003
!MESSAGE 刷新资源时发生了问题
!SUBENTRY 1 org.eclipse.core.resources 4 1 2024-10-26 20:54:39.003
!MESSAGE 自动刷新本机代码 5 时发生了问题。
!SUBENTRY 1 org.eclipse.core.resources 4 1 2024-10-26 20:54:39.003
!MESSAGE 自动刷新本机代码 5 时发生了问题。

!ENTRY org.eclipse.core.resources 4 1 2024-10-26 20:54:40.019
!MESSAGE 刷新资源时发生了问题
!SUBENTRY 1 org.eclipse.core.resources 4 1 2024-10-26 20:54:40.019
!MESSAGE 自动刷新本机代码 5 时发生了问题。
!SUBENTRY 1 org.eclipse.core.resources 4 1 2024-10-26 20:54:40.019
!MESSAGE 自动刷新本机代码 5 时发生了问题。

!ENTRY org.eclipse.core.resources 4 1 2024-10-26 20:54:41.032
!MESSAGE 刷新资源时发生了问题
!SUBENTRY 1 org.eclipse.core.resources 4 1 2024-10-26 20:54:41.032
!MESSAGE 自动刷新本机代码 5 时发生了问题。
!SUBENTRY 1 org.eclipse.core.resources 4 1 2024-10-26 20:54:41.032
!MESSAGE 自动刷新本机代码 5 时发生了问题。

!ENTRY org.eclipse.core.resources 4 1 2024-10-26 20:54:42.037
!MESSAGE 刷新资源时发生了问题
!SUBENTRY 1 org.eclipse.core.resources 4 1 2024-10-26 20:54:42.037
!MESSAGE 自动刷新本机代码 5 时发生了问题。
!SUBENTRY 1 org.eclipse.core.resources 4 1 2024-10-26 20:54:42.037
!MESSAGE 自动刷新本机代码 5 时发生了问题。

!ENTRY org.eclipse.core.resources 4 1 2024-10-26 20:54:43.050
!MESSAGE 刷新资源时发生了问题
!SUBENTRY 1 org.eclipse.core.resources 4 1 2024-10-26 20:54:43.050
!MESSAGE 自动刷新本机代码 5 时发生了问题。
!SUBENTRY 1 org.eclipse.core.resources 4 1 2024-10-26 20:54:43.050
!MESSAGE 自动刷新本机代码 5 时发生了问题。

!ENTRY org.eclipse.core.resources 4 1 2024-10-26 20:54:44.051
!MESSAGE 刷新资源时发生了问题
!SUBENTRY 1 org.eclipse.core.resources 4 1 2024-10-26 20:54:44.051
!MESSAGE 自动刷新本机代码 5 时发生了问题。
!SUBENTRY 1 org.eclipse.core.resources 4 1 2024-10-26 20:54:44.051
!MESSAGE 自动刷新本机代码 5 时发生了问题。

!ENTRY org.eclipse.core.resources 4 1 2024-10-26 20:54:45.054
!MESSAGE 刷新资源时发生了问题
!SUBENTRY 1 org.eclipse.core.resources 4 1 2024-10-26 20:54:45.054
!MESSAGE 自动刷新本机代码 5 时发生了问题。
!SUBENTRY 1 org.eclipse.core.resources 4 1 2024-10-26 20:54:45.054
!MESSAGE 自动刷新本机代码 5 时发生了问题。

!ENTRY org.eclipse.core.resources 4 1 2024-10-26 20:54:46.066
!MESSAGE 刷新资源时发生了问题
!SUBENTRY 1 org.eclipse.core.resources 4 1 2024-10-26 20:54:46.066
!MESSAGE 自动刷新本机代码 5 时发生了问题。
!SUBENTRY 1 org.eclipse.core.resources 4 1 2024-10-26 20:54:46.066
!MESSAGE 自动刷新本机代码 5 时发生了问题。

!ENTRY org.eclipse.core.resources 4 1 2024-10-26 20:54:47.078
!MESSAGE 刷新资源时发生了问题
!SUBENTRY 1 org.eclipse.core.resources 4 1 2024-10-26 20:54:47.078
!MESSAGE 自动刷新本机代码 5 时发生了问题。
!SUBENTRY 1 org.eclipse.core.resources 4 1 2024-10-26 20:54:47.078
!MESSAGE 自动刷新本机代码 5 时发生了问题。

!ENTRY org.eclipse.core.resources 4 1 2024-10-26 20:54:48.087
!MESSAGE 刷新资源时发生了问题
!SUBENTRY 1 org.eclipse.core.resources 4 1 2024-10-26 20:54:48.087
!MESSAGE 自动刷新本机代码 5 时发生了问题。
!SUBENTRY 1 org.eclipse.core.resources 4 1 2024-10-26 20:54:48.087
!MESSAGE 自动刷新本机代码 5 时发生了问题。

!ENTRY org.eclipse.core.resources 4 1 2024-10-26 20:54:49.092
!MESSAGE 刷新资源时发生了问题
!SUBENTRY 1 org.eclipse.core.resources 4 1 2024-10-26 20:54:49.092
!MESSAGE 自动刷新本机代码 5 时发生了问题。
!SUBENTRY 1 org.eclipse.core.resources 4 1 2024-10-26 20:54:49.092
!MESSAGE 自动刷新本机代码 5 时发生了问题。

!ENTRY org.eclipse.core.resources 4 1 2024-10-26 20:54:50.095
!MESSAGE 刷新资源时发生了问题
!SUBENTRY 1 org.eclipse.core.resources 4 1 2024-10-26 20:54:50.095
!MESSAGE 自动刷新本机代码 5 时发生了问题。
!SUBENTRY 1 org.eclipse.core.resources 4 1 2024-10-26 20:54:50.095
!MESSAGE 自动刷新本机代码 5 时发生了问题。

!ENTRY org.eclipse.core.resources 4 1 2024-10-26 20:54:51.156
!MESSAGE 刷新资源时发生了问题
!SUBENTRY 1 org.eclipse.core.resources 4 1 2024-10-26 20:54:51.156
!MESSAGE 自动刷新本机代码 5 时发生了问题。
!SUBENTRY 1 org.eclipse.core.resources 4 1 2024-10-26 20:54:51.156
!MESSAGE 自动刷新本机代码 5 时发生了问题。

!ENTRY org.eclipse.core.resources 4 1 2024-10-26 20:54:52.172
!MESSAGE 刷新资源时发生了问题
!SUBENTRY 1 org.eclipse.core.resources 4 1 2024-10-26 20:54:52.172
!MESSAGE 自动刷新本机代码 5 时发生了问题。
!SUBENTRY 1 org.eclipse.core.resources 4 1 2024-10-26 20:54:52.172
!MESSAGE 自动刷新本机代码 5 时发生了问题。

!ENTRY org.eclipse.core.resources 4 1 2024-10-26 20:54:53.175
!MESSAGE 刷新资源时发生了问题
!SUBENTRY 1 org.eclipse.core.resources 4 1 2024-10-26 20:54:53.175
!MESSAGE 自动刷新本机代码 5 时发生了问题。
!SUBENTRY 1 org.eclipse.core.resources 4 1 2024-10-26 20:54:53.175
!MESSAGE 自动刷新本机代码 5 时发生了问题。

!ENTRY org.eclipse.core.resources 4 1 2024-10-26 20:54:54.191
!MESSAGE 刷新资源时发生了问题
!SUBENTRY 1 org.eclipse.core.resources 4 1 2024-10-26 20:54:54.191
!MESSAGE 自动刷新本机代码 5 时发生了问题。
!SUBENTRY 1 org.eclipse.core.resources 4 1 2024-10-26 20:54:54.191
!MESSAGE 自动刷新本机代码 5 时发生了问题。

!ENTRY org.eclipse.core.resources 4 1 2024-10-26 20:54:55.194
!MESSAGE 刷新资源时发生了问题
!SUBENTRY 1 org.eclipse.core.resources 4 1 2024-10-26 20:54:55.194
!MESSAGE 自动刷新本机代码 5 时发生了问题。
!SUBENTRY 1 org.eclipse.core.resources 4 1 2024-10-26 20:54:55.194
!MESSAGE 自动刷新本机代码 5 时发生了问题。

!ENTRY org.eclipse.core.resources 4 1 2024-10-26 20:54:56.206
!MESSAGE 刷新资源时发生了问题
!SUBENTRY 1 org.eclipse.core.resources 4 1 2024-10-26 20:54:56.206
!MESSAGE 自动刷新本机代码 5 时发生了问题。
!SUBENTRY 1 org.eclipse.core.resources 4 1 2024-10-26 20:54:56.206
!MESSAGE 自动刷新本机代码 5 时发生了问题。

!ENTRY org.eclipse.core.resources 4 1 2024-10-26 20:54:57.210
!MESSAGE 刷新资源时发生了问题
!SUBENTRY 1 org.eclipse.core.resources 4 1 2024-10-26 20:54:57.210
!MESSAGE 自动刷新本机代码 5 时发生了问题。
!SUBENTRY 1 org.eclipse.core.resources 4 1 2024-10-26 20:54:57.210
!MESSAGE 自动刷新本机代码 5 时发生了问题。

!ENTRY org.eclipse.core.resources 4 1 2024-10-26 20:54:58.225
!MESSAGE 刷新资源时发生了问题
!SUBENTRY 1 org.eclipse.core.resources 4 1 2024-10-26 20:54:58.225
!MESSAGE 自动刷新本机代码 5 时发生了问题。
!SUBENTRY 1 org.eclipse.core.resources 4 1 2024-10-26 20:54:58.225
!MESSAGE 自动刷新本机代码 5 时发生了问题。

!ENTRY org.eclipse.core.resources 4 1 2024-10-26 20:54:59.240
!MESSAGE 刷新资源时发生了问题
!SUBENTRY 1 org.eclipse.core.resources 4 1 2024-10-26 20:54:59.240
!MESSAGE 自动刷新本机代码 5 时发生了问题。
!SUBENTRY 1 org.eclipse.core.resources 4 1 2024-10-26 20:54:59.240
!MESSAGE 自动刷新本机代码 5 时发生了问题。

!ENTRY org.eclipse.core.resources 4 1 2024-10-26 20:55:00.241
!MESSAGE 刷新资源时发生了问题
!SUBENTRY 1 org.eclipse.core.resources 4 1 2024-10-26 20:55:00.241
!MESSAGE 自动刷新本机代码 5 时发生了问题。
!SUBENTRY 1 org.eclipse.core.resources 4 1 2024-10-26 20:55:00.241
!MESSAGE 自动刷新本机代码 5 时发生了问题。

!ENTRY org.eclipse.core.resources 4 1 2024-10-26 20:55:01.255
!MESSAGE 刷新资源时发生了问题
!SUBENTRY 1 org.eclipse.core.resources 4 1 2024-10-26 20:55:01.255
!MESSAGE 自动刷新本机代码 5 时发生了问题。
!SUBENTRY 1 org.eclipse.core.resources 4 1 2024-10-26 20:55:01.255
!MESSAGE 自动刷新本机代码 5 时发生了问题。

!ENTRY org.eclipse.core.resources 4 1 2024-10-26 20:55:02.258
!MESSAGE 刷新资源时发生了问题
!SUBENTRY 1 org.eclipse.core.resources 4 1 2024-10-26 20:55:02.258
!MESSAGE 自动刷新本机代码 5 时发生了问题。
!SUBENTRY 1 org.eclipse.core.resources 4 1 2024-10-26 20:55:02.258
!MESSAGE 自动刷新本机代码 5 时发生了问题。

!ENTRY org.eclipse.core.resources 4 1 2024-10-26 20:55:03.272
!MESSAGE 刷新资源时发生了问题
!SUBENTRY 1 org.eclipse.core.resources 4 1 2024-10-26 20:55:03.272
!MESSAGE 自动刷新本机代码 5 时发生了问题。
!SUBENTRY 1 org.eclipse.core.resources 4 1 2024-10-26 20:55:03.272
!MESSAGE 自动刷新本机代码 5 时发生了问题。

!ENTRY org.eclipse.core.resources 4 1 2024-10-26 20:55:04.279
!MESSAGE 刷新资源时发生了问题
!SUBENTRY 1 org.eclipse.core.resources 4 1 2024-10-26 20:55:04.279
!MESSAGE 自动刷新本机代码 5 时发生了问题。
!SUBENTRY 1 org.eclipse.core.resources 4 1 2024-10-26 20:55:04.279
!MESSAGE 自动刷新本机代码 5 时发生了问题。

!ENTRY org.eclipse.core.resources 4 1 2024-10-26 20:55:05.292
!MESSAGE 刷新资源时发生了问题
!SUBENTRY 1 org.eclipse.core.resources 4 1 2024-10-26 20:55:05.292
!MESSAGE 自动刷新本机代码 5 时发生了问题。
!SUBENTRY 1 org.eclipse.core.resources 4 1 2024-10-26 20:55:05.292
!MESSAGE 自动刷新本机代码 5 时发生了问题。

!ENTRY org.eclipse.core.resources 4 1 2024-10-26 20:55:06.297
!MESSAGE 刷新资源时发生了问题
!SUBENTRY 1 org.eclipse.core.resources 4 1 2024-10-26 20:55:06.297
!MESSAGE 自动刷新本机代码 5 时发生了问题。
!SUBENTRY 1 org.eclipse.core.resources 4 1 2024-10-26 20:55:06.297
!MESSAGE 自动刷新本机代码 5 时发生了问题。

!ENTRY org.eclipse.core.resources 4 1 2024-10-26 20:55:07.311
!MESSAGE 刷新资源时发生了问题
!SUBENTRY 1 org.eclipse.core.resources 4 1 2024-10-26 20:55:07.311
!MESSAGE 自动刷新本机代码 5 时发生了问题。
!SUBENTRY 1 org.eclipse.core.resources 4 1 2024-10-26 20:55:07.311
!MESSAGE 自动刷新本机代码 5 时发生了问题。

!ENTRY org.eclipse.core.resources 4 1 2024-10-26 20:55:08.314
!MESSAGE 刷新资源时发生了问题
!SUBENTRY 1 org.eclipse.core.resources 4 1 2024-10-26 20:55:08.314
!MESSAGE 自动刷新本机代码 5 时发生了问题。
!SUBENTRY 1 org.eclipse.core.resources 4 1 2024-10-26 20:55:08.314
!MESSAGE 自动刷新本机代码 5 时发生了问题。

!ENTRY org.eclipse.core.resources 4 1 2024-10-26 20:55:09.323
!MESSAGE 刷新资源时发生了问题
!SUBENTRY 1 org.eclipse.core.resources 4 1 2024-10-26 20:55:09.323
!MESSAGE 自动刷新本机代码 5 时发生了问题。
!SUBENTRY 1 org.eclipse.core.resources 4 1 2024-10-26 20:55:09.323
!MESSAGE 自动刷新本机代码 5 时发生了问题。

!ENTRY org.eclipse.core.resources 4 1 2024-10-26 20:55:10.324
!MESSAGE 刷新资源时发生了问题
!SUBENTRY 1 org.eclipse.core.resources 4 1 2024-10-26 20:55:10.324
!MESSAGE 自动刷新本机代码 5 时发生了问题。
!SUBENTRY 1 org.eclipse.core.resources 4 1 2024-10-26 20:55:10.324
!MESSAGE 自动刷新本机代码 5 时发生了问题。

!ENTRY org.eclipse.core.resources 4 1 2024-10-26 20:55:11.328
!MESSAGE 刷新资源时发生了问题
!SUBENTRY 1 org.eclipse.core.resources 4 1 2024-10-26 20:55:11.328
!MESSAGE 自动刷新本机代码 5 时发生了问题。
!SUBENTRY 1 org.eclipse.core.resources 4 1 2024-10-26 20:55:11.328
!MESSAGE 自动刷新本机代码 5 时发生了问题。

!ENTRY org.eclipse.core.resources 4 1 2024-10-26 20:55:12.339
!MESSAGE 刷新资源时发生了问题
!SUBENTRY 1 org.eclipse.core.resources 4 1 2024-10-26 20:55:12.339
!MESSAGE 自动刷新本机代码 5 时发生了问题。
!SUBENTRY 1 org.eclipse.core.resources 4 1 2024-10-26 20:55:12.339
!MESSAGE 自动刷新本机代码 5 时发生了问题。

!ENTRY org.eclipse.core.resources 4 1 2024-10-26 20:55:13.342
!MESSAGE 刷新资源时发生了问题
!SUBENTRY 1 org.eclipse.core.resources 4 1 2024-10-26 20:55:13.342
!MESSAGE 自动刷新本机代码 5 时发生了问题。
!SUBENTRY 1 org.eclipse.core.resources 4 1 2024-10-26 20:55:13.342
!MESSAGE 自动刷新本机代码 5 时发生了问题。

!ENTRY org.eclipse.core.resources 4 1 2024-10-26 20:55:14.346
!MESSAGE 刷新资源时发生了问题
!SUBENTRY 1 org.eclipse.core.resources 4 1 2024-10-26 20:55:14.346
!MESSAGE 自动刷新本机代码 5 时发生了问题。
!SUBENTRY 1 org.eclipse.core.resources 4 1 2024-10-26 20:55:14.346
!MESSAGE 自动刷新本机代码 5 时发生了问题。

!ENTRY org.eclipse.core.resources 4 1 2024-10-26 20:55:15.360
!MESSAGE 刷新资源时发生了问题
!SUBENTRY 1 org.eclipse.core.resources 4 1 2024-10-26 20:55:15.360
!MESSAGE 自动刷新本机代码 5 时发生了问题。
!SUBENTRY 1 org.eclipse.core.resources 4 1 2024-10-26 20:55:15.360
!MESSAGE 自动刷新本机代码 5 时发生了问题。

!ENTRY org.eclipse.core.resources 4 1 2024-10-26 20:55:16.361
!MESSAGE 刷新资源时发生了问题
!SUBENTRY 1 org.eclipse.core.resources 4 1 2024-10-26 20:55:16.361
!MESSAGE 自动刷新本机代码 5 时发生了问题。
!SUBENTRY 1 org.eclipse.core.resources 4 1 2024-10-26 20:55:16.361
!MESSAGE 自动刷新本机代码 5 时发生了问题。

!ENTRY org.eclipse.core.resources 4 1 2024-10-26 20:55:17.363
!MESSAGE 刷新资源时发生了问题
!SUBENTRY 1 org.eclipse.core.resources 4 1 2024-10-26 20:55:17.363
!MESSAGE 自动刷新本机代码 5 时发生了问题。
!SUBENTRY 1 org.eclipse.core.resources 4 1 2024-10-26 20:55:17.363
!MESSAGE 自动刷新本机代码 5 时发生了问题。

!ENTRY org.eclipse.core.resources 4 1 2024-10-26 20:55:18.376
!MESSAGE 刷新资源时发生了问题
!SUBENTRY 1 org.eclipse.core.resources 4 1 2024-10-26 20:55:18.376
!MESSAGE 自动刷新本机代码 5 时发生了问题。
!SUBENTRY 1 org.eclipse.core.resources 4 1 2024-10-26 20:55:18.376
!MESSAGE 自动刷新本机代码 5 时发生了问题。

!ENTRY org.eclipse.core.resources 4 1 2024-10-26 20:55:19.379
!MESSAGE 刷新资源时发生了问题
!SUBENTRY 1 org.eclipse.core.resources 4 1 2024-10-26 20:55:19.379
!MESSAGE 自动刷新本机代码 5 时发生了问题。
!SUBENTRY 1 org.eclipse.core.resources 4 1 2024-10-26 20:55:19.379
!MESSAGE 自动刷新本机代码 5 时发生了问题。

!ENTRY org.eclipse.core.resources 4 1 2024-10-26 20:55:20.388
!MESSAGE 刷新资源时发生了问题
!SUBENTRY 1 org.eclipse.core.resources 4 1 2024-10-26 20:55:20.388
!MESSAGE 自动刷新本机代码 5 时发生了问题。
!SUBENTRY 1 org.eclipse.core.resources 4 1 2024-10-26 20:55:20.388
!MESSAGE 自动刷新本机代码 5 时发生了问题。

!ENTRY org.eclipse.core.resources 4 1 2024-10-26 20:55:21.390
!MESSAGE 刷新资源时发生了问题
!SUBENTRY 1 org.eclipse.core.resources 4 1 2024-10-26 20:55:21.390
!MESSAGE 自动刷新本机代码 5 时发生了问题。
!SUBENTRY 1 org.eclipse.core.resources 4 1 2024-10-26 20:55:21.390
!MESSAGE 自动刷新本机代码 5 时发生了问题。

!ENTRY org.eclipse.core.resources 4 1 2024-10-26 20:55:22.391
!MESSAGE 刷新资源时发生了问题
!SUBENTRY 1 org.eclipse.core.resources 4 1 2024-10-26 20:55:22.391
!MESSAGE 自动刷新本机代码 5 时发生了问题。
!SUBENTRY 1 org.eclipse.core.resources 4 1 2024-10-26 20:55:22.391
!MESSAGE 自动刷新本机代码 5 时发生了问题。

!ENTRY org.eclipse.core.resources 4 1 2024-10-26 20:55:23.406
!MESSAGE 刷新资源时发生了问题
!SUBENTRY 1 org.eclipse.core.resources 4 1 2024-10-26 20:55:23.406
!MESSAGE 自动刷新本机代码 5 时发生了问题。
!SUBENTRY 1 org.eclipse.core.resources 4 1 2024-10-26 20:55:23.406
!MESSAGE 自动刷新本机代码 5 时发生了问题。

!ENTRY org.eclipse.core.resources 4 1 2024-10-26 20:55:24.407
!MESSAGE 刷新资源时发生了问题
!SUBENTRY 1 org.eclipse.core.resources 4 1 2024-10-26 20:55:24.407
!MESSAGE 自动刷新本机代码 5 时发生了问题。
!SUBENTRY 1 org.eclipse.core.resources 4 1 2024-10-26 20:55:24.407
!MESSAGE 自动刷新本机代码 5 时发生了问题。

!ENTRY org.eclipse.core.resources 4 1 2024-10-26 20:55:25.410
!MESSAGE 刷新资源时发生了问题
!SUBENTRY 1 org.eclipse.core.resources 4 1 2024-10-26 20:55:25.410
!MESSAGE 自动刷新本机代码 5 时发生了问题。
!SUBENTRY 1 org.eclipse.core.resources 4 1 2024-10-26 20:55:25.410
!MESSAGE 自动刷新本机代码 5 时发生了问题。

!ENTRY org.eclipse.core.resources 4 1 2024-10-26 20:55:26.415
!MESSAGE 刷新资源时发生了问题
!SUBENTRY 1 org.eclipse.core.resources 4 1 2024-10-26 20:55:26.415
!MESSAGE 自动刷新本机代码 5 时发生了问题。
!SUBENTRY 1 org.eclipse.core.resources 4 1 2024-10-26 20:55:26.415
!MESSAGE 自动刷新本机代码 5 时发生了问题。

!ENTRY org.eclipse.core.resources 4 1 2024-10-26 20:55:27.417
!MESSAGE 刷新资源时发生了问题
!SUBENTRY 1 org.eclipse.core.resources 4 1 2024-10-26 20:55:27.417
!MESSAGE 自动刷新本机代码 5 时发生了问题。
!SUBENTRY 1 org.eclipse.core.resources 4 1 2024-10-26 20:55:27.417
!MESSAGE 自动刷新本机代码 5 时发生了问题。

!ENTRY org.eclipse.core.resources 4 1 2024-10-26 20:55:28.425
!MESSAGE 刷新资源时发生了问题
!SUBENTRY 1 org.eclipse.core.resources 4 1 2024-10-26 20:55:28.425
!MESSAGE 自动刷新本机代码 5 时发生了问题。
!SUBENTRY 1 org.eclipse.core.resources 4 1 2024-10-26 20:55:28.425
!MESSAGE 自动刷新本机代码 5 时发生了问题。

!ENTRY org.eclipse.core.resources 4 1 2024-10-26 20:55:29.440
!MESSAGE 刷新资源时发生了问题
!SUBENTRY 1 org.eclipse.core.resources 4 1 2024-10-26 20:55:29.440
!MESSAGE 自动刷新本机代码 5 时发生了问题。
!SUBENTRY 1 org.eclipse.core.resources 4 1 2024-10-26 20:55:29.440
!MESSAGE 自动刷新本机代码 5 时发生了问题。

!ENTRY org.eclipse.core.resources 4 1 2024-10-26 20:55:30.456
!MESSAGE 刷新资源时发生了问题
!SUBENTRY 1 org.eclipse.core.resources 4 1 2024-10-26 20:55:30.456
!MESSAGE 自动刷新本机代码 5 时发生了问题。
!SUBENTRY 1 org.eclipse.core.resources 4 1 2024-10-26 20:55:30.456
!MESSAGE 自动刷新本机代码 5 时发生了问题。

!ENTRY org.eclipse.core.resources 4 1 2024-10-26 20:55:31.460
!MESSAGE 刷新资源时发生了问题
!SUBENTRY 1 org.eclipse.core.resources 4 1 2024-10-26 20:55:31.460
!MESSAGE 自动刷新本机代码 5 时发生了问题。
!SUBENTRY 1 org.eclipse.core.resources 4 1 2024-10-26 20:55:31.460
!MESSAGE 自动刷新本机代码 5 时发生了问题。

!ENTRY org.eclipse.core.resources 4 1 2024-10-26 20:55:32.468
!MESSAGE 刷新资源时发生了问题
!SUBENTRY 1 org.eclipse.core.resources 4 1 2024-10-26 20:55:32.468
!MESSAGE 自动刷新本机代码 5 时发生了问题。
!SUBENTRY 1 org.eclipse.core.resources 4 1 2024-10-26 20:55:32.468
!MESSAGE 自动刷新本机代码 5 时发生了问题。

!ENTRY org.eclipse.core.resources 4 1 2024-10-26 20:55:33.477
!MESSAGE 刷新资源时发生了问题
!SUBENTRY 1 org.eclipse.core.resources 4 1 2024-10-26 20:55:33.477
!MESSAGE 自动刷新本机代码 5 时发生了问题。
!SUBENTRY 1 org.eclipse.core.resources 4 1 2024-10-26 20:55:33.477
!MESSAGE 自动刷新本机代码 5 时发生了问题。

!ENTRY org.eclipse.core.resources 4 1 2024-10-26 20:55:34.482
!MESSAGE 刷新资源时发生了问题
!SUBENTRY 1 org.eclipse.core.resources 4 1 2024-10-26 20:55:34.482
!MESSAGE 自动刷新本机代码 5 时发生了问题。
!SUBENTRY 1 org.eclipse.core.resources 4 1 2024-10-26 20:55:34.482
!MESSAGE 自动刷新本机代码 5 时发生了问题。

!ENTRY org.eclipse.core.resources 4 1 2024-10-26 20:55:35.489
!MESSAGE 刷新资源时发生了问题
!SUBENTRY 1 org.eclipse.core.resources 4 1 2024-10-26 20:55:35.489
!MESSAGE 自动刷新本机代码 5 时发生了问题。
!SUBENTRY 1 org.eclipse.core.resources 4 1 2024-10-26 20:55:35.489
!MESSAGE 自动刷新本机代码 5 时发生了问题。

!ENTRY org.eclipse.core.resources 4 1 2024-10-26 20:55:36.551
!MESSAGE 刷新资源时发生了问题
!SUBENTRY 1 org.eclipse.core.resources 4 1 2024-10-26 20:55:36.551
!MESSAGE 自动刷新本机代码 5 时发生了问题。
!SUBENTRY 1 org.eclipse.core.resources 4 1 2024-10-26 20:55:36.551
!MESSAGE 自动刷新本机代码 5 时发生了问题。

!ENTRY org.eclipse.core.resources 4 1 2024-10-26 20:55:37.563
!MESSAGE 刷新资源时发生了问题
!SUBENTRY 1 org.eclipse.core.resources 4 1 2024-10-26 20:55:37.563
!MESSAGE 自动刷新本机代码 5 时发生了问题。
!SUBENTRY 1 org.eclipse.core.resources 4 1 2024-10-26 20:55:37.563
!MESSAGE 自动刷新本机代码 5 时发生了问题。

!ENTRY org.eclipse.core.resources 4 1 2024-10-26 20:55:38.578
!MESSAGE 刷新资源时发生了问题
!SUBENTRY 1 org.eclipse.core.resources 4 1 2024-10-26 20:55:38.578
!MESSAGE 自动刷新本机代码 5 时发生了问题。
!SUBENTRY 1 org.eclipse.core.resources 4 1 2024-10-26 20:55:38.578
!MESSAGE 自动刷新本机代码 5 时发生了问题。

!ENTRY org.eclipse.core.resources 4 1 2024-10-26 20:55:39.591
!MESSAGE 刷新资源时发生了问题
!SUBENTRY 1 org.eclipse.core.resources 4 1 2024-10-26 20:55:39.591
!MESSAGE 自动刷新本机代码 5 时发生了问题。
!SUBENTRY 1 org.eclipse.core.resources 4 1 2024-10-26 20:55:39.591
!MESSAGE 自动刷新本机代码 5 时发生了问题。

!ENTRY org.eclipse.core.resources 4 1 2024-10-26 20:55:40.595
!MESSAGE 刷新资源时发生了问题
!SUBENTRY 1 org.eclipse.core.resources 4 1 2024-10-26 20:55:40.595
!MESSAGE 自动刷新本机代码 5 时发生了问题。
!SUBENTRY 1 org.eclipse.core.resources 4 1 2024-10-26 20:55:40.595
!MESSAGE 自动刷新本机代码 5 时发生了问题。

!ENTRY org.eclipse.core.resources 4 1 2024-10-26 20:55:41.609
!MESSAGE 刷新资源时发生了问题
!SUBENTRY 1 org.eclipse.core.resources 4 1 2024-10-26 20:55:41.609
!MESSAGE 自动刷新本机代码 5 时发生了问题。
!SUBENTRY 1 org.eclipse.core.resources 4 1 2024-10-26 20:55:41.609
!MESSAGE 自动刷新本机代码 5 时发生了问题。

!ENTRY org.eclipse.core.resources 4 1 2024-10-26 20:55:42.612
!MESSAGE 刷新资源时发生了问题
!SUBENTRY 1 org.eclipse.core.resources 4 1 2024-10-26 20:55:42.612
!MESSAGE 自动刷新本机代码 5 时发生了问题。
!SUBENTRY 1 org.eclipse.core.resources 4 1 2024-10-26 20:55:42.612
!MESSAGE 自动刷新本机代码 5 时发生了问题。

!ENTRY org.eclipse.core.resources 4 1 2024-10-26 20:55:43.632
!MESSAGE 刷新资源时发生了问题
!SUBENTRY 1 org.eclipse.core.resources 4 1 2024-10-26 20:55:43.632
!MESSAGE 自动刷新本机代码 5 时发生了问题。
!SUBENTRY 1 org.eclipse.core.resources 4 1 2024-10-26 20:55:43.632
!MESSAGE 自动刷新本机代码 5 时发生了问题。

!ENTRY org.eclipse.core.resources 4 1 2024-10-26 20:55:44.641
!MESSAGE 刷新资源时发生了问题
!SUBENTRY 1 org.eclipse.core.resources 4 1 2024-10-26 20:55:44.641
!MESSAGE 自动刷新本机代码 5 时发生了问题。
!SUBENTRY 1 org.eclipse.core.resources 4 1 2024-10-26 20:55:44.641
!MESSAGE 自动刷新本机代码 5 时发生了问题。

!ENTRY org.eclipse.core.resources 4 1 2024-10-26 20:55:45.654
!MESSAGE 刷新资源时发生了问题
!SUBENTRY 1 org.eclipse.core.resources 4 1 2024-10-26 20:55:45.654
!MESSAGE 自动刷新本机代码 5 时发生了问题。
!SUBENTRY 1 org.eclipse.core.resources 4 1 2024-10-26 20:55:45.654
!MESSAGE 自动刷新本机代码 5 时发生了问题。

!ENTRY org.eclipse.core.resources 4 1 2024-10-26 20:55:46.658
!MESSAGE 刷新资源时发生了问题
!SUBENTRY 1 org.eclipse.core.resources 4 1 2024-10-26 20:55:46.658
!MESSAGE 自动刷新本机代码 5 时发生了问题。
!SUBENTRY 1 org.eclipse.core.resources 4 1 2024-10-26 20:55:46.658
!MESSAGE 自动刷新本机代码 5 时发生了问题。

!ENTRY org.eclipse.core.resources 4 1 2024-10-26 20:55:47.660
!MESSAGE 刷新资源时发生了问题
!SUBENTRY 1 org.eclipse.core.resources 4 1 2024-10-26 20:55:47.660
!MESSAGE 自动刷新本机代码 5 时发生了问题。
!SUBENTRY 1 org.eclipse.core.resources 4 1 2024-10-26 20:55:47.660
!MESSAGE 自动刷新本机代码 5 时发生了问题。

!ENTRY org.eclipse.core.resources 4 1 2024-10-26 20:55:48.674
!MESSAGE 刷新资源时发生了问题
!SUBENTRY 1 org.eclipse.core.resources 4 1 2024-10-26 20:55:48.674
!MESSAGE 自动刷新本机代码 5 时发生了问题。
!SUBENTRY 1 org.eclipse.core.resources 4 1 2024-10-26 20:55:48.674
!MESSAGE 自动刷新本机代码 5 时发生了问题。

!ENTRY org.eclipse.core.resources 4 1 2024-10-26 20:55:49.687
!MESSAGE 刷新资源时发生了问题
!SUBENTRY 1 org.eclipse.core.resources 4 1 2024-10-26 20:55:49.687
!MESSAGE 自动刷新本机代码 5 时发生了问题。
!SUBENTRY 1 org.eclipse.core.resources 4 1 2024-10-26 20:55:49.687
!MESSAGE 自动刷新本机代码 5 时发生了问题。

!ENTRY org.eclipse.core.resources 4 1 2024-10-26 20:55:50.699
!MESSAGE 刷新资源时发生了问题
!SUBENTRY 1 org.eclipse.core.resources 4 1 2024-10-26 20:55:50.699
!MESSAGE 自动刷新本机代码 5 时发生了问题。
!SUBENTRY 1 org.eclipse.core.resources 4 1 2024-10-26 20:55:50.699
!MESSAGE 自动刷新本机代码 5 时发生了问题。

!ENTRY org.eclipse.core.resources 4 1 2024-10-26 20:55:51.712
!MESSAGE 刷新资源时发生了问题
!SUBENTRY 1 org.eclipse.core.resources 4 1 2024-10-26 20:55:51.712
!MESSAGE 自动刷新本机代码 5 时发生了问题。
!SUBENTRY 1 org.eclipse.core.resources 4 1 2024-10-26 20:55:51.712
!MESSAGE 自动刷新本机代码 5 时发生了问题。

!ENTRY org.eclipse.core.resources 4 1 2024-10-26 20:55:52.716
!MESSAGE 刷新资源时发生了问题
!SUBENTRY 1 org.eclipse.core.resources 4 1 2024-10-26 20:55:52.716
!MESSAGE 自动刷新本机代码 5 时发生了问题。
!SUBENTRY 1 org.eclipse.core.resources 4 1 2024-10-26 20:55:52.716
!MESSAGE 自动刷新本机代码 5 时发生了问题。

!ENTRY org.eclipse.core.resources 4 1 2024-10-26 20:55:53.730
!MESSAGE 刷新资源时发生了问题
!SUBENTRY 1 org.eclipse.core.resources 4 1 2024-10-26 20:55:53.730
!MESSAGE 自动刷新本机代码 5 时发生了问题。
!SUBENTRY 1 org.eclipse.core.resources 4 1 2024-10-26 20:55:53.730
!MESSAGE 自动刷新本机代码 5 时发生了问题。

!ENTRY org.eclipse.core.resources 4 1 2024-10-26 20:55:54.744
!MESSAGE 刷新资源时发生了问题
!SUBENTRY 1 org.eclipse.core.resources 4 1 2024-10-26 20:55:54.744
!MESSAGE 自动刷新本机代码 5 时发生了问题。
!SUBENTRY 1 org.eclipse.core.resources 4 1 2024-10-26 20:55:54.744
!MESSAGE 自动刷新本机代码 5 时发生了问题。

!ENTRY org.eclipse.core.resources 4 1 2024-10-26 20:55:55.746
!MESSAGE 刷新资源时发生了问题
!SUBENTRY 1 org.eclipse.core.resources 4 1 2024-10-26 20:55:55.746
!MESSAGE 自动刷新本机代码 5 时发生了问题。
!SUBENTRY 1 org.eclipse.core.resources 4 1 2024-10-26 20:55:55.746
!MESSAGE 自动刷新本机代码 5 时发生了问题。

!ENTRY org.eclipse.core.resources 4 1 2024-10-26 20:55:56.762
!MESSAGE 刷新资源时发生了问题
!SUBENTRY 1 org.eclipse.core.resources 4 1 2024-10-26 20:55:56.762
!MESSAGE 自动刷新本机代码 5 时发生了问题。
!SUBENTRY 1 org.eclipse.core.resources 4 1 2024-10-26 20:55:56.762
!MESSAGE 自动刷新本机代码 5 时发生了问题。

!ENTRY org.eclipse.core.resources 4 1 2024-10-26 20:55:57.769
!MESSAGE 刷新资源时发生了问题
!SUBENTRY 1 org.eclipse.core.resources 4 1 2024-10-26 20:55:57.769
!MESSAGE 自动刷新本机代码 5 时发生了问题。
!SUBENTRY 1 org.eclipse.core.resources 4 1 2024-10-26 20:55:57.769
!MESSAGE 自动刷新本机代码 5 时发生了问题。

!ENTRY org.eclipse.core.resources 4 1 2024-10-26 20:55:58.781
!MESSAGE 刷新资源时发生了问题
!SUBENTRY 1 org.eclipse.core.resources 4 1 2024-10-26 20:55:58.781
!MESSAGE 自动刷新本机代码 5 时发生了问题。
!SUBENTRY 1 org.eclipse.core.resources 4 1 2024-10-26 20:55:58.781
!MESSAGE 自动刷新本机代码 5 时发生了问题。

!ENTRY org.eclipse.core.resources 4 1 2024-10-26 20:55:59.783
!MESSAGE 刷新资源时发生了问题
!SUBENTRY 1 org.eclipse.core.resources 4 1 2024-10-26 20:55:59.783
!MESSAGE 自动刷新本机代码 5 时发生了问题。
!SUBENTRY 1 org.eclipse.core.resources 4 1 2024-10-26 20:55:59.783
!MESSAGE 自动刷新本机代码 5 时发生了问题。

!ENTRY org.eclipse.core.resources 4 1 2024-10-26 20:56:00.796
!MESSAGE 刷新资源时发生了问题
!SUBENTRY 1 org.eclipse.core.resources 4 1 2024-10-26 20:56:00.796
!MESSAGE 自动刷新本机代码 5 时发生了问题。
!SUBENTRY 1 org.eclipse.core.resources 4 1 2024-10-26 20:56:00.796
!MESSAGE 自动刷新本机代码 5 时发生了问题。

!ENTRY org.eclipse.core.resources 4 1 2024-10-26 20:56:01.800
!MESSAGE 刷新资源时发生了问题
!SUBENTRY 1 org.eclipse.core.resources 4 1 2024-10-26 20:56:01.800
!MESSAGE 自动刷新本机代码 5 时发生了问题。
!SUBENTRY 1 org.eclipse.core.resources 4 1 2024-10-26 20:56:01.800
!MESSAGE 自动刷新本机代码 5 时发生了问题。

!ENTRY org.eclipse.core.resources 4 1 2024-10-26 20:56:02.815
!MESSAGE 刷新资源时发生了问题
!SUBENTRY 1 org.eclipse.core.resources 4 1 2024-10-26 20:56:02.815
!MESSAGE 自动刷新本机代码 5 时发生了问题。
!SUBENTRY 1 org.eclipse.core.resources 4 1 2024-10-26 20:56:02.815
!MESSAGE 自动刷新本机代码 5 时发生了问题。

!ENTRY org.eclipse.core.resources 4 1 2024-10-26 20:56:03.831
!MESSAGE 刷新资源时发生了问题
!SUBENTRY 1 org.eclipse.core.resources 4 1 2024-10-26 20:56:03.831
!MESSAGE 自动刷新本机代码 5 时发生了问题。
!SUBENTRY 1 org.eclipse.core.resources 4 1 2024-10-26 20:56:03.831
!MESSAGE 自动刷新本机代码 5 时发生了问题。

!ENTRY org.eclipse.core.resources 4 1 2024-10-26 20:56:04.847
!MESSAGE 刷新资源时发生了问题
!SUBENTRY 1 org.eclipse.core.resources 4 1 2024-10-26 20:56:04.847
!MESSAGE 自动刷新本机代码 5 时发生了问题。
!SUBENTRY 1 org.eclipse.core.resources 4 1 2024-10-26 20:56:04.847
!MESSAGE 自动刷新本机代码 5 时发生了问题。

!ENTRY org.eclipse.core.resources 4 1 2024-10-26 20:56:05.863
!MESSAGE 刷新资源时发生了问题
!SUBENTRY 1 org.eclipse.core.resources 4 1 2024-10-26 20:56:05.863
!MESSAGE 自动刷新本机代码 5 时发生了问题。
!SUBENTRY 1 org.eclipse.core.resources 4 1 2024-10-26 20:56:05.863
!MESSAGE 自动刷新本机代码 5 时发生了问题。

!ENTRY org.eclipse.core.resources 4 1 2024-10-26 20:56:06.867
!MESSAGE 刷新资源时发生了问题
!SUBENTRY 1 org.eclipse.core.resources 4 1 2024-10-26 20:56:06.867
!MESSAGE 自动刷新本机代码 5 时发生了问题。
!SUBENTRY 1 org.eclipse.core.resources 4 1 2024-10-26 20:56:06.867
!MESSAGE 自动刷新本机代码 5 时发生了问题。

!ENTRY org.eclipse.core.resources 4 1 2024-10-26 20:56:07.884
!MESSAGE 刷新资源时发生了问题
!SUBENTRY 1 org.eclipse.core.resources 4 1 2024-10-26 20:56:07.884
!MESSAGE 自动刷新本机代码 5 时发生了问题。
!SUBENTRY 1 org.eclipse.core.resources 4 1 2024-10-26 20:56:07.884
!MESSAGE 自动刷新本机代码 5 时发生了问题。

!ENTRY org.eclipse.core.resources 4 1 2024-10-26 20:56:08.897
!MESSAGE 刷新资源时发生了问题
!SUBENTRY 1 org.eclipse.core.resources 4 1 2024-10-26 20:56:08.897
!MESSAGE 自动刷新本机代码 5 时发生了问题。
!SUBENTRY 1 org.eclipse.core.resources 4 1 2024-10-26 20:56:08.897
!MESSAGE 自动刷新本机代码 5 时发生了问题。

!ENTRY org.eclipse.core.resources 4 1 2024-10-26 20:56:09.904
!MESSAGE 刷新资源时发生了问题
!SUBENTRY 1 org.eclipse.core.resources 4 1 2024-10-26 20:56:09.904
!MESSAGE 自动刷新本机代码 5 时发生了问题。
!SUBENTRY 1 org.eclipse.core.resources 4 1 2024-10-26 20:56:09.904
!MESSAGE 自动刷新本机代码 5 时发生了问题。

!ENTRY org.eclipse.core.resources 4 1 2024-10-26 20:56:10.907
!MESSAGE 刷新资源时发生了问题
!SUBENTRY 1 org.eclipse.core.resources 4 1 2024-10-26 20:56:10.907
!MESSAGE 自动刷新本机代码 5 时发生了问题。
!SUBENTRY 1 org.eclipse.core.resources 4 1 2024-10-26 20:56:10.907
!MESSAGE 自动刷新本机代码 5 时发生了问题。

!ENTRY org.eclipse.core.resources 4 1 2024-10-26 20:56:11.919
!MESSAGE 刷新资源时发生了问题
!SUBENTRY 1 org.eclipse.core.resources 4 1 2024-10-26 20:56:11.919
!MESSAGE 自动刷新本机代码 5 时发生了问题。
!SUBENTRY 1 org.eclipse.core.resources 4 1 2024-10-26 20:56:11.919
!MESSAGE 自动刷新本机代码 5 时发生了问题。

!ENTRY org.eclipse.core.resources 4 1 2024-10-26 20:56:12.920
!MESSAGE 刷新资源时发生了问题
!SUBENTRY 1 org.eclipse.core.resources 4 1 2024-10-26 20:56:12.920
!MESSAGE 自动刷新本机代码 5 时发生了问题。
!SUBENTRY 1 org.eclipse.core.resources 4 1 2024-10-26 20:56:12.920
!MESSAGE 自动刷新本机代码 5 时发生了问题。

!ENTRY org.eclipse.core.resources 4 1 2024-10-26 20:56:13.927
!MESSAGE 刷新资源时发生了问题
!SUBENTRY 1 org.eclipse.core.resources 4 1 2024-10-26 20:56:13.927
!MESSAGE 自动刷新本机代码 5 时发生了问题。
!SUBENTRY 1 org.eclipse.core.resources 4 1 2024-10-26 20:56:13.927
!MESSAGE 自动刷新本机代码 5 时发生了问题。

!ENTRY org.eclipse.core.resources 4 1 2024-10-26 20:56:14.941
!MESSAGE 刷新资源时发生了问题
!SUBENTRY 1 org.eclipse.core.resources 4 1 2024-10-26 20:56:14.941
!MESSAGE 自动刷新本机代码 5 时发生了问题。
!SUBENTRY 1 org.eclipse.core.resources 4 1 2024-10-26 20:56:14.941
!MESSAGE 自动刷新本机代码 5 时发生了问题。

!ENTRY org.eclipse.core.resources 4 1 2024-10-26 20:56:15.943
!MESSAGE 刷新资源时发生了问题
!SUBENTRY 1 org.eclipse.core.resources 4 1 2024-10-26 20:56:15.943
!MESSAGE 自动刷新本机代码 5 时发生了问题。
!SUBENTRY 1 org.eclipse.core.resources 4 1 2024-10-26 20:56:15.943
!MESSAGE 自动刷新本机代码 5 时发生了问题。

!ENTRY org.eclipse.core.resources 4 1 2024-10-26 20:56:16.949
!MESSAGE 刷新资源时发生了问题
!SUBENTRY 1 org.eclipse.core.resources 4 1 2024-10-26 20:56:16.949
!MESSAGE 自动刷新本机代码 5 时发生了问题。
!SUBENTRY 1 org.eclipse.core.resources 4 1 2024-10-26 20:56:16.949
!MESSAGE 自动刷新本机代码 5 时发生了问题。

!ENTRY org.eclipse.core.resources 4 1 2024-10-26 20:56:17.953
!MESSAGE 刷新资源时发生了问题
!SUBENTRY 1 org.eclipse.core.resources 4 1 2024-10-26 20:56:17.953
!MESSAGE 自动刷新本机代码 5 时发生了问题。
!SUBENTRY 1 org.eclipse.core.resources 4 1 2024-10-26 20:56:17.953
!MESSAGE 自动刷新本机代码 5 时发生了问题。

!ENTRY org.eclipse.core.resources 4 1 2024-10-26 20:56:18.954
!MESSAGE 刷新资源时发生了问题
!SUBENTRY 1 org.eclipse.core.resources 4 1 2024-10-26 20:56:18.954
!MESSAGE 自动刷新本机代码 5 时发生了问题。
!SUBENTRY 1 org.eclipse.core.resources 4 1 2024-10-26 20:56:18.954
!MESSAGE 自动刷新本机代码 5 时发生了问题。

!ENTRY org.eclipse.core.resources 4 1 2024-10-26 20:56:19.970
!MESSAGE 刷新资源时发生了问题
!SUBENTRY 1 org.eclipse.core.resources 4 1 2024-10-26 20:56:19.970
!MESSAGE 自动刷新本机代码 5 时发生了问题。
!SUBENTRY 1 org.eclipse.core.resources 4 1 2024-10-26 20:56:19.970
!MESSAGE 自动刷新本机代码 5 时发生了问题。

!ENTRY org.eclipse.core.resources 4 1 2024-10-26 20:56:20.974
!MESSAGE 刷新资源时发生了问题
!SUBENTRY 1 org.eclipse.core.resources 4 1 2024-10-26 20:56:20.974
!MESSAGE 自动刷新本机代码 5 时发生了问题。
!SUBENTRY 1 org.eclipse.core.resources 4 1 2024-10-26 20:56:20.974
!MESSAGE 自动刷新本机代码 5 时发生了问题。

!ENTRY org.eclipse.core.resources 4 1 2024-10-26 20:56:22.036
!MESSAGE 刷新资源时发生了问题
!SUBENTRY 1 org.eclipse.core.resources 4 1 2024-10-26 20:56:22.036
!MESSAGE 自动刷新本机代码 5 时发生了问题。
!SUBENTRY 1 org.eclipse.core.resources 4 1 2024-10-26 20:56:22.036
!MESSAGE 自动刷新本机代码 5 时发生了问题。

!ENTRY org.eclipse.core.resources 4 1 2024-10-26 20:56:23.051
!MESSAGE 刷新资源时发生了问题
!SUBENTRY 1 org.eclipse.core.resources 4 1 2024-10-26 20:56:23.051
!MESSAGE 自动刷新本机代码 5 时发生了问题。
!SUBENTRY 1 org.eclipse.core.resources 4 1 2024-10-26 20:56:23.051
!MESSAGE 自动刷新本机代码 5 时发生了问题。

!ENTRY org.eclipse.core.resources 4 1 2024-10-26 20:56:24.052
!MESSAGE 刷新资源时发生了问题
!SUBENTRY 1 org.eclipse.core.resources 4 1 2024-10-26 20:56:24.052
!MESSAGE 自动刷新本机代码 5 时发生了问题。
!SUBENTRY 1 org.eclipse.core.resources 4 1 2024-10-26 20:56:24.052
!MESSAGE 自动刷新本机代码 5 时发生了问题。

!ENTRY org.eclipse.core.resources 4 1 2024-10-26 20:56:25.053
!MESSAGE 刷新资源时发生了问题
!SUBENTRY 1 org.eclipse.core.resources 4 1 2024-10-26 20:56:25.053
!MESSAGE 自动刷新本机代码 5 时发生了问题。
!SUBENTRY 1 org.eclipse.core.resources 4 1 2024-10-26 20:56:25.053
!MESSAGE 自动刷新本机代码 5 时发生了问题。

!ENTRY org.eclipse.core.resources 4 1 2024-10-26 20:56:26.067
!MESSAGE 刷新资源时发生了问题
!SUBENTRY 1 org.eclipse.core.resources 4 1 2024-10-26 20:56:26.067
!MESSAGE 自动刷新本机代码 5 时发生了问题。
!SUBENTRY 1 org.eclipse.core.resources 4 1 2024-10-26 20:56:26.067
!MESSAGE 自动刷新本机代码 5 时发生了问题。

!ENTRY org.eclipse.core.resources 4 1 2024-10-26 20:56:27.071
!MESSAGE 刷新资源时发生了问题
!SUBENTRY 1 org.eclipse.core.resources 4 1 2024-10-26 20:56:27.071
!MESSAGE 自动刷新本机代码 5 时发生了问题。
!SUBENTRY 1 org.eclipse.core.resources 4 1 2024-10-26 20:56:27.071
!MESSAGE 自动刷新本机代码 5 时发生了问题。

!ENTRY org.eclipse.core.resources 4 1 2024-10-26 20:56:28.075
!MESSAGE 刷新资源时发生了问题
!SUBENTRY 1 org.eclipse.core.resources 4 1 2024-10-26 20:56:28.075
!MESSAGE 自动刷新本机代码 5 时发生了问题。
!SUBENTRY 1 org.eclipse.core.resources 4 1 2024-10-26 20:56:28.075
!MESSAGE 自动刷新本机代码 5 时发生了问题。

!ENTRY org.eclipse.core.resources 4 1 2024-10-26 20:56:29.086
!MESSAGE 刷新资源时发生了问题
!SUBENTRY 1 org.eclipse.core.resources 4 1 2024-10-26 20:56:29.086
!MESSAGE 自动刷新本机代码 5 时发生了问题。
!SUBENTRY 1 org.eclipse.core.resources 4 1 2024-10-26 20:56:29.086
!MESSAGE 自动刷新本机代码 5 时发生了问题。

!ENTRY org.eclipse.core.resources 4 1 2024-10-26 20:56:30.099
!MESSAGE 刷新资源时发生了问题
!SUBENTRY 1 org.eclipse.core.resources 4 1 2024-10-26 20:56:30.099
!MESSAGE 自动刷新本机代码 5 时发生了问题。
!SUBENTRY 1 org.eclipse.core.resources 4 1 2024-10-26 20:56:30.100
!MESSAGE 自动刷新本机代码 5 时发生了问题。

!ENTRY org.eclipse.core.resources 4 1 2024-10-26 20:56:31.114
!MESSAGE 刷新资源时发生了问题
!SUBENTRY 1 org.eclipse.core.resources 4 1 2024-10-26 20:56:31.114
!MESSAGE 自动刷新本机代码 5 时发生了问题。
!SUBENTRY 1 org.eclipse.core.resources 4 1 2024-10-26 20:56:31.114
!MESSAGE 自动刷新本机代码 5 时发生了问题。

!ENTRY org.eclipse.core.resources 4 1 2024-10-26 20:56:32.118
!MESSAGE 刷新资源时发生了问题
!SUBENTRY 1 org.eclipse.core.resources 4 1 2024-10-26 20:56:32.118
!MESSAGE 自动刷新本机代码 5 时发生了问题。
!SUBENTRY 1 org.eclipse.core.resources 4 1 2024-10-26 20:56:32.118
!MESSAGE 自动刷新本机代码 5 时发生了问题。

!ENTRY org.eclipse.core.resources 4 1 2024-10-26 20:56:33.123
!MESSAGE 刷新资源时发生了问题
!SUBENTRY 1 org.eclipse.core.resources 4 1 2024-10-26 20:56:33.123
!MESSAGE 自动刷新本机代码 5 时发生了问题。
!SUBENTRY 1 org.eclipse.core.resources 4 1 2024-10-26 20:56:33.123
!MESSAGE 自动刷新本机代码 5 时发生了问题。

!ENTRY org.eclipse.core.resources 4 1 2024-10-26 20:56:34.129
!MESSAGE 刷新资源时发生了问题
!SUBENTRY 1 org.eclipse.core.resources 4 1 2024-10-26 20:56:34.129
!MESSAGE 自动刷新本机代码 5 时发生了问题。
!SUBENTRY 1 org.eclipse.core.resources 4 1 2024-10-26 20:56:34.129
!MESSAGE 自动刷新本机代码 5 时发生了问题。

!ENTRY org.eclipse.core.resources 4 1 2024-10-26 20:56:35.134
!MESSAGE 刷新资源时发生了问题
!SUBENTRY 1 org.eclipse.core.resources 4 1 2024-10-26 20:56:35.134
!MESSAGE 自动刷新本机代码 5 时发生了问题。
!SUBENTRY 1 org.eclipse.core.resources 4 1 2024-10-26 20:56:35.134
!MESSAGE 自动刷新本机代码 5 时发生了问题。

!ENTRY org.eclipse.core.resources 4 1 2024-10-26 20:56:36.139
!MESSAGE 刷新资源时发生了问题
!SUBENTRY 1 org.eclipse.core.resources 4 1 2024-10-26 20:56:36.139
!MESSAGE 自动刷新本机代码 5 时发生了问题。
!SUBENTRY 1 org.eclipse.core.resources 4 1 2024-10-26 20:56:36.139
!MESSAGE 自动刷新本机代码 5 时发生了问题。

!ENTRY org.eclipse.core.resources 4 1 2024-10-26 20:56:37.140
!MESSAGE 刷新资源时发生了问题
!SUBENTRY 1 org.eclipse.core.resources 4 1 2024-10-26 20:56:37.140
!MESSAGE 自动刷新本机代码 5 时发生了问题。
!SUBENTRY 1 org.eclipse.core.resources 4 1 2024-10-26 20:56:37.140
!MESSAGE 自动刷新本机代码 5 时发生了问题。

!ENTRY org.eclipse.core.resources 4 1 2024-10-26 20:56:38.153
!MESSAGE 刷新资源时发生了问题
!SUBENTRY 1 org.eclipse.core.resources 4 1 2024-10-26 20:56:38.153
!MESSAGE 自动刷新本机代码 5 时发生了问题。
!SUBENTRY 1 org.eclipse.core.resources 4 1 2024-10-26 20:56:38.153
!MESSAGE 自动刷新本机代码 5 时发生了问题。

!ENTRY org.eclipse.core.resources 4 1 2024-10-26 20:56:39.169
!MESSAGE 刷新资源时发生了问题
!SUBENTRY 1 org.eclipse.core.resources 4 1 2024-10-26 20:56:39.169
!MESSAGE 自动刷新本机代码 5 时发生了问题。
!SUBENTRY 1 org.eclipse.core.resources 4 1 2024-10-26 20:56:39.169
!MESSAGE 自动刷新本机代码 5 时发生了问题。

!ENTRY org.eclipse.core.resources 4 1 2024-10-26 20:56:40.172
!MESSAGE 刷新资源时发生了问题
!SUBENTRY 1 org.eclipse.core.resources 4 1 2024-10-26 20:56:40.172
!MESSAGE 自动刷新本机代码 5 时发生了问题。
!SUBENTRY 1 org.eclipse.core.resources 4 1 2024-10-26 20:56:40.172
!MESSAGE 自动刷新本机代码 5 时发生了问题。

!ENTRY org.eclipse.core.resources 4 1 2024-10-26 20:56:41.185
!MESSAGE 刷新资源时发生了问题
!SUBENTRY 1 org.eclipse.core.resources 4 1 2024-10-26 20:56:41.185
!MESSAGE 自动刷新本机代码 5 时发生了问题。
!SUBENTRY 1 org.eclipse.core.resources 4 1 2024-10-26 20:56:41.185
!MESSAGE 自动刷新本机代码 5 时发生了问题。

!ENTRY org.eclipse.core.resources 4 1 2024-10-26 20:56:42.200
!MESSAGE 刷新资源时发生了问题
!SUBENTRY 1 org.eclipse.core.resources 4 1 2024-10-26 20:56:42.200
!MESSAGE 自动刷新本机代码 5 时发生了问题。
!SUBENTRY 1 org.eclipse.core.resources 4 1 2024-10-26 20:56:42.200
!MESSAGE 自动刷新本机代码 5 时发生了问题。

!ENTRY org.eclipse.core.resources 4 1 2024-10-26 20:56:43.213
!MESSAGE 刷新资源时发生了问题
!SUBENTRY 1 org.eclipse.core.resources 4 1 2024-10-26 20:56:43.213
!MESSAGE 自动刷新本机代码 5 时发生了问题。
!SUBENTRY 1 org.eclipse.core.resources 4 1 2024-10-26 20:56:43.213
!MESSAGE 自动刷新本机代码 5 时发生了问题。

!ENTRY org.eclipse.core.resources 4 1 2024-10-26 20:56:44.227
!MESSAGE 刷新资源时发生了问题
!SUBENTRY 1 org.eclipse.core.resources 4 1 2024-10-26 20:56:44.227
!MESSAGE 自动刷新本机代码 5 时发生了问题。
!SUBENTRY 1 org.eclipse.core.resources 4 1 2024-10-26 20:56:44.227
!MESSAGE 自动刷新本机代码 5 时发生了问题。

!ENTRY org.eclipse.core.resources 4 1 2024-10-26 20:56:45.229
!MESSAGE 刷新资源时发生了问题
!SUBENTRY 1 org.eclipse.core.resources 4 1 2024-10-26 20:56:45.229
!MESSAGE 自动刷新本机代码 5 时发生了问题。
!SUBENTRY 1 org.eclipse.core.resources 4 1 2024-10-26 20:56:45.229
!MESSAGE 自动刷新本机代码 5 时发生了问题。

!ENTRY org.eclipse.core.resources 4 1 2024-10-26 20:56:46.232
!MESSAGE 刷新资源时发生了问题
!SUBENTRY 1 org.eclipse.core.resources 4 1 2024-10-26 20:56:46.232
!MESSAGE 自动刷新本机代码 5 时发生了问题。
!SUBENTRY 1 org.eclipse.core.resources 4 1 2024-10-26 20:56:46.232
!MESSAGE 自动刷新本机代码 5 时发生了问题。

!ENTRY org.eclipse.core.resources 4 1 2024-10-26 20:56:47.247
!MESSAGE 刷新资源时发生了问题
!SUBENTRY 1 org.eclipse.core.resources 4 1 2024-10-26 20:56:47.247
!MESSAGE 自动刷新本机代码 5 时发生了问题。
!SUBENTRY 1 org.eclipse.core.resources 4 1 2024-10-26 20:56:47.247
!MESSAGE 自动刷新本机代码 5 时发生了问题。

!ENTRY org.eclipse.core.resources 4 1 2024-10-26 20:56:48.249
!MESSAGE 刷新资源时发生了问题
!SUBENTRY 1 org.eclipse.core.resources 4 1 2024-10-26 20:56:48.249
!MESSAGE 自动刷新本机代码 5 时发生了问题。
!SUBENTRY 1 org.eclipse.core.resources 4 1 2024-10-26 20:56:48.249
!MESSAGE 自动刷新本机代码 5 时发生了问题。

!ENTRY org.eclipse.core.resources 4 1 2024-10-26 20:56:49.254
!MESSAGE 刷新资源时发生了问题
!SUBENTRY 1 org.eclipse.core.resources 4 1 2024-10-26 20:56:49.254
!MESSAGE 自动刷新本机代码 5 时发生了问题。
!SUBENTRY 1 org.eclipse.core.resources 4 1 2024-10-26 20:56:49.254
!MESSAGE 自动刷新本机代码 5 时发生了问题。

!ENTRY org.eclipse.core.resources 4 1 2024-10-26 20:56:50.256
!MESSAGE 刷新资源时发生了问题
!SUBENTRY 1 org.eclipse.core.resources 4 1 2024-10-26 20:56:50.256
!MESSAGE 自动刷新本机代码 5 时发生了问题。
!SUBENTRY 1 org.eclipse.core.resources 4 1 2024-10-26 20:56:50.256
!MESSAGE 自动刷新本机代码 5 时发生了问题。

!ENTRY org.eclipse.core.resources 4 1 2024-10-26 20:56:51.269
!MESSAGE 刷新资源时发生了问题
!SUBENTRY 1 org.eclipse.core.resources 4 1 2024-10-26 20:56:51.269
!MESSAGE 自动刷新本机代码 5 时发生了问题。
!SUBENTRY 1 org.eclipse.core.resources 4 1 2024-10-26 20:56:51.269
!MESSAGE 自动刷新本机代码 5 时发生了问题。

!ENTRY org.eclipse.core.resources 4 1 2024-10-26 20:56:52.271
!MESSAGE 刷新资源时发生了问题
!SUBENTRY 1 org.eclipse.core.resources 4 1 2024-10-26 20:56:52.271
!MESSAGE 自动刷新本机代码 5 时发生了问题。
!SUBENTRY 1 org.eclipse.core.resources 4 1 2024-10-26 20:56:52.271
!MESSAGE 自动刷新本机代码 5 时发生了问题。

!ENTRY org.eclipse.core.resources 4 1 2024-10-26 20:56:53.275
!MESSAGE 刷新资源时发生了问题
!SUBENTRY 1 org.eclipse.core.resources 4 1 2024-10-26 20:56:53.275
!MESSAGE 自动刷新本机代码 5 时发生了问题。
!SUBENTRY 1 org.eclipse.core.resources 4 1 2024-10-26 20:56:53.275
!MESSAGE 自动刷新本机代码 5 时发生了问题。

!ENTRY org.eclipse.core.resources 4 1 2024-10-26 20:56:54.289
!MESSAGE 刷新资源时发生了问题
!SUBENTRY 1 org.eclipse.core.resources 4 1 2024-10-26 20:56:54.289
!MESSAGE 自动刷新本机代码 5 时发生了问题。
!SUBENTRY 1 org.eclipse.core.resources 4 1 2024-10-26 20:56:54.289
!MESSAGE 自动刷新本机代码 5 时发生了问题。

!ENTRY org.eclipse.core.resources 4 1 2024-10-26 20:56:55.302
!MESSAGE 刷新资源时发生了问题
!SUBENTRY 1 org.eclipse.core.resources 4 1 2024-10-26 20:56:55.302
!MESSAGE 自动刷新本机代码 5 时发生了问题。
!SUBENTRY 1 org.eclipse.core.resources 4 1 2024-10-26 20:56:55.302
!MESSAGE 自动刷新本机代码 5 时发生了问题。

!ENTRY org.eclipse.core.resources 4 1 2024-10-26 20:56:56.308
!MESSAGE 刷新资源时发生了问题
!SUBENTRY 1 org.eclipse.core.resources 4 1 2024-10-26 20:56:56.308
!MESSAGE 自动刷新本机代码 5 时发生了问题。
!SUBENTRY 1 org.eclipse.core.resources 4 1 2024-10-26 20:56:56.308
!MESSAGE 自动刷新本机代码 5 时发生了问题。

!ENTRY org.eclipse.core.resources 4 1 2024-10-26 20:56:57.309
!MESSAGE 刷新资源时发生了问题
!SUBENTRY 1 org.eclipse.core.resources 4 1 2024-10-26 20:56:57.309
!MESSAGE 自动刷新本机代码 5 时发生了问题。
!SUBENTRY 1 org.eclipse.core.resources 4 1 2024-10-26 20:56:57.309
!MESSAGE 自动刷新本机代码 5 时发生了问题。

!ENTRY org.eclipse.core.resources 4 1 2024-10-26 20:56:58.323
!MESSAGE 刷新资源时发生了问题
!SUBENTRY 1 org.eclipse.core.resources 4 1 2024-10-26 20:56:58.323
!MESSAGE 自动刷新本机代码 5 时发生了问题。
!SUBENTRY 1 org.eclipse.core.resources 4 1 2024-10-26 20:56:58.323
!MESSAGE 自动刷新本机代码 5 时发生了问题。

!ENTRY org.eclipse.core.resources 4 1 2024-10-26 20:56:59.337
!MESSAGE 刷新资源时发生了问题
!SUBENTRY 1 org.eclipse.core.resources 4 1 2024-10-26 20:56:59.337
!MESSAGE 自动刷新本机代码 5 时发生了问题。
!SUBENTRY 1 org.eclipse.core.resources 4 1 2024-10-26 20:56:59.337
!MESSAGE 自动刷新本机代码 5 时发生了问题。

!ENTRY org.eclipse.core.resources 4 1 2024-10-26 20:57:00.350
!MESSAGE 刷新资源时发生了问题
!SUBENTRY 1 org.eclipse.core.resources 4 1 2024-10-26 20:57:00.350
!MESSAGE 自动刷新本机代码 5 时发生了问题。
!SUBENTRY 1 org.eclipse.core.resources 4 1 2024-10-26 20:57:00.350
!MESSAGE 自动刷新本机代码 5 时发生了问题。

!ENTRY org.eclipse.core.resources 4 1 2024-10-26 20:57:01.363
!MESSAGE 刷新资源时发生了问题
!SUBENTRY 1 org.eclipse.core.resources 4 1 2024-10-26 20:57:01.363
!MESSAGE 自动刷新本机代码 5 时发生了问题。
!SUBENTRY 1 org.eclipse.core.resources 4 1 2024-10-26 20:57:01.363
!MESSAGE 自动刷新本机代码 5 时发生了问题。

!ENTRY org.eclipse.core.resources 4 1 2024-10-26 20:57:02.376
!MESSAGE 刷新资源时发生了问题
!SUBENTRY 1 org.eclipse.core.resources 4 1 2024-10-26 20:57:02.376
!MESSAGE 自动刷新本机代码 5 时发生了问题。
!SUBENTRY 1 org.eclipse.core.resources 4 1 2024-10-26 20:57:02.376
!MESSAGE 自动刷新本机代码 5 时发生了问题。

!ENTRY org.eclipse.core.resources 4 1 2024-10-26 20:57:03.381
!MESSAGE 刷新资源时发生了问题
!SUBENTRY 1 org.eclipse.core.resources 4 1 2024-10-26 20:57:03.381
!MESSAGE 自动刷新本机代码 5 时发生了问题。
!SUBENTRY 1 org.eclipse.core.resources 4 1 2024-10-26 20:57:03.381
!MESSAGE 自动刷新本机代码 5 时发生了问题。

!ENTRY org.eclipse.core.resources 4 1 2024-10-26 20:57:04.396
!MESSAGE 刷新资源时发生了问题
!SUBENTRY 1 org.eclipse.core.resources 4 1 2024-10-26 20:57:04.396
!MESSAGE 自动刷新本机代码 5 时发生了问题。
!SUBENTRY 1 org.eclipse.core.resources 4 1 2024-10-26 20:57:04.396
!MESSAGE 自动刷新本机代码 5 时发生了问题。

!ENTRY org.eclipse.core.resources 4 1 2024-10-26 20:57:05.399
!MESSAGE 刷新资源时发生了问题
!SUBENTRY 1 org.eclipse.core.resources 4 1 2024-10-26 20:57:05.399
!MESSAGE 自动刷新本机代码 5 时发生了问题。
!SUBENTRY 1 org.eclipse.core.resources 4 1 2024-10-26 20:57:05.399
!MESSAGE 自动刷新本机代码 5 时发生了问题。

!ENTRY org.eclipse.core.resources 4 1 2024-10-26 20:57:06.403
!MESSAGE 刷新资源时发生了问题
!SUBENTRY 1 org.eclipse.core.resources 4 1 2024-10-26 20:57:06.403
!MESSAGE 自动刷新本机代码 5 时发生了问题。
!SUBENTRY 1 org.eclipse.core.resources 4 1 2024-10-26 20:57:06.403
!MESSAGE 自动刷新本机代码 5 时发生了问题。

!ENTRY org.eclipse.core.resources 4 1 2024-10-26 20:57:07.405
!MESSAGE 刷新资源时发生了问题
!SUBENTRY 1 org.eclipse.core.resources 4 1 2024-10-26 20:57:07.405
!MESSAGE 自动刷新本机代码 5 时发生了问题。
!SUBENTRY 1 org.eclipse.core.resources 4 1 2024-10-26 20:57:07.405
!MESSAGE 自动刷新本机代码 5 时发生了问题。

!ENTRY org.eclipse.core.resources 4 1 2024-10-26 20:57:08.408
!MESSAGE 刷新资源时发生了问题
!SUBENTRY 1 org.eclipse.core.resources 4 1 2024-10-26 20:57:08.408
!MESSAGE 自动刷新本机代码 5 时发生了问题。
!SUBENTRY 1 org.eclipse.core.resources 4 1 2024-10-26 20:57:08.408
!MESSAGE 自动刷新本机代码 5 时发生了问题。

!ENTRY org.eclipse.core.resources 4 1 2024-10-26 20:57:09.411
!MESSAGE 刷新资源时发生了问题
!SUBENTRY 1 org.eclipse.core.resources 4 1 2024-10-26 20:57:09.411
!MESSAGE 自动刷新本机代码 5 时发生了问题。
!SUBENTRY 1 org.eclipse.core.resources 4 1 2024-10-26 20:57:09.411
!MESSAGE 自动刷新本机代码 5 时发生了问题。

!ENTRY org.eclipse.core.resources 4 1 2024-10-26 20:57:10.425
!MESSAGE 刷新资源时发生了问题
!SUBENTRY 1 org.eclipse.core.resources 4 1 2024-10-26 20:57:10.425
!MESSAGE 自动刷新本机代码 5 时发生了问题。
!SUBENTRY 1 org.eclipse.core.resources 4 1 2024-10-26 20:57:10.425
!MESSAGE 自动刷新本机代码 5 时发生了问题。

!ENTRY org.eclipse.core.resources 4 1 2024-10-26 20:57:11.431
!MESSAGE 刷新资源时发生了问题
!SUBENTRY 1 org.eclipse.core.resources 4 1 2024-10-26 20:57:11.431
!MESSAGE 自动刷新本机代码 5 时发生了问题。
!SUBENTRY 1 org.eclipse.core.resources 4 1 2024-10-26 20:57:11.431
!MESSAGE 自动刷新本机代码 5 时发生了问题。

!ENTRY org.eclipse.core.resources 4 1 2024-10-26 20:57:12.445
!MESSAGE 刷新资源时发生了问题
!SUBENTRY 1 org.eclipse.core.resources 4 1 2024-10-26 20:57:12.445
!MESSAGE 自动刷新本机代码 5 时发生了问题。
!SUBENTRY 1 org.eclipse.core.resources 4 1 2024-10-26 20:57:12.445
!MESSAGE 自动刷新本机代码 5 时发生了问题。

!ENTRY org.eclipse.core.resources 4 1 2024-10-26 20:57:13.446
!MESSAGE 刷新资源时发生了问题
!SUBENTRY 1 org.eclipse.core.resources 4 1 2024-10-26 20:57:13.446
!MESSAGE 自动刷新本机代码 5 时发生了问题。
!SUBENTRY 1 org.eclipse.core.resources 4 1 2024-10-26 20:57:13.446
!MESSAGE 自动刷新本机代码 5 时发生了问题。

!ENTRY org.eclipse.core.resources 4 1 2024-10-26 20:57:14.449
!MESSAGE 刷新资源时发生了问题
!SUBENTRY 1 org.eclipse.core.resources 4 1 2024-10-26 20:57:14.449
!MESSAGE 自动刷新本机代码 5 时发生了问题。
!SUBENTRY 1 org.eclipse.core.resources 4 1 2024-10-26 20:57:14.449
!MESSAGE 自动刷新本机代码 5 时发生了问题。

!ENTRY org.eclipse.core.resources 4 1 2024-10-26 20:57:15.465
!MESSAGE 刷新资源时发生了问题
!SUBENTRY 1 org.eclipse.core.resources 4 1 2024-10-26 20:57:15.465
!MESSAGE 自动刷新本机代码 5 时发生了问题。
!SUBENTRY 1 org.eclipse.core.resources 4 1 2024-10-26 20:57:15.465
!MESSAGE 自动刷新本机代码 5 时发生了问题。

!ENTRY org.eclipse.core.resources 4 1 2024-10-26 20:57:16.472
!MESSAGE 刷新资源时发生了问题
!SUBENTRY 1 org.eclipse.core.resources 4 1 2024-10-26 20:57:16.472
!MESSAGE 自动刷新本机代码 5 时发生了问题。
!SUBENTRY 1 org.eclipse.core.resources 4 1 2024-10-26 20:57:16.472
!MESSAGE 自动刷新本机代码 5 时发生了问题。

!ENTRY org.eclipse.core.resources 4 1 2024-10-26 20:57:17.474
!MESSAGE 刷新资源时发生了问题
!SUBENTRY 1 org.eclipse.core.resources 4 1 2024-10-26 20:57:17.474
!MESSAGE 自动刷新本机代码 5 时发生了问题。
!SUBENTRY 1 org.eclipse.core.resources 4 1 2024-10-26 20:57:17.474
!MESSAGE 自动刷新本机代码 5 时发生了问题。

!ENTRY org.eclipse.core.resources 4 1 2024-10-26 20:57:18.476
!MESSAGE 刷新资源时发生了问题
!SUBENTRY 1 org.eclipse.core.resources 4 1 2024-10-26 20:57:18.476
!MESSAGE 自动刷新本机代码 5 时发生了问题。
!SUBENTRY 1 org.eclipse.core.resources 4 1 2024-10-26 20:57:18.476
!MESSAGE 自动刷新本机代码 5 时发生了问题。

!ENTRY org.eclipse.core.resources 4 1 2024-10-26 20:57:19.489
!MESSAGE 刷新资源时发生了问题
!SUBENTRY 1 org.eclipse.core.resources 4 1 2024-10-26 20:57:19.489
!MESSAGE 自动刷新本机代码 5 时发生了问题。
!SUBENTRY 1 org.eclipse.core.resources 4 1 2024-10-26 20:57:19.489
!MESSAGE 自动刷新本机代码 5 时发生了问题。

!ENTRY org.eclipse.core.resources 4 1 2024-10-26 20:57:20.491
!MESSAGE 刷新资源时发生了问题
!SUBENTRY 1 org.eclipse.core.resources 4 1 2024-10-26 20:57:20.491
!MESSAGE 自动刷新本机代码 5 时发生了问题。
!SUBENTRY 1 org.eclipse.core.resources 4 1 2024-10-26 20:57:20.491
!MESSAGE 自动刷新本机代码 5 时发生了问题。

!ENTRY org.eclipse.core.resources 4 1 2024-10-26 20:57:21.494
!MESSAGE 刷新资源时发生了问题
!SUBENTRY 1 org.eclipse.core.resources 4 1 2024-10-26 20:57:21.494
!MESSAGE 自动刷新本机代码 5 时发生了问题。
!SUBENTRY 1 org.eclipse.core.resources 4 1 2024-10-26 20:57:21.494
!MESSAGE 自动刷新本机代码 5 时发生了问题。

!ENTRY org.eclipse.core.resources 4 1 2024-10-26 20:57:22.496
!MESSAGE 刷新资源时发生了问题
!SUBENTRY 1 org.eclipse.core.resources 4 1 2024-10-26 20:57:22.496
!MESSAGE 自动刷新本机代码 5 时发生了问题。
!SUBENTRY 1 org.eclipse.core.resources 4 1 2024-10-26 20:57:22.496
!MESSAGE 自动刷新本机代码 5 时发生了问题。

!ENTRY org.eclipse.core.resources 4 1 2024-10-26 20:57:23.508
!MESSAGE 刷新资源时发生了问题
!SUBENTRY 1 org.eclipse.core.resources 4 1 2024-10-26 20:57:23.508
!MESSAGE 自动刷新本机代码 5 时发生了问题。
!SUBENTRY 1 org.eclipse.core.resources 4 1 2024-10-26 20:57:23.508
!MESSAGE 自动刷新本机代码 5 时发生了问题。

!ENTRY org.eclipse.core.resources 4 1 2024-10-26 20:57:24.517
!MESSAGE 刷新资源时发生了问题
!SUBENTRY 1 org.eclipse.core.resources 4 1 2024-10-26 20:57:24.517
!MESSAGE 自动刷新本机代码 5 时发生了问题。
!SUBENTRY 1 org.eclipse.core.resources 4 1 2024-10-26 20:57:24.517
!MESSAGE 自动刷新本机代码 5 时发生了问题。

!ENTRY org.eclipse.core.resources 4 1 2024-10-26 20:57:25.519
!MESSAGE 刷新资源时发生了问题
!SUBENTRY 1 org.eclipse.core.resources 4 1 2024-10-26 20:57:25.519
!MESSAGE 自动刷新本机代码 5 时发生了问题。
!SUBENTRY 1 org.eclipse.core.resources 4 1 2024-10-26 20:57:25.519
!MESSAGE 自动刷新本机代码 5 时发生了问题。

!ENTRY org.eclipse.core.resources 4 1 2024-10-26 20:57:26.534
!MESSAGE 刷新资源时发生了问题
!SUBENTRY 1 org.eclipse.core.resources 4 1 2024-10-26 20:57:26.534
!MESSAGE 自动刷新本机代码 5 时发生了问题。
!SUBENTRY 1 org.eclipse.core.resources 4 1 2024-10-26 20:57:26.534
!MESSAGE 自动刷新本机代码 5 时发生了问题。

!ENTRY org.eclipse.core.resources 4 1 2024-10-26 20:57:27.539
!MESSAGE 刷新资源时发生了问题
!SUBENTRY 1 org.eclipse.core.resources 4 1 2024-10-26 20:57:27.539
!MESSAGE 自动刷新本机代码 5 时发生了问题。
!SUBENTRY 1 org.eclipse.core.resources 4 1 2024-10-26 20:57:27.539
!MESSAGE 自动刷新本机代码 5 时发生了问题。

!ENTRY org.eclipse.core.resources 4 1 2024-10-26 20:57:28.551
!MESSAGE 刷新资源时发生了问题
!SUBENTRY 1 org.eclipse.core.resources 4 1 2024-10-26 20:57:28.551
!MESSAGE 自动刷新本机代码 5 时发生了问题。
!SUBENTRY 1 org.eclipse.core.resources 4 1 2024-10-26 20:57:28.551
!MESSAGE 自动刷新本机代码 5 时发生了问题。

!ENTRY org.eclipse.core.resources 4 1 2024-10-26 20:57:29.552
!MESSAGE 刷新资源时发生了问题
!SUBENTRY 1 org.eclipse.core.resources 4 1 2024-10-26 20:57:29.552
!MESSAGE 自动刷新本机代码 5 时发生了问题。
!SUBENTRY 1 org.eclipse.core.resources 4 1 2024-10-26 20:57:29.552
!MESSAGE 自动刷新本机代码 5 时发生了问题。

!ENTRY org.eclipse.core.resources 4 1 2024-10-26 20:57:30.554
!MESSAGE 刷新资源时发生了问题
!SUBENTRY 1 org.eclipse.core.resources 4 1 2024-10-26 20:57:30.554
!MESSAGE 自动刷新本机代码 5 时发生了问题。
!SUBENTRY 1 org.eclipse.core.resources 4 1 2024-10-26 20:57:30.554
!MESSAGE 自动刷新本机代码 5 时发生了问题。

!ENTRY org.eclipse.core.resources 4 1 2024-10-26 20:57:31.569
!MESSAGE 刷新资源时发生了问题
!SUBENTRY 1 org.eclipse.core.resources 4 1 2024-10-26 20:57:31.569
!MESSAGE 自动刷新本机代码 5 时发生了问题。
!SUBENTRY 1 org.eclipse.core.resources 4 1 2024-10-26 20:57:31.569
!MESSAGE 自动刷新本机代码 5 时发生了问题。

!ENTRY org.eclipse.core.resources 4 1 2024-10-26 20:57:32.574
!MESSAGE 刷新资源时发生了问题
!SUBENTRY 1 org.eclipse.core.resources 4 1 2024-10-26 20:57:32.574
!MESSAGE 自动刷新本机代码 5 时发生了问题。
!SUBENTRY 1 org.eclipse.core.resources 4 1 2024-10-26 20:57:32.574
!MESSAGE 自动刷新本机代码 5 时发生了问题。

!ENTRY org.eclipse.core.resources 4 1 2024-10-26 20:57:33.589
!MESSAGE 刷新资源时发生了问题
!SUBENTRY 1 org.eclipse.core.resources 4 1 2024-10-26 20:57:33.589
!MESSAGE 自动刷新本机代码 5 时发生了问题。
!SUBENTRY 1 org.eclipse.core.resources 4 1 2024-10-26 20:57:33.589
!MESSAGE 自动刷新本机代码 5 时发生了问题。

!ENTRY org.eclipse.core.resources 4 1 2024-10-26 20:57:34.594
!MESSAGE 刷新资源时发生了问题
!SUBENTRY 1 org.eclipse.core.resources 4 1 2024-10-26 20:57:34.594
!MESSAGE 自动刷新本机代码 5 时发生了问题。
!SUBENTRY 1 org.eclipse.core.resources 4 1 2024-10-26 20:57:34.594
!MESSAGE 自动刷新本机代码 5 时发生了问题。

!ENTRY org.eclipse.core.resources 4 1 2024-10-26 20:57:35.597
!MESSAGE 刷新资源时发生了问题
!SUBENTRY 1 org.eclipse.core.resources 4 1 2024-10-26 20:57:35.597
!MESSAGE 自动刷新本机代码 5 时发生了问题。
!SUBENTRY 1 org.eclipse.core.resources 4 1 2024-10-26 20:57:35.597
!MESSAGE 自动刷新本机代码 5 时发生了问题。

!ENTRY org.eclipse.core.resources 4 1 2024-10-26 20:57:36.601
!MESSAGE 刷新资源时发生了问题
!SUBENTRY 1 org.eclipse.core.resources 4 1 2024-10-26 20:57:36.601
!MESSAGE 自动刷新本机代码 5 时发生了问题。
!SUBENTRY 1 org.eclipse.core.resources 4 1 2024-10-26 20:57:36.601
!MESSAGE 自动刷新本机代码 5 时发生了问题。

!ENTRY org.eclipse.core.resources 4 1 2024-10-26 20:57:37.613
!MESSAGE 刷新资源时发生了问题
!SUBENTRY 1 org.eclipse.core.resources 4 1 2024-10-26 20:57:37.613
!MESSAGE 自动刷新本机代码 5 时发生了问题。
!SUBENTRY 1 org.eclipse.core.resources 4 1 2024-10-26 20:57:37.613
!MESSAGE 自动刷新本机代码 5 时发生了问题。

!ENTRY org.eclipse.core.resources 4 1 2024-10-26 20:57:38.615
!MESSAGE 刷新资源时发生了问题
!SUBENTRY 1 org.eclipse.core.resources 4 1 2024-10-26 20:57:38.615
!MESSAGE 自动刷新本机代码 5 时发生了问题。
!SUBENTRY 1 org.eclipse.core.resources 4 1 2024-10-26 20:57:38.615
!MESSAGE 自动刷新本机代码 5 时发生了问题。

!ENTRY org.eclipse.core.resources 4 1 2024-10-26 20:57:39.623
!MESSAGE 刷新资源时发生了问题
!SUBENTRY 1 org.eclipse.core.resources 4 1 2024-10-26 20:57:39.623
!MESSAGE 自动刷新本机代码 5 时发生了问题。
!SUBENTRY 1 org.eclipse.core.resources 4 1 2024-10-26 20:57:39.623
!MESSAGE 自动刷新本机代码 5 时发生了问题。

!ENTRY org.eclipse.core.resources 4 1 2024-10-26 20:57:40.634
!MESSAGE 刷新资源时发生了问题
!SUBENTRY 1 org.eclipse.core.resources 4 1 2024-10-26 20:57:40.634
!MESSAGE 自动刷新本机代码 5 时发生了问题。
!SUBENTRY 1 org.eclipse.core.resources 4 1 2024-10-26 20:57:40.634
!MESSAGE 自动刷新本机代码 5 时发生了问题。

!ENTRY org.eclipse.core.resources 4 1 2024-10-26 20:57:41.636
!MESSAGE 刷新资源时发生了问题
!SUBENTRY 1 org.eclipse.core.resources 4 1 2024-10-26 20:57:41.636
!MESSAGE 自动刷新本机代码 5 时发生了问题。
!SUBENTRY 1 org.eclipse.core.resources 4 1 2024-10-26 20:57:41.636
!MESSAGE 自动刷新本机代码 5 时发生了问题。

!ENTRY org.eclipse.core.resources 4 1 2024-10-26 20:57:42.640
!MESSAGE 刷新资源时发生了问题
!SUBENTRY 1 org.eclipse.core.resources 4 1 2024-10-26 20:57:42.640
!MESSAGE 自动刷新本机代码 5 时发生了问题。
!SUBENTRY 1 org.eclipse.core.resources 4 1 2024-10-26 20:57:42.640
!MESSAGE 自动刷新本机代码 5 时发生了问题。

!ENTRY org.eclipse.core.resources 4 1 2024-10-26 20:57:43.647
!MESSAGE 刷新资源时发生了问题
!SUBENTRY 1 org.eclipse.core.resources 4 1 2024-10-26 20:57:43.647
!MESSAGE 自动刷新本机代码 5 时发生了问题。
!SUBENTRY 1 org.eclipse.core.resources 4 1 2024-10-26 20:57:43.647
!MESSAGE 自动刷新本机代码 5 时发生了问题。

!ENTRY org.eclipse.core.resources 4 1 2024-10-26 20:57:44.661
!MESSAGE 刷新资源时发生了问题
!SUBENTRY 1 org.eclipse.core.resources 4 1 2024-10-26 20:57:44.661
!MESSAGE 自动刷新本机代码 5 时发生了问题。
!SUBENTRY 1 org.eclipse.core.resources 4 1 2024-10-26 20:57:44.661
!MESSAGE 自动刷新本机代码 5 时发生了问题。

!ENTRY org.eclipse.core.resources 4 1 2024-10-26 20:57:45.662
!MESSAGE 刷新资源时发生了问题
!SUBENTRY 1 org.eclipse.core.resources 4 1 2024-10-26 20:57:45.662
!MESSAGE 自动刷新本机代码 5 时发生了问题。
!SUBENTRY 1 org.eclipse.core.resources 4 1 2024-10-26 20:57:45.662
!MESSAGE 自动刷新本机代码 5 时发生了问题。

!ENTRY org.eclipse.core.resources 4 1 2024-10-26 20:57:46.674
!MESSAGE 刷新资源时发生了问题
!SUBENTRY 1 org.eclipse.core.resources 4 1 2024-10-26 20:57:46.674
!MESSAGE 自动刷新本机代码 5 时发生了问题。
!SUBENTRY 1 org.eclipse.core.resources 4 1 2024-10-26 20:57:46.674
!MESSAGE 自动刷新本机代码 5 时发生了问题。

!ENTRY org.eclipse.core.resources 4 1 2024-10-26 20:57:47.735
!MESSAGE 刷新资源时发生了问题
!SUBENTRY 1 org.eclipse.core.resources 4 1 2024-10-26 20:57:47.735
!MESSAGE 自动刷新本机代码 5 时发生了问题。
!SUBENTRY 1 org.eclipse.core.resources 4 1 2024-10-26 20:57:47.735
!MESSAGE 自动刷新本机代码 5 时发生了问题。

!ENTRY org.eclipse.core.resources 4 1 2024-10-26 20:57:48.797
!MESSAGE 刷新资源时发生了问题
!SUBENTRY 1 org.eclipse.core.resources 4 1 2024-10-26 20:57:48.797
!MESSAGE 自动刷新本机代码 5 时发生了问题。
!SUBENTRY 1 org.eclipse.core.resources 4 1 2024-10-26 20:57:48.797
!MESSAGE 自动刷新本机代码 5 时发生了问题。

!ENTRY org.eclipse.core.resources 4 1 2024-10-26 20:57:49.803
!MESSAGE 刷新资源时发生了问题
!SUBENTRY 1 org.eclipse.core.resources 4 1 2024-10-26 20:57:49.803
!MESSAGE 自动刷新本机代码 5 时发生了问题。
!SUBENTRY 1 org.eclipse.core.resources 4 1 2024-10-26 20:57:49.803
!MESSAGE 自动刷新本机代码 5 时发生了问题。

!ENTRY org.eclipse.core.resources 4 1 2024-10-26 20:57:50.807
!MESSAGE 刷新资源时发生了问题
!SUBENTRY 1 org.eclipse.core.resources 4 1 2024-10-26 20:57:50.807
!MESSAGE 自动刷新本机代码 5 时发生了问题。
!SUBENTRY 1 org.eclipse.core.resources 4 1 2024-10-26 20:57:50.807
!MESSAGE 自动刷新本机代码 5 时发生了问题。

!ENTRY org.eclipse.core.resources 4 1 2024-10-26 20:57:51.814
!MESSAGE 刷新资源时发生了问题
!SUBENTRY 1 org.eclipse.core.resources 4 1 2024-10-26 20:57:51.814
!MESSAGE 自动刷新本机代码 5 时发生了问题。
!SUBENTRY 1 org.eclipse.core.resources 4 1 2024-10-26 20:57:51.814
!MESSAGE 自动刷新本机代码 5 时发生了问题。

!ENTRY org.eclipse.core.resources 4 1 2024-10-26 20:57:52.819
!MESSAGE 刷新资源时发生了问题
!SUBENTRY 1 org.eclipse.core.resources 4 1 2024-10-26 20:57:52.819
!MESSAGE 自动刷新本机代码 5 时发生了问题。
!SUBENTRY 1 org.eclipse.core.resources 4 1 2024-10-26 20:57:52.819
!MESSAGE 自动刷新本机代码 5 时发生了问题。

!ENTRY org.eclipse.core.resources 4 1 2024-10-26 20:57:53.834
!MESSAGE 刷新资源时发生了问题
!SUBENTRY 1 org.eclipse.core.resources 4 1 2024-10-26 20:57:53.834
!MESSAGE 自动刷新本机代码 5 时发生了问题。
!SUBENTRY 1 org.eclipse.core.resources 4 1 2024-10-26 20:57:53.834
!MESSAGE 自动刷新本机代码 5 时发生了问题。

!ENTRY org.eclipse.core.resources 4 1 2024-10-26 20:57:54.837
!MESSAGE 刷新资源时发生了问题
!SUBENTRY 1 org.eclipse.core.resources 4 1 2024-10-26 20:57:54.837
!MESSAGE 自动刷新本机代码 5 时发生了问题。
!SUBENTRY 1 org.eclipse.core.resources 4 1 2024-10-26 20:57:54.837
!MESSAGE 自动刷新本机代码 5 时发生了问题。

!ENTRY org.eclipse.core.resources 4 1 2024-10-26 20:57:55.839
!MESSAGE 刷新资源时发生了问题
!SUBENTRY 1 org.eclipse.core.resources 4 1 2024-10-26 20:57:55.839
!MESSAGE 自动刷新本机代码 5 时发生了问题。
!SUBENTRY 1 org.eclipse.core.resources 4 1 2024-10-26 20:57:55.839
!MESSAGE 自动刷新本机代码 5 时发生了问题。

!ENTRY org.eclipse.core.resources 4 1 2024-10-26 20:57:56.844
!MESSAGE 刷新资源时发生了问题
!SUBENTRY 1 org.eclipse.core.resources 4 1 2024-10-26 20:57:56.844
!MESSAGE 自动刷新本机代码 5 时发生了问题。
!SUBENTRY 1 org.eclipse.core.resources 4 1 2024-10-26 20:57:56.844
!MESSAGE 自动刷新本机代码 5 时发生了问题。

!ENTRY org.eclipse.core.resources 4 1 2024-10-26 20:57:57.846
!MESSAGE 刷新资源时发生了问题
!SUBENTRY 1 org.eclipse.core.resources 4 1 2024-10-26 20:57:57.846
!MESSAGE 自动刷新本机代码 5 时发生了问题。
!SUBENTRY 1 org.eclipse.core.resources 4 1 2024-10-26 20:57:57.846
!MESSAGE 自动刷新本机代码 5 时发生了问题。

!ENTRY org.eclipse.core.resources 4 1 2024-10-26 20:57:58.906
!MESSAGE 刷新资源时发生了问题
!SUBENTRY 1 org.eclipse.core.resources 4 1 2024-10-26 20:57:58.906
!MESSAGE 自动刷新本机代码 5 时发生了问题。
!SUBENTRY 1 org.eclipse.core.resources 4 1 2024-10-26 20:57:58.906
!MESSAGE 自动刷新本机代码 5 时发生了问题。

!ENTRY org.eclipse.core.resources 4 1 2024-10-26 20:57:59.920
!MESSAGE 刷新资源时发生了问题
!SUBENTRY 1 org.eclipse.core.resources 4 1 2024-10-26 20:57:59.920
!MESSAGE 自动刷新本机代码 5 时发生了问题。
!SUBENTRY 1 org.eclipse.core.resources 4 1 2024-10-26 20:57:59.920
!MESSAGE 自动刷新本机代码 5 时发生了问题。

!ENTRY org.eclipse.core.resources 4 1 2024-10-26 20:58:00.934
!MESSAGE 刷新资源时发生了问题
!SUBENTRY 1 org.eclipse.core.resources 4 1 2024-10-26 20:58:00.934
!MESSAGE 自动刷新本机代码 5 时发生了问题。
!SUBENTRY 1 org.eclipse.core.resources 4 1 2024-10-26 20:58:00.934
!MESSAGE 自动刷新本机代码 5 时发生了问题。

!ENTRY org.eclipse.core.resources 4 1 2024-10-26 20:58:01.936
!MESSAGE 刷新资源时发生了问题
!SUBENTRY 1 org.eclipse.core.resources 4 1 2024-10-26 20:58:01.936
!MESSAGE 自动刷新本机代码 5 时发生了问题。
!SUBENTRY 1 org.eclipse.core.resources 4 1 2024-10-26 20:58:01.936
!MESSAGE 自动刷新本机代码 5 时发生了问题。

!ENTRY org.eclipse.core.resources 4 1 2024-10-26 20:58:02.950
!MESSAGE 刷新资源时发生了问题
!SUBENTRY 1 org.eclipse.core.resources 4 1 2024-10-26 20:58:02.951
!MESSAGE 自动刷新本机代码 5 时发生了问题。
!SUBENTRY 1 org.eclipse.core.resources 4 1 2024-10-26 20:58:02.951
!MESSAGE 自动刷新本机代码 5 时发生了问题。

!ENTRY org.eclipse.core.resources 4 1 2024-10-26 20:58:03.956
!MESSAGE 刷新资源时发生了问题
!SUBENTRY 1 org.eclipse.core.resources 4 1 2024-10-26 20:58:03.956
!MESSAGE 自动刷新本机代码 5 时发生了问题。
!SUBENTRY 1 org.eclipse.core.resources 4 1 2024-10-26 20:58:03.956
!MESSAGE 自动刷新本机代码 5 时发生了问题。

!ENTRY org.eclipse.core.resources 4 1 2024-10-26 20:58:04.958
!MESSAGE 刷新资源时发生了问题
!SUBENTRY 1 org.eclipse.core.resources 4 1 2024-10-26 20:58:04.958
!MESSAGE 自动刷新本机代码 5 时发生了问题。
!SUBENTRY 1 org.eclipse.core.resources 4 1 2024-10-26 20:58:04.958
!MESSAGE 自动刷新本机代码 5 时发生了问题。

!ENTRY org.eclipse.core.resources 4 1 2024-10-26 20:58:05.961
!MESSAGE 刷新资源时发生了问题
!SUBENTRY 1 org.eclipse.core.resources 4 1 2024-10-26 20:58:05.961
!MESSAGE 自动刷新本机代码 5 时发生了问题。
!SUBENTRY 1 org.eclipse.core.resources 4 1 2024-10-26 20:58:05.961
!MESSAGE 自动刷新本机代码 5 时发生了问题。

!ENTRY org.eclipse.core.resources 4 1 2024-10-26 20:58:06.964
!MESSAGE 刷新资源时发生了问题
!SUBENTRY 1 org.eclipse.core.resources 4 1 2024-10-26 20:58:06.964
!MESSAGE 自动刷新本机代码 5 时发生了问题。
!SUBENTRY 1 org.eclipse.core.resources 4 1 2024-10-26 20:58:06.964
!MESSAGE 自动刷新本机代码 5 时发生了问题。

!ENTRY org.eclipse.core.resources 4 1 2024-10-26 20:58:07.978
!MESSAGE 刷新资源时发生了问题
!SUBENTRY 1 org.eclipse.core.resources 4 1 2024-10-26 20:58:07.978
!MESSAGE 自动刷新本机代码 5 时发生了问题。
!SUBENTRY 1 org.eclipse.core.resources 4 1 2024-10-26 20:58:07.978
!MESSAGE 自动刷新本机代码 5 时发生了问题。

!ENTRY org.eclipse.core.resources 4 1 2024-10-26 20:58:08.980
!MESSAGE 刷新资源时发生了问题
!SUBENTRY 1 org.eclipse.core.resources 4 1 2024-10-26 20:58:08.980
!MESSAGE 自动刷新本机代码 5 时发生了问题。
!SUBENTRY 1 org.eclipse.core.resources 4 1 2024-10-26 20:58:08.980
!MESSAGE 自动刷新本机代码 5 时发生了问题。

!ENTRY org.eclipse.core.resources 4 1 2024-10-26 20:58:10.033
!MESSAGE 刷新资源时发生了问题
!SUBENTRY 1 org.eclipse.core.resources 4 1 2024-10-26 20:58:10.033
!MESSAGE 自动刷新本机代码 5 时发生了问题。

!ENTRY org.eclipse.core.resources 4 1 2024-10-26 20:58:11.269
!MESSAGE 刷新资源时发生了问题
!SUBENTRY 1 org.eclipse.core.resources 4 1 2024-10-26 20:58:11.269
!MESSAGE 自动刷新本机代码 5 时发生了问题。

!ENTRY org.eclipse.core.resources 4 1 2024-10-26 20:58:12.284
!MESSAGE 刷新资源时发生了问题
!SUBENTRY 1 org.eclipse.core.resources 4 1 2024-10-26 20:58:12.284
!MESSAGE 自动刷新本机代码 5 时发生了问题。

!ENTRY org.eclipse.core.resources 4 1 2024-10-26 20:58:13.312
!MESSAGE 刷新资源时发生了问题
!SUBENTRY 1 org.eclipse.core.resources 4 1 2024-10-26 20:58:13.312
!MESSAGE 自动刷新本机代码 5 时发生了问题。

!ENTRY org.eclipse.core.resources 4 1 2024-10-26 20:58:14.329
!MESSAGE 刷新资源时发生了问题
!SUBENTRY 1 org.eclipse.core.resources 4 1 2024-10-26 20:58:14.329
!MESSAGE 自动刷新本机代码 5 时发生了问题。

!ENTRY org.eclipse.core.resources 4 1 2024-10-26 20:58:15.361
!MESSAGE 刷新资源时发生了问题
!SUBENTRY 1 org.eclipse.core.resources 4 1 2024-10-26 20:58:15.361
!MESSAGE 自动刷新本机代码 5 时发生了问题。

!ENTRY org.eclipse.core.resources 4 1 2024-10-26 20:58:16.392
!MESSAGE 刷新资源时发生了问题
!SUBENTRY 1 org.eclipse.core.resources 4 1 2024-10-26 20:58:16.392
!MESSAGE 自动刷新本机代码 5 时发生了问题。

!ENTRY org.eclipse.core.resources 4 1 2024-10-26 20:58:17.393
!MESSAGE 刷新资源时发生了问题
!SUBENTRY 1 org.eclipse.core.resources 4 1 2024-10-26 20:58:17.393
!MESSAGE 自动刷新本机代码 5 时发生了问题。

!ENTRY org.eclipse.core.resources 4 1 2024-10-26 20:58:18.430
!MESSAGE 刷新资源时发生了问题
!SUBENTRY 1 org.eclipse.core.resources 4 1 2024-10-26 20:58:18.430
!MESSAGE 自动刷新本机代码 5 时发生了问题。

!ENTRY org.eclipse.core.resources 4 1 2024-10-26 20:58:19.460
!MESSAGE 刷新资源时发生了问题
!SUBENTRY 1 org.eclipse.core.resources 4 1 2024-10-26 20:58:19.460
!MESSAGE 自动刷新本机代码 5 时发生了问题。

!ENTRY org.eclipse.core.resources 4 1 2024-10-26 20:58:20.497
!MESSAGE 刷新资源时发生了问题
!SUBENTRY 1 org.eclipse.core.resources 4 1 2024-10-26 20:58:20.497
!MESSAGE 自动刷新本机代码 5 时发生了问题。

!ENTRY org.eclipse.core.resources 4 1 2024-10-26 20:58:21.545
!MESSAGE 刷新资源时发生了问题
!SUBENTRY 1 org.eclipse.core.resources 4 1 2024-10-26 20:58:21.545
!MESSAGE 自动刷新本机代码 5 时发生了问题。

!ENTRY org.eclipse.core.resources 4 1 2024-10-26 20:58:22.616
!MESSAGE 刷新资源时发生了问题
!SUBENTRY 1 org.eclipse.core.resources 4 1 2024-10-26 20:58:22.616
!MESSAGE 自动刷新本机代码 5 时发生了问题。

!ENTRY org.eclipse.core.resources 4 1 2024-10-26 20:58:23.633
!MESSAGE 刷新资源时发生了问题
!SUBENTRY 1 org.eclipse.core.resources 4 1 2024-10-26 20:58:23.633
!MESSAGE 自动刷新本机代码 5 时发生了问题。

!ENTRY org.eclipse.core.resources 4 1 2024-10-26 20:58:24.635
!MESSAGE 刷新资源时发生了问题
!SUBENTRY 1 org.eclipse.core.resources 4 1 2024-10-26 20:58:24.635
!MESSAGE 自动刷新本机代码 5 时发生了问题。

!ENTRY org.eclipse.core.resources 4 1 2024-10-26 20:58:25.648
!MESSAGE 刷新资源时发生了问题
!SUBENTRY 1 org.eclipse.core.resources 4 1 2024-10-26 20:58:25.648
!MESSAGE 自动刷新本机代码 5 时发生了问题。

!ENTRY org.eclipse.core.resources 4 1 2024-10-26 20:58:26.662
!MESSAGE 刷新资源时发生了问题
!SUBENTRY 1 org.eclipse.core.resources 4 1 2024-10-26 20:58:26.662
!MESSAGE 自动刷新本机代码 5 时发生了问题。

!ENTRY org.eclipse.core.resources 4 1 2024-10-26 20:58:27.663
!MESSAGE 刷新资源时发生了问题
!SUBENTRY 1 org.eclipse.core.resources 4 1 2024-10-26 20:58:27.663
!MESSAGE 自动刷新本机代码 5 时发生了问题。

!ENTRY org.eclipse.core.resources 4 1 2024-10-26 20:58:28.668
!MESSAGE 刷新资源时发生了问题
!SUBENTRY 1 org.eclipse.core.resources 4 1 2024-10-26 20:58:28.668
!MESSAGE 自动刷新本机代码 5 时发生了问题。

!ENTRY org.eclipse.core.resources 4 1 2024-10-26 20:58:29.695
!MESSAGE 刷新资源时发生了问题
!SUBENTRY 1 org.eclipse.core.resources 4 1 2024-10-26 20:58:29.695
!MESSAGE 自动刷新本机代码 5 时发生了问题。

!ENTRY org.eclipse.core.resources 4 1 2024-10-26 20:58:30.725
!MESSAGE 刷新资源时发生了问题
!SUBENTRY 1 org.eclipse.core.resources 4 1 2024-10-26 20:58:30.725
!MESSAGE 自动刷新本机代码 5 时发生了问题。

!ENTRY org.eclipse.core.resources 4 1 2024-10-26 20:58:31.776
!MESSAGE 刷新资源时发生了问题
!SUBENTRY 1 org.eclipse.core.resources 4 1 2024-10-26 20:58:31.776
!MESSAGE 自动刷新本机代码 5 时发生了问题。

!ENTRY org.eclipse.core.resources 4 1 2024-10-26 20:58:33.115
!MESSAGE 刷新资源时发生了问题
!SUBENTRY 1 org.eclipse.core.resources 4 1 2024-10-26 20:58:33.115
!MESSAGE 自动刷新本机代码 5 时发生了问题。

!ENTRY org.eclipse.core.resources 4 1 2024-10-26 20:58:34.541
!MESSAGE 刷新资源时发生了问题
!SUBENTRY 1 org.eclipse.core.resources 4 1 2024-10-26 20:58:34.541
!MESSAGE 自动刷新本机代码 5 时发生了问题。

!ENTRY org.eclipse.core.resources 4 1 2024-10-26 20:58:35.873
!MESSAGE 刷新资源时发生了问题
!SUBENTRY 1 org.eclipse.core.resources 4 1 2024-10-26 20:58:35.873
!MESSAGE 自动刷新本机代码 5 时发生了问题。

!ENTRY org.eclipse.core.resources 4 1 2024-10-26 20:58:37.112
!MESSAGE 刷新资源时发生了问题
!SUBENTRY 1 org.eclipse.core.resources 4 1 2024-10-26 20:58:37.113
!MESSAGE 自动刷新本机代码 5 时发生了问题。

!ENTRY org.eclipse.core.resources 4 1 2024-10-26 20:58:38.256
!MESSAGE 刷新资源时发生了问题
!SUBENTRY 1 org.eclipse.core.resources 4 1 2024-10-26 20:58:38.256
!MESSAGE 自动刷新本机代码 5 时发生了问题。

!ENTRY org.eclipse.core.resources 4 1 2024-10-26 20:58:39.890
!MESSAGE 刷新资源时发生了问题
!SUBENTRY 1 org.eclipse.core.resources 4 1 2024-10-26 20:58:39.890
!MESSAGE 自动刷新本机代码 5 时发生了问题。

!ENTRY org.eclipse.core.resources 4 1 2024-10-26 20:58:41.816
!MESSAGE 刷新资源时发生了问题
!SUBENTRY 1 org.eclipse.core.resources 4 1 2024-10-26 20:58:41.816
!MESSAGE 自动刷新本机代码 5 时发生了问题。

!ENTRY org.eclipse.core.resources 4 1 2024-10-26 20:58:43.737
!MESSAGE 刷新资源时发生了问题
!SUBENTRY 1 org.eclipse.core.resources 4 1 2024-10-26 20:58:43.737
!MESSAGE 自动刷新本机代码 5 时发生了问题。

!ENTRY org.eclipse.core.resources 4 1 2024-10-26 20:58:45.450
!MESSAGE 刷新资源时发生了问题
!SUBENTRY 1 org.eclipse.core.resources 4 1 2024-10-26 20:58:45.450
!MESSAGE 自动刷新本机代码 5 时发生了问题。

!ENTRY org.eclipse.core.resources 4 1 2024-10-26 20:58:47.259
!MESSAGE 刷新资源时发生了问题
!SUBENTRY 1 org.eclipse.core.resources 4 1 2024-10-26 20:58:47.259
!MESSAGE 自动刷新本机代码 5 时发生了问题。

!ENTRY org.eclipse.core.resources 4 1 2024-10-26 20:58:49.150
!MESSAGE 刷新资源时发生了问题
!SUBENTRY 1 org.eclipse.core.resources 4 1 2024-10-26 20:58:49.150
!MESSAGE 自动刷新本机代码 5 时发生了问题。

!ENTRY org.eclipse.core.resources 4 1 2024-10-26 20:58:51.000
!MESSAGE 刷新资源时发生了问题
!SUBENTRY 1 org.eclipse.core.resources 4 1 2024-10-26 20:58:51.000
!MESSAGE 自动刷新本机代码 5 时发生了问题。

!ENTRY org.eclipse.core.resources 4 1 2024-10-26 20:58:52.276
!MESSAGE 刷新资源时发生了问题
!SUBENTRY 1 org.eclipse.core.resources 4 1 2024-10-26 20:58:52.276
!MESSAGE 自动刷新本机代码 5 时发生了问题。

!ENTRY org.eclipse.core.resources 4 1 2024-10-26 20:58:53.526
!MESSAGE 刷新资源时发生了问题
!SUBENTRY 1 org.eclipse.core.resources 4 1 2024-10-26 20:58:53.526
!MESSAGE 自动刷新本机代码 5 时发生了问题。

!ENTRY org.eclipse.core.resources 4 1 2024-10-26 20:58:54.832
!MESSAGE 刷新资源时发生了问题
!SUBENTRY 1 org.eclipse.core.resources 4 1 2024-10-26 20:58:54.832
!MESSAGE 自动刷新本机代码 5 时发生了问题。

!ENTRY org.eclipse.core.resources 4 1 2024-10-26 20:58:56.107
!MESSAGE 刷新资源时发生了问题
!SUBENTRY 1 org.eclipse.core.resources 4 1 2024-10-26 20:58:56.107
!MESSAGE 自动刷新本机代码 5 时发生了问题。

!ENTRY org.eclipse.core.resources 4 1 2024-10-26 20:58:57.393
!MESSAGE 刷新资源时发生了问题
!SUBENTRY 1 org.eclipse.core.resources 4 1 2024-10-26 20:58:57.393
!MESSAGE 自动刷新本机代码 5 时发生了问题。

!ENTRY org.eclipse.core.resources 4 1 2024-10-26 20:58:58.639
!MESSAGE 刷新资源时发生了问题
!SUBENTRY 1 org.eclipse.core.resources 4 1 2024-10-26 20:58:58.640
!MESSAGE 自动刷新本机代码 5 时发生了问题。

!ENTRY org.eclipse.core.resources 4 1 2024-10-26 20:58:59.951
!MESSAGE 刷新资源时发生了问题
!SUBENTRY 1 org.eclipse.core.resources 4 1 2024-10-26 20:58:59.951
!MESSAGE 自动刷新本机代码 5 时发生了问题。

!ENTRY org.eclipse.core.resources 4 1 2024-10-26 20:59:01.080
!MESSAGE 刷新资源时发生了问题
!SUBENTRY 1 org.eclipse.core.resources 4 1 2024-10-26 20:59:01.080
!MESSAGE 自动刷新本机代码 5 时发生了问题。

!ENTRY org.eclipse.core.resources 4 1 2024-10-26 20:59:02.366
!MESSAGE 刷新资源时发生了问题
!SUBENTRY 1 org.eclipse.core.resources 4 1 2024-10-26 20:59:02.366
!MESSAGE 自动刷新本机代码 5 时发生了问题。

!ENTRY org.eclipse.core.resources 4 1 2024-10-26 20:59:03.730
!MESSAGE 刷新资源时发生了问题
!SUBENTRY 1 org.eclipse.core.resources 4 1 2024-10-26 20:59:03.730
!MESSAGE 自动刷新本机代码 5 时发生了问题。

!ENTRY org.eclipse.core.resources 4 1 2024-10-26 20:59:05.006
!MESSAGE 刷新资源时发生了问题
!SUBENTRY 1 org.eclipse.core.resources 4 1 2024-10-26 20:59:05.006
!MESSAGE 自动刷新本机代码 5 时发生了问题。

!ENTRY org.eclipse.core.resources 4 1 2024-10-26 20:59:06.297
!MESSAGE 刷新资源时发生了问题
!SUBENTRY 1 org.eclipse.core.resources 4 1 2024-10-26 20:59:06.297
!MESSAGE 自动刷新本机代码 5 时发生了问题。

!ENTRY org.eclipse.core.resources 4 1 2024-10-26 20:59:07.822
!MESSAGE 刷新资源时发生了问题
!SUBENTRY 1 org.eclipse.core.resources 4 1 2024-10-26 20:59:07.823
!MESSAGE 自动刷新本机代码 5 时发生了问题。

!ENTRY org.eclipse.core.resources 4 1 2024-10-26 20:59:09.540
!MESSAGE 刷新资源时发生了问题
!SUBENTRY 1 org.eclipse.core.resources 4 1 2024-10-26 20:59:09.540
!MESSAGE 自动刷新本机代码 5 时发生了问题。

!ENTRY org.eclipse.core.resources 4 1 2024-10-26 20:59:19.559
!MESSAGE 刷新资源时发生了问题
!SUBENTRY 1 org.eclipse.core.resources 4 1 2024-10-26 20:59:19.559
!MESSAGE 自动刷新本机代码 5 时发生了问题。

!ENTRY org.eclipse.core.resources 4 1 2024-10-26 20:59:20.584
!MESSAGE 刷新资源时发生了问题
!SUBENTRY 1 org.eclipse.core.resources 4 1 2024-10-26 20:59:20.584
!MESSAGE 自动刷新本机代码 5 时发生了问题。

!ENTRY org.eclipse.core.resources 4 1 2024-10-26 20:59:21.626
!MESSAGE 刷新资源时发生了问题
!SUBENTRY 1 org.eclipse.core.resources 4 1 2024-10-26 20:59:21.626
!MESSAGE 自动刷新本机代码 5 时发生了问题。

!ENTRY org.eclipse.core.resources 4 1 2024-10-26 20:59:22.869
!MESSAGE 刷新资源时发生了问题
!SUBENTRY 1 org.eclipse.core.resources 4 1 2024-10-26 20:59:22.869
!MESSAGE 自动刷新本机代码 5 时发生了问题。

!ENTRY org.eclipse.core.resources 4 1 2024-10-26 20:59:24.190
!MESSAGE 刷新资源时发生了问题
!SUBENTRY 1 org.eclipse.core.resources 4 1 2024-10-26 20:59:24.190
!MESSAGE 自动刷新本机代码 5 时发生了问题。

!ENTRY org.eclipse.core.resources 4 1 2024-10-26 20:59:26.055
!MESSAGE 刷新资源时发生了问题
!SUBENTRY 1 org.eclipse.core.resources 4 1 2024-10-26 20:59:26.055
!MESSAGE 自动刷新本机代码 5 时发生了问题。

!ENTRY org.eclipse.core.resources 4 1 2024-10-26 20:59:28.006
!MESSAGE 刷新资源时发生了问题
!SUBENTRY 1 org.eclipse.core.resources 4 1 2024-10-26 20:59:28.006
!MESSAGE 自动刷新本机代码 5 时发生了问题。

!ENTRY org.eclipse.core.resources 4 1 2024-10-26 20:59:29.251
!MESSAGE 刷新资源时发生了问题
!SUBENTRY 1 org.eclipse.core.resources 4 1 2024-10-26 20:59:29.251
!MESSAGE 自动刷新本机代码 5 时发生了问题。

!ENTRY org.eclipse.core.resources 4 1 2024-10-26 20:59:30.635
!MESSAGE 刷新资源时发生了问题
!SUBENTRY 1 org.eclipse.core.resources 4 1 2024-10-26 20:59:30.635
!MESSAGE 自动刷新本机代码 5 时发生了问题。

!ENTRY org.eclipse.core.resources 4 1 2024-10-26 20:59:32.636
!MESSAGE 刷新资源时发生了问题
!SUBENTRY 1 org.eclipse.core.resources 4 1 2024-10-26 20:59:32.636
!MESSAGE 自动刷新本机代码 5 时发生了问题。

!ENTRY org.eclipse.core.resources 4 1 2024-10-26 20:59:34.508
!MESSAGE 刷新资源时发生了问题
!SUBENTRY 1 org.eclipse.core.resources 4 1 2024-10-26 20:59:34.508
!MESSAGE 自动刷新本机代码 5 时发生了问题。

!ENTRY org.eclipse.core.resources 4 1 2024-10-26 20:59:36.744
!MESSAGE 刷新资源时发生了问题
!SUBENTRY 1 org.eclipse.core.resources 4 1 2024-10-26 20:59:36.744
!MESSAGE 自动刷新本机代码 5 时发生了问题。

!ENTRY org.eclipse.core.resources 4 1 2024-10-26 20:59:38.464
!MESSAGE 刷新资源时发生了问题
!SUBENTRY 1 org.eclipse.core.resources 4 1 2024-10-26 20:59:38.464
!MESSAGE 自动刷新本机代码 5 时发生了问题。

!ENTRY org.eclipse.core.resources 4 1 2024-10-26 20:59:40.294
!MESSAGE 刷新资源时发生了问题
!SUBENTRY 1 org.eclipse.core.resources 4 1 2024-10-26 20:59:40.294
!MESSAGE 自动刷新本机代码 5 时发生了问题。

!ENTRY org.eclipse.core.resources 4 1 2024-10-26 20:59:42.024
!MESSAGE 刷新资源时发生了问题
!SUBENTRY 1 org.eclipse.core.resources 4 1 2024-10-26 20:59:42.024
!MESSAGE 自动刷新本机代码 5 时发生了问题。

!ENTRY org.eclipse.core.resources 4 1 2024-10-26 20:59:43.396
!MESSAGE 刷新资源时发生了问题
!SUBENTRY 1 org.eclipse.core.resources 4 1 2024-10-26 20:59:43.396
!MESSAGE 自动刷新本机代码 5 时发生了问题。

!ENTRY org.eclipse.core.resources 4 1 2024-10-26 20:59:44.608
!MESSAGE 刷新资源时发生了问题
!SUBENTRY 1 org.eclipse.core.resources 4 1 2024-10-26 20:59:44.608
!MESSAGE 自动刷新本机代码 5 时发生了问题。

!ENTRY org.eclipse.core.resources 4 1 2024-10-26 20:59:45.765
!MESSAGE 刷新资源时发生了问题
!SUBENTRY 1 org.eclipse.core.resources 4 1 2024-10-26 20:59:45.765
!MESSAGE 自动刷新本机代码 5 时发生了问题。

!ENTRY org.eclipse.core.resources 4 1 2024-10-26 20:59:47.052
!MESSAGE 刷新资源时发生了问题
!SUBENTRY 1 org.eclipse.core.resources 4 1 2024-10-26 20:59:47.052
!MESSAGE 自动刷新本机代码 5 时发生了问题。

!ENTRY org.eclipse.core.resources 4 1 2024-10-26 20:59:48.086
!MESSAGE 刷新资源时发生了问题
!SUBENTRY 1 org.eclipse.core.resources 4 1 2024-10-26 20:59:48.086
!MESSAGE 自动刷新本机代码 5 时发生了问题。

!ENTRY org.eclipse.core.resources 4 1 2024-10-26 20:59:49.164
!MESSAGE 刷新资源时发生了问题
!SUBENTRY 1 org.eclipse.core.resources 4 1 2024-10-26 20:59:49.164
!MESSAGE 自动刷新本机代码 5 时发生了问题。

!ENTRY org.eclipse.core.resources 4 1 2024-10-26 20:59:51.153
!MESSAGE 刷新资源时发生了问题
!SUBENTRY 1 org.eclipse.core.resources 4 1 2024-10-26 20:59:51.153
!MESSAGE 自动刷新本机代码 5 时发生了问题。

!ENTRY org.eclipse.core.resources 4 1 2024-10-26 20:59:53.074
!MESSAGE 刷新资源时发生了问题
!SUBENTRY 1 org.eclipse.core.resources 4 1 2024-10-26 20:59:53.074
!MESSAGE 自动刷新本机代码 5 时发生了问题。

!ENTRY org.eclipse.core.resources 4 1 2024-10-26 20:59:54.116
!MESSAGE 刷新资源时发生了问题
!SUBENTRY 1 org.eclipse.core.resources 4 1 2024-10-26 20:59:54.116
!MESSAGE 自动刷新本机代码 5 时发生了问题。

!ENTRY org.eclipse.core.resources 4 1 2024-10-26 20:59:55.169
!MESSAGE 刷新资源时发生了问题
!SUBENTRY 1 org.eclipse.core.resources 4 1 2024-10-26 20:59:55.169
!MESSAGE 自动刷新本机代码 5 时发生了问题。

!ENTRY org.eclipse.core.resources 4 1 2024-10-26 20:59:56.563
!MESSAGE 刷新资源时发生了问题
!SUBENTRY 1 org.eclipse.core.resources 4 1 2024-10-26 20:59:56.563
!MESSAGE 自动刷新本机代码 5 时发生了问题。

!ENTRY org.eclipse.core.resources 4 1 2024-10-26 20:59:58.158
!MESSAGE 刷新资源时发生了问题
!SUBENTRY 1 org.eclipse.core.resources 4 1 2024-10-26 20:59:58.158
!MESSAGE 自动刷新本机代码 5 时发生了问题。

!ENTRY org.eclipse.core.resources 4 1 2024-10-26 21:00:08.517
!MESSAGE 刷新资源时发生了问题
!SUBENTRY 1 org.eclipse.core.resources 4 1 2024-10-26 21:00:08.517
!MESSAGE 自动刷新本机代码 5 时发生了问题。

!ENTRY org.eclipse.core.resources 4 1 2024-10-26 21:00:18.827
!MESSAGE 刷新资源时发生了问题
!SUBENTRY 1 org.eclipse.core.resources 4 1 2024-10-26 21:00:18.827
!MESSAGE 自动刷新本机代码 5 时发生了问题。

!ENTRY org.eclipse.core.resources 4 1 2024-10-26 21:00:29.205
!MESSAGE 刷新资源时发生了问题
!SUBENTRY 1 org.eclipse.core.resources 4 1 2024-10-26 21:00:29.205
!MESSAGE 自动刷新本机代码 5 时发生了问题。

!ENTRY org.eclipse.core.resources 4 1 2024-10-26 21:00:39.907
!MESSAGE 刷新资源时发生了问题
!SUBENTRY 1 org.eclipse.core.resources 4 1 2024-10-26 21:00:39.907
!MESSAGE 自动刷新本机代码 5 时发生了问题。

!ENTRY org.eclipse.core.resources 4 1 2024-10-26 21:00:49.744
!MESSAGE 刷新资源时发生了问题
!SUBENTRY 1 org.eclipse.core.resources 4 1 2024-10-26 21:00:49.744
!MESSAGE 自动刷新本机代码 5 时发生了问题。

!ENTRY org.eclipse.text 4 2 2024-10-26 21:00:58.767
!MESSAGE 从插件调用代码时出现问题:“org.eclipse.text”。
!STACK 0
java.lang.IllegalArgumentException: Index out of bounds
	at org.eclipse.swt.SWT.error(SWT.java:4263)
	at org.eclipse.swt.SWT.error(SWT.java:4197)
	at org.eclipse.swt.SWT.error(SWT.java:4168)
	at org.eclipse.swt.graphics.TextLayout.getStyle(TextLayout.java:2479)
	at org.eclipse.swt.custom.StyledTextRenderer.getTextLayout(StyledTextRenderer.java:944)
	at org.eclipse.swt.custom.StyledTextRenderer.getTextLayout(StyledTextRenderer.java:720)
	at org.eclipse.swt.custom.StyledTextRenderer.calculate(StyledTextRenderer.java:211)
	at org.eclipse.swt.custom.StyledTextRenderer.calculateClientArea(StyledTextRenderer.java:229)
	at org.eclipse.swt.custom.StyledText.resetCache(StyledText.java:7791)
	at org.eclipse.swt.custom.StyledText.handleTextChanged(StyledText.java:6181)
	at org.eclipse.swt.custom.StyledText$6.textChanged(StyledText.java:5615)
	at org.eclipse.jface.text.DefaultDocumentAdapter.fireTextChanged(DefaultDocumentAdapter.java:347)
	at org.eclipse.jface.text.DefaultDocumentAdapter.documentChanged(DefaultDocumentAdapter.java:291)
	at org.eclipse.jface.text.AbstractDocument.doFireDocumentChanged2(AbstractDocument.java:760)
	at org.eclipse.jface.text.AbstractDocument.doFireDocumentChanged(AbstractDocument.java:736)
	at org.eclipse.jface.text.AbstractDocument.doFireDocumentChanged(AbstractDocument.java:721)
	at org.eclipse.jface.text.AbstractDocument.fireDocumentChanged(AbstractDocument.java:796)
	at org.eclipse.jface.text.projection.ProjectionDocument.fireDocumentChanged(ProjectionDocument.java:777)
	at org.eclipse.jface.text.AbstractDocument.replace(AbstractDocument.java:1191)
	at org.eclipse.jface.text.AbstractDocument.replace(AbstractDocument.java:1210)
	at org.eclipse.jface.text.projection.ProjectionDocument.replace(ProjectionDocument.java:629)
	at org.eclipse.jface.text.DefaultDocumentAdapter.replaceTextRange(DefaultDocumentAdapter.java:248)
	at org.eclipse.swt.custom.StyledText.modifyContent(StyledText.java:7180)
	at org.eclipse.swt.custom.StyledText.sendKeyEvent(StyledText.java:7994)
	at org.eclipse.swt.custom.StyledText.doBackspace(StyledText.java:2266)
	at org.eclipse.swt.custom.StyledText.invokeAction(StyledText.java:6988)
	at org.eclipse.swt.custom.StyledText.handleKey(StyledText.java:5915)
	at org.eclipse.swt.custom.StyledText.handleKeyDown(StyledText.java:5941)
	at org.eclipse.swt.custom.StyledText$7.handleEvent(StyledText.java:5635)
	at org.eclipse.swt.widgets.EventTable.sendEvent(EventTable.java:84)
	at org.eclipse.swt.widgets.Widget.sendEvent(Widget.java:1053)
	at org.eclipse.swt.widgets.Widget.sendEvent(Widget.java:1077)
	at org.eclipse.swt.widgets.Widget.sendEvent(Widget.java:1062)
	at org.eclipse.swt.widgets.Widget.sendKeyEvent(Widget.java:1104)
	at org.eclipse.swt.widgets.Widget.sendKeyEvent(Widget.java:1100)
	at org.eclipse.swt.widgets.Widget.wmChar(Widget.java:1509)
	at org.eclipse.swt.widgets.Control.WM_CHAR(Control.java:4640)
	at org.eclipse.swt.widgets.Canvas.WM_CHAR(Canvas.java:345)
	at org.eclipse.swt.widgets.Control.windowProc(Control.java:4528)
	at org.eclipse.swt.widgets.Canvas.windowProc(Canvas.java:341)
	at org.eclipse.swt.widgets.Display.windowProc(Display.java:4972)
	at org.eclipse.swt.internal.win32.OS.DispatchMessageW(Native Method)
	at org.eclipse.swt.internal.win32.OS.DispatchMessage(OS.java:2530)
	at org.eclipse.swt.widgets.Display.readAndDispatch(Display.java:3752)
	at org.eclipse.ui.internal.Workbench.runEventLoop(Workbench.java:2696)
	at org.eclipse.ui.internal.Workbench.runUI(Workbench.java:2660)
	at org.eclipse.ui.internal.Workbench.access$4(Workbench.java:2494)
	at org.eclipse.ui.internal.Workbench$7.run(Workbench.java:674)
	at org.eclipse.core.databinding.observable.Realm.runWithDefault(Realm.java:332)
	at org.eclipse.ui.internal.Workbench.createAndRunWorkbench(Workbench.java:667)
	at org.eclipse.ui.PlatformUI.createAndRunWorkbench(PlatformUI.java:149)
	at com.adobe.flexbuilder.standalone.FlashBuilderApplication.start(FlashBuilderApplication.java:79)
	at org.eclipse.equinox.internal.app.EclipseAppHandle.run(EclipseAppHandle.java:196)
	at org.eclipse.core.runtime.internal.adaptor.EclipseAppLauncher.runApplication(EclipseAppLauncher.java:110)
	at org.eclipse.core.runtime.internal.adaptor.EclipseAppLauncher.start(EclipseAppLauncher.java:79)
	at org.eclipse.core.runtime.adaptor.EclipseStarter.run(EclipseStarter.java:344)
	at org.eclipse.core.runtime.adaptor.EclipseStarter.run(EclipseStarter.java:179)
	at sun.reflect.NativeMethodAccessorImpl.invoke0(Native Method)
	at sun.reflect.NativeMethodAccessorImpl.invoke(Unknown Source)
	at sun.reflect.DelegatingMethodAccessorImpl.invoke(Unknown Source)
	at java.lang.reflect.Method.invoke(Unknown Source)
	at org.eclipse.equinox.launcher.Main.invokeFramework(Main.java:622)
	at org.eclipse.equinox.launcher.Main.basicRun(Main.java:577)
	at org.eclipse.equinox.launcher.Main.run(Main.java:1410)

!ENTRY org.eclipse.ui 4 0 2024-10-26 21:00:58.769
!MESSAGE Unhandled event loop exception
!STACK 0
java.lang.IllegalArgumentException: Index out of bounds
	at org.eclipse.swt.SWT.error(SWT.java:4263)
	at org.eclipse.swt.SWT.error(SWT.java:4197)
	at org.eclipse.swt.SWT.error(SWT.java:4168)
	at org.eclipse.swt.graphics.TextLayout.getStyle(TextLayout.java:2479)
	at org.eclipse.swt.custom.StyledTextRenderer.getTextLayout(StyledTextRenderer.java:944)
	at org.eclipse.swt.custom.StyledTextRenderer.getTextLayout(StyledTextRenderer.java:720)
	at org.eclipse.swt.custom.StyledText.getBoundsAtOffset(StyledText.java:3621)
	at org.eclipse.swt.custom.StyledText.showCaret(StyledText.java:10084)
	at org.eclipse.swt.custom.StyledText.modifyContent(StyledText.java:7186)
	at org.eclipse.swt.custom.StyledText.sendKeyEvent(StyledText.java:7994)
	at org.eclipse.swt.custom.StyledText.doBackspace(StyledText.java:2266)
	at org.eclipse.swt.custom.StyledText.invokeAction(StyledText.java:6988)
	at org.eclipse.swt.custom.StyledText.handleKey(StyledText.java:5915)
	at org.eclipse.swt.custom.StyledText.handleKeyDown(StyledText.java:5941)
	at org.eclipse.swt.custom.StyledText$7.handleEvent(StyledText.java:5635)
	at org.eclipse.swt.widgets.EventTable.sendEvent(EventTable.java:84)
	at org.eclipse.swt.widgets.Widget.sendEvent(Widget.java:1053)
	at org.eclipse.swt.widgets.Widget.sendEvent(Widget.java:1077)
	at org.eclipse.swt.widgets.Widget.sendEvent(Widget.java:1062)
	at org.eclipse.swt.widgets.Widget.sendKeyEvent(Widget.java:1104)
	at org.eclipse.swt.widgets.Widget.sendKeyEvent(Widget.java:1100)
	at org.eclipse.swt.widgets.Widget.wmChar(Widget.java:1509)
	at org.eclipse.swt.widgets.Control.WM_CHAR(Control.java:4640)
	at org.eclipse.swt.widgets.Canvas.WM_CHAR(Canvas.java:345)
	at org.eclipse.swt.widgets.Control.windowProc(Control.java:4528)
	at org.eclipse.swt.widgets.Canvas.windowProc(Canvas.java:341)
	at org.eclipse.swt.widgets.Display.windowProc(Display.java:4972)
	at org.eclipse.swt.internal.win32.OS.DispatchMessageW(Native Method)
	at org.eclipse.swt.internal.win32.OS.DispatchMessage(OS.java:2530)
	at org.eclipse.swt.widgets.Display.readAndDispatch(Display.java:3752)
	at org.eclipse.ui.internal.Workbench.runEventLoop(Workbench.java:2696)
	at org.eclipse.ui.internal.Workbench.runUI(Workbench.java:2660)
	at org.eclipse.ui.internal.Workbench.access$4(Workbench.java:2494)
	at org.eclipse.ui.internal.Workbench$7.run(Workbench.java:674)
	at org.eclipse.core.databinding.observable.Realm.runWithDefault(Realm.java:332)
	at org.eclipse.ui.internal.Workbench.createAndRunWorkbench(Workbench.java:667)
	at org.eclipse.ui.PlatformUI.createAndRunWorkbench(PlatformUI.java:149)
	at com.adobe.flexbuilder.standalone.FlashBuilderApplication.start(FlashBuilderApplication.java:79)
	at org.eclipse.equinox.internal.app.EclipseAppHandle.run(EclipseAppHandle.java:196)
	at org.eclipse.core.runtime.internal.adaptor.EclipseAppLauncher.runApplication(EclipseAppLauncher.java:110)
	at org.eclipse.core.runtime.internal.adaptor.EclipseAppLauncher.start(EclipseAppLauncher.java:79)
	at org.eclipse.core.runtime.adaptor.EclipseStarter.run(EclipseStarter.java:344)
	at org.eclipse.core.runtime.adaptor.EclipseStarter.run(EclipseStarter.java:179)
	at sun.reflect.NativeMethodAccessorImpl.invoke0(Native Method)
	at sun.reflect.NativeMethodAccessorImpl.invoke(Unknown Source)
	at sun.reflect.DelegatingMethodAccessorImpl.invoke(Unknown Source)
	at java.lang.reflect.Method.invoke(Unknown Source)
	at org.eclipse.equinox.launcher.Main.invokeFramework(Main.java:622)
	at org.eclipse.equinox.launcher.Main.basicRun(Main.java:577)
	at org.eclipse.equinox.launcher.Main.run(Main.java:1410)

!ENTRY org.eclipse.ui 4 0 2024-10-26 21:00:58.901
!MESSAGE Unhandled event loop exception
!STACK 0
java.lang.IllegalArgumentException: Index out of bounds
	at org.eclipse.swt.SWT.error(SWT.java:4263)
	at org.eclipse.swt.SWT.error(SWT.java:4197)
	at org.eclipse.swt.SWT.error(SWT.java:4168)
	at org.eclipse.swt.graphics.TextLayout.getStyle(TextLayout.java:2479)
	at org.eclipse.swt.custom.StyledTextRenderer.getTextLayout(StyledTextRenderer.java:944)
	at org.eclipse.swt.custom.StyledTextRenderer.getTextLayout(StyledTextRenderer.java:720)
	at org.eclipse.swt.custom.StyledText.doBackspace(StyledText.java:2260)
	at org.eclipse.swt.custom.StyledText.invokeAction(StyledText.java:6988)
	at org.eclipse.swt.custom.StyledText.handleKey(StyledText.java:5915)
	at org.eclipse.swt.custom.StyledText.handleKeyDown(StyledText.java:5941)
	at org.eclipse.swt.custom.StyledText$7.handleEvent(StyledText.java:5635)
	at org.eclipse.swt.widgets.EventTable.sendEvent(EventTable.java:84)
	at org.eclipse.swt.widgets.Widget.sendEvent(Widget.java:1053)
	at org.eclipse.swt.widgets.Widget.sendEvent(Widget.java:1077)
	at org.eclipse.swt.widgets.Widget.sendEvent(Widget.java:1062)
	at org.eclipse.swt.widgets.Widget.sendKeyEvent(Widget.java:1104)
	at org.eclipse.swt.widgets.Widget.sendKeyEvent(Widget.java:1100)
	at org.eclipse.swt.widgets.Widget.wmChar(Widget.java:1509)
	at org.eclipse.swt.widgets.Control.WM_CHAR(Control.java:4640)
	at org.eclipse.swt.widgets.Canvas.WM_CHAR(Canvas.java:345)
	at org.eclipse.swt.widgets.Control.windowProc(Control.java:4528)
	at org.eclipse.swt.widgets.Canvas.windowProc(Canvas.java:341)
	at org.eclipse.swt.widgets.Display.windowProc(Display.java:4972)
	at org.eclipse.swt.internal.win32.OS.DispatchMessageW(Native Method)
	at org.eclipse.swt.internal.win32.OS.DispatchMessage(OS.java:2530)
	at org.eclipse.swt.widgets.Display.readAndDispatch(Display.java:3752)
	at org.eclipse.ui.internal.Workbench.runEventLoop(Workbench.java:2696)
	at org.eclipse.ui.internal.Workbench.runUI(Workbench.java:2660)
	at org.eclipse.ui.internal.Workbench.access$4(Workbench.java:2494)
	at org.eclipse.ui.internal.Workbench$7.run(Workbench.java:674)
	at org.eclipse.core.databinding.observable.Realm.runWithDefault(Realm.java:332)
	at org.eclipse.ui.internal.Workbench.createAndRunWorkbench(Workbench.java:667)
	at org.eclipse.ui.PlatformUI.createAndRunWorkbench(PlatformUI.java:149)
	at com.adobe.flexbuilder.standalone.FlashBuilderApplication.start(FlashBuilderApplication.java:79)
	at org.eclipse.equinox.internal.app.EclipseAppHandle.run(EclipseAppHandle.java:196)
	at org.eclipse.core.runtime.internal.adaptor.EclipseAppLauncher.runApplication(EclipseAppLauncher.java:110)
	at org.eclipse.core.runtime.internal.adaptor.EclipseAppLauncher.start(EclipseAppLauncher.java:79)
	at org.eclipse.core.runtime.adaptor.EclipseStarter.run(EclipseStarter.java:344)
	at org.eclipse.core.runtime.adaptor.EclipseStarter.run(EclipseStarter.java:179)
	at sun.reflect.NativeMethodAccessorImpl.invoke0(Native Method)
	at sun.reflect.NativeMethodAccessorImpl.invoke(Unknown Source)
	at sun.reflect.DelegatingMethodAccessorImpl.invoke(Unknown Source)
	at java.lang.reflect.Method.invoke(Unknown Source)
	at org.eclipse.equinox.launcher.Main.invokeFramework(Main.java:622)
	at org.eclipse.equinox.launcher.Main.basicRun(Main.java:577)
	at org.eclipse.equinox.launcher.Main.run(Main.java:1410)

!ENTRY org.eclipse.ui 4 0 2024-10-26 21:00:59.032
!MESSAGE Unhandled event loop exception
!STACK 0
java.lang.IllegalArgumentException: Index out of bounds
	at org.eclipse.swt.SWT.error(SWT.java:4263)
	at org.eclipse.swt.SWT.error(SWT.java:4197)
	at org.eclipse.swt.SWT.error(SWT.java:4168)
	at org.eclipse.swt.graphics.TextLayout.getStyle(TextLayout.java:2479)
	at org.eclipse.swt.custom.StyledTextRenderer.getTextLayout(StyledTextRenderer.java:944)
	at org.eclipse.swt.custom.StyledTextRenderer.getTextLayout(StyledTextRenderer.java:720)
	at org.eclipse.swt.custom.StyledText.doBackspace(StyledText.java:2260)
	at org.eclipse.swt.custom.StyledText.invokeAction(StyledText.java:6988)
	at org.eclipse.swt.custom.StyledText.handleKey(StyledText.java:5915)
	at org.eclipse.swt.custom.StyledText.handleKeyDown(StyledText.java:5941)
	at org.eclipse.swt.custom.StyledText$7.handleEvent(StyledText.java:5635)
	at org.eclipse.swt.widgets.EventTable.sendEvent(EventTable.java:84)
	at org.eclipse.swt.widgets.Widget.sendEvent(Widget.java:1053)
	at org.eclipse.swt.widgets.Widget.sendEvent(Widget.java:1077)
	at org.eclipse.swt.widgets.Widget.sendEvent(Widget.java:1062)
	at org.eclipse.swt.widgets.Widget.sendKeyEvent(Widget.java:1104)
	at org.eclipse.swt.widgets.Widget.sendKeyEvent(Widget.java:1100)
	at org.eclipse.swt.widgets.Widget.wmChar(Widget.java:1509)
	at org.eclipse.swt.widgets.Control.WM_CHAR(Control.java:4640)
	at org.eclipse.swt.widgets.Canvas.WM_CHAR(Canvas.java:345)
	at org.eclipse.swt.widgets.Control.windowProc(Control.java:4528)
	at org.eclipse.swt.widgets.Canvas.windowProc(Canvas.java:341)
	at org.eclipse.swt.widgets.Display.windowProc(Display.java:4972)
	at org.eclipse.swt.internal.win32.OS.DispatchMessageW(Native Method)
	at org.eclipse.swt.internal.win32.OS.DispatchMessage(OS.java:2530)
	at org.eclipse.swt.widgets.Display.readAndDispatch(Display.java:3752)
	at org.eclipse.ui.internal.Workbench.runEventLoop(Workbench.java:2696)
	at org.eclipse.ui.internal.Workbench.runUI(Workbench.java:2660)
	at org.eclipse.ui.internal.Workbench.access$4(Workbench.java:2494)
	at org.eclipse.ui.internal.Workbench$7.run(Workbench.java:674)
	at org.eclipse.core.databinding.observable.Realm.runWithDefault(Realm.java:332)
	at org.eclipse.ui.internal.Workbench.createAndRunWorkbench(Workbench.java:667)
	at org.eclipse.ui.PlatformUI.createAndRunWorkbench(PlatformUI.java:149)
	at com.adobe.flexbuilder.standalone.FlashBuilderApplication.start(FlashBuilderApplication.java:79)
	at org.eclipse.equinox.internal.app.EclipseAppHandle.run(EclipseAppHandle.java:196)
	at org.eclipse.core.runtime.internal.adaptor.EclipseAppLauncher.runApplication(EclipseAppLauncher.java:110)
	at org.eclipse.core.runtime.internal.adaptor.EclipseAppLauncher.start(EclipseAppLauncher.java:79)
	at org.eclipse.core.runtime.adaptor.EclipseStarter.run(EclipseStarter.java:344)
	at org.eclipse.core.runtime.adaptor.EclipseStarter.run(EclipseStarter.java:179)
	at sun.reflect.NativeMethodAccessorImpl.invoke0(Native Method)
	at sun.reflect.NativeMethodAccessorImpl.invoke(Unknown Source)
	at sun.reflect.DelegatingMethodAccessorImpl.invoke(Unknown Source)
	at java.lang.reflect.Method.invoke(Unknown Source)
	at org.eclipse.equinox.launcher.Main.invokeFramework(Main.java:622)
	at org.eclipse.equinox.launcher.Main.basicRun(Main.java:577)
	at org.eclipse.equinox.launcher.Main.run(Main.java:1410)

!ENTRY org.eclipse.ui 4 0 2024-10-26 21:00:59.168
!MESSAGE Unhandled event loop exception
!STACK 0
java.lang.IllegalArgumentException: Index out of bounds
	at org.eclipse.swt.SWT.error(SWT.java:4263)
	at org.eclipse.swt.SWT.error(SWT.java:4197)
	at org.eclipse.swt.SWT.error(SWT.java:4168)
	at org.eclipse.swt.graphics.TextLayout.getStyle(TextLayout.java:2479)
	at org.eclipse.swt.custom.StyledTextRenderer.getTextLayout(StyledTextRenderer.java:944)
	at org.eclipse.swt.custom.StyledTextRenderer.getTextLayout(StyledTextRenderer.java:720)
	at org.eclipse.swt.custom.StyledText.doBackspace(StyledText.java:2260)
	at org.eclipse.swt.custom.StyledText.invokeAction(StyledText.java:6988)
	at org.eclipse.swt.custom.StyledText.handleKey(StyledText.java:5915)
	at org.eclipse.swt.custom.StyledText.handleKeyDown(StyledText.java:5941)
	at org.eclipse.swt.custom.StyledText$7.handleEvent(StyledText.java:5635)
	at org.eclipse.swt.widgets.EventTable.sendEvent(EventTable.java:84)
	at org.eclipse.swt.widgets.Widget.sendEvent(Widget.java:1053)
	at org.eclipse.swt.widgets.Widget.sendEvent(Widget.java:1077)
	at org.eclipse.swt.widgets.Widget.sendEvent(Widget.java:1062)
	at org.eclipse.swt.widgets.Widget.sendKeyEvent(Widget.java:1104)
	at org.eclipse.swt.widgets.Widget.sendKeyEvent(Widget.java:1100)
	at org.eclipse.swt.widgets.Widget.wmChar(Widget.java:1509)
	at org.eclipse.swt.widgets.Control.WM_CHAR(Control.java:4640)
	at org.eclipse.swt.widgets.Canvas.WM_CHAR(Canvas.java:345)
	at org.eclipse.swt.widgets.Control.windowProc(Control.java:4528)
	at org.eclipse.swt.widgets.Canvas.windowProc(Canvas.java:341)
	at org.eclipse.swt.widgets.Display.windowProc(Display.java:4972)
	at org.eclipse.swt.internal.win32.OS.DispatchMessageW(Native Method)
	at org.eclipse.swt.internal.win32.OS.DispatchMessage(OS.java:2530)
	at org.eclipse.swt.widgets.Display.readAndDispatch(Display.java:3752)
	at org.eclipse.ui.internal.Workbench.runEventLoop(Workbench.java:2696)
	at org.eclipse.ui.internal.Workbench.runUI(Workbench.java:2660)
	at org.eclipse.ui.internal.Workbench.access$4(Workbench.java:2494)
	at org.eclipse.ui.internal.Workbench$7.run(Workbench.java:674)
	at org.eclipse.core.databinding.observable.Realm.runWithDefault(Realm.java:332)
	at org.eclipse.ui.internal.Workbench.createAndRunWorkbench(Workbench.java:667)
	at org.eclipse.ui.PlatformUI.createAndRunWorkbench(PlatformUI.java:149)
	at com.adobe.flexbuilder.standalone.FlashBuilderApplication.start(FlashBuilderApplication.java:79)
	at org.eclipse.equinox.internal.app.EclipseAppHandle.run(EclipseAppHandle.java:196)
	at org.eclipse.core.runtime.internal.adaptor.EclipseAppLauncher.runApplication(EclipseAppLauncher.java:110)
	at org.eclipse.core.runtime.internal.adaptor.EclipseAppLauncher.start(EclipseAppLauncher.java:79)
	at org.eclipse.core.runtime.adaptor.EclipseStarter.run(EclipseStarter.java:344)
	at org.eclipse.core.runtime.adaptor.EclipseStarter.run(EclipseStarter.java:179)
	at sun.reflect.NativeMethodAccessorImpl.invoke0(Native Method)
	at sun.reflect.NativeMethodAccessorImpl.invoke(Unknown Source)
	at sun.reflect.DelegatingMethodAccessorImpl.invoke(Unknown Source)
	at java.lang.reflect.Method.invoke(Unknown Source)
	at org.eclipse.equinox.launcher.Main.invokeFramework(Main.java:622)
	at org.eclipse.equinox.launcher.Main.basicRun(Main.java:577)
	at org.eclipse.equinox.launcher.Main.run(Main.java:1410)

!ENTRY org.eclipse.core.resources 4 1 2024-10-26 21:00:59.493
!MESSAGE 刷新资源时发生了问题
!SUBENTRY 1 org.eclipse.core.resources 4 1 2024-10-26 21:00:59.493
!MESSAGE 自动刷新本机代码 5 时发生了问题。

!ENTRY org.eclipse.ui 4 0 2024-10-26 21:01:00.100
!MESSAGE Unhandled event loop exception
!STACK 0
org.eclipse.swt.SWTException: Failed to execute runnable (java.lang.IllegalArgumentException: Index out of bounds)
	at org.eclipse.swt.SWT.error(SWT.java:4282)
	at org.eclipse.swt.SWT.error(SWT.java:4197)
	at org.eclipse.swt.widgets.Synchronizer.runAsyncMessages(Synchronizer.java:138)
	at org.eclipse.swt.widgets.Display.runAsyncMessages(Display.java:4140)
	at org.eclipse.swt.widgets.Display.readAndDispatch(Display.java:3757)
	at org.eclipse.ui.internal.Workbench.runEventLoop(Workbench.java:2696)
	at org.eclipse.ui.internal.Workbench.runUI(Workbench.java:2660)
	at org.eclipse.ui.internal.Workbench.access$4(Workbench.java:2494)
	at org.eclipse.ui.internal.Workbench$7.run(Workbench.java:674)
	at org.eclipse.core.databinding.observable.Realm.runWithDefault(Realm.java:332)
	at org.eclipse.ui.internal.Workbench.createAndRunWorkbench(Workbench.java:667)
	at org.eclipse.ui.PlatformUI.createAndRunWorkbench(PlatformUI.java:149)
	at com.adobe.flexbuilder.standalone.FlashBuilderApplication.start(FlashBuilderApplication.java:79)
	at org.eclipse.equinox.internal.app.EclipseAppHandle.run(EclipseAppHandle.java:196)
	at org.eclipse.core.runtime.internal.adaptor.EclipseAppLauncher.runApplication(EclipseAppLauncher.java:110)
	at org.eclipse.core.runtime.internal.adaptor.EclipseAppLauncher.start(EclipseAppLauncher.java:79)
	at org.eclipse.core.runtime.adaptor.EclipseStarter.run(EclipseStarter.java:344)
	at org.eclipse.core.runtime.adaptor.EclipseStarter.run(EclipseStarter.java:179)
	at sun.reflect.NativeMethodAccessorImpl.invoke0(Native Method)
	at sun.reflect.NativeMethodAccessorImpl.invoke(Unknown Source)
	at sun.reflect.DelegatingMethodAccessorImpl.invoke(Unknown Source)
	at java.lang.reflect.Method.invoke(Unknown Source)
	at org.eclipse.equinox.launcher.Main.invokeFramework(Main.java:622)
	at org.eclipse.equinox.launcher.Main.basicRun(Main.java:577)
	at org.eclipse.equinox.launcher.Main.run(Main.java:1410)
Caused by: java.lang.IllegalArgumentException: Index out of bounds
	at org.eclipse.swt.SWT.error(SWT.java:4263)
	at org.eclipse.swt.SWT.error(SWT.java:4197)
	at org.eclipse.swt.SWT.error(SWT.java:4168)
	at org.eclipse.swt.graphics.TextLayout.getStyle(TextLayout.java:2479)
	at org.eclipse.swt.custom.StyledTextRenderer.getTextLayout(StyledTextRenderer.java:944)
	at org.eclipse.swt.custom.StyledTextRenderer.getTextLayout(StyledTextRenderer.java:720)
	at org.eclipse.swt.custom.StyledText.getPointAtOffset(StyledText.java:5419)
	at org.eclipse.swt.custom.StyledText.setCaretLocation(StyledText.java:8357)
	at org.eclipse.swt.custom.StyledText.setSelectionRange(StyledText.java:9529)
	at org.eclipse.jface.text.TextViewer.setSelectedRange(TextViewer.java:2395)
	at com.adobe.flexide.editorcore.editor.AbstractFlexEditor.updateFoldingStructure(AbstractFlexEditor.java:1246)
	at com.adobe.flexide.editorcore.editor.AbstractFlexEditor$5.run(AbstractFlexEditor.java:1121)
	at org.eclipse.swt.widgets.RunnableLock.run(RunnableLock.java:35)
	at org.eclipse.swt.widgets.Synchronizer.runAsyncMessages(Synchronizer.java:135)
	... 22 more

!ENTRY org.eclipse.ui 4 0 2024-10-26 21:01:00.736
!MESSAGE Unhandled event loop exception
!STACK 0
java.lang.IllegalArgumentException: Index out of bounds
	at org.eclipse.swt.SWT.error(SWT.java:4263)
	at org.eclipse.swt.SWT.error(SWT.java:4197)
	at org.eclipse.swt.SWT.error(SWT.java:4168)
	at org.eclipse.swt.graphics.TextLayout.getStyle(TextLayout.java:2479)
	at org.eclipse.swt.custom.StyledTextRenderer.getTextLayout(StyledTextRenderer.java:944)
	at org.eclipse.swt.custom.StyledTextRenderer.getTextLayout(StyledTextRenderer.java:720)
	at org.eclipse.swt.custom.StyledText.getClusterPrevious(StyledText.java:3675)
	at org.eclipse.swt.custom.StyledText.doSelectionCursorPrevious(StyledText.java:3247)
	at org.eclipse.swt.custom.StyledText.doCursorPrevious(StyledText.java:2492)
	at org.eclipse.swt.custom.StyledText.invokeAction(StyledText.java:6882)
	at org.eclipse.swt.custom.StyledText.handleKey(StyledText.java:5915)
	at org.eclipse.swt.custom.StyledText.handleKeyDown(StyledText.java:5941)
	at org.eclipse.swt.custom.StyledText$7.handleEvent(StyledText.java:5635)
	at org.eclipse.swt.widgets.EventTable.sendEvent(EventTable.java:84)
	at org.eclipse.swt.widgets.Widget.sendEvent(Widget.java:1053)
	at org.eclipse.swt.widgets.Widget.sendEvent(Widget.java:1077)
	at org.eclipse.swt.widgets.Widget.sendEvent(Widget.java:1062)
	at org.eclipse.swt.widgets.Widget.sendKeyEvent(Widget.java:1104)
	at org.eclipse.swt.widgets.Widget.sendKeyEvent(Widget.java:1100)
	at org.eclipse.swt.widgets.Widget.wmKeyDown(Widget.java:1809)
	at org.eclipse.swt.widgets.Control.WM_KEYDOWN(Control.java:4892)
	at org.eclipse.swt.widgets.Control.windowProc(Control.java:4560)
	at org.eclipse.swt.widgets.Canvas.windowProc(Canvas.java:341)
	at org.eclipse.swt.widgets.Display.windowProc(Display.java:4972)
	at org.eclipse.swt.internal.win32.OS.DispatchMessageW(Native Method)
	at org.eclipse.swt.internal.win32.OS.DispatchMessage(OS.java:2530)
	at org.eclipse.swt.widgets.Display.readAndDispatch(Display.java:3752)
	at org.eclipse.ui.internal.Workbench.runEventLoop(Workbench.java:2696)
	at org.eclipse.ui.internal.Workbench.runUI(Workbench.java:2660)
	at org.eclipse.ui.internal.Workbench.access$4(Workbench.java:2494)
	at org.eclipse.ui.internal.Workbench$7.run(Workbench.java:674)
	at org.eclipse.core.databinding.observable.Realm.runWithDefault(Realm.java:332)
	at org.eclipse.ui.internal.Workbench.createAndRunWorkbench(Workbench.java:667)
	at org.eclipse.ui.PlatformUI.createAndRunWorkbench(PlatformUI.java:149)
	at com.adobe.flexbuilder.standalone.FlashBuilderApplication.start(FlashBuilderApplication.java:79)
	at org.eclipse.equinox.internal.app.EclipseAppHandle.run(EclipseAppHandle.java:196)
	at org.eclipse.core.runtime.internal.adaptor.EclipseAppLauncher.runApplication(EclipseAppLauncher.java:110)
	at org.eclipse.core.runtime.internal.adaptor.EclipseAppLauncher.start(EclipseAppLauncher.java:79)
	at org.eclipse.core.runtime.adaptor.EclipseStarter.run(EclipseStarter.java:344)
	at org.eclipse.core.runtime.adaptor.EclipseStarter.run(EclipseStarter.java:179)
	at sun.reflect.NativeMethodAccessorImpl.invoke0(Native Method)
	at sun.reflect.NativeMethodAccessorImpl.invoke(Unknown Source)
	at sun.reflect.DelegatingMethodAccessorImpl.invoke(Unknown Source)
	at java.lang.reflect.Method.invoke(Unknown Source)
	at org.eclipse.equinox.launcher.Main.invokeFramework(Main.java:622)
	at org.eclipse.equinox.launcher.Main.basicRun(Main.java:577)
	at org.eclipse.equinox.launcher.Main.run(Main.java:1410)

!ENTRY org.eclipse.ui 4 0 2024-10-26 21:01:00.937
!MESSAGE Unhandled event loop exception
!STACK 0
java.lang.IllegalArgumentException: Index out of bounds
	at org.eclipse.swt.SWT.error(SWT.java:4263)
	at org.eclipse.swt.SWT.error(SWT.java:4197)
	at org.eclipse.swt.SWT.error(SWT.java:4168)
	at org.eclipse.swt.graphics.TextLayout.getStyle(TextLayout.java:2479)
	at org.eclipse.swt.custom.StyledTextRenderer.getTextLayout(StyledTextRenderer.java:944)
	at org.eclipse.swt.custom.StyledTextRenderer.getTextLayout(StyledTextRenderer.java:720)
	at org.eclipse.swt.custom.StyledText.getClusterPrevious(StyledText.java:3675)
	at org.eclipse.swt.custom.StyledText.doSelectionCursorPrevious(StyledText.java:3247)
	at org.eclipse.swt.custom.StyledText.doCursorPrevious(StyledText.java:2492)
	at org.eclipse.swt.custom.StyledText.invokeAction(StyledText.java:6882)
	at org.eclipse.swt.custom.StyledText.handleKey(StyledText.java:5915)
	at org.eclipse.swt.custom.StyledText.handleKeyDown(StyledText.java:5941)
	at org.eclipse.swt.custom.StyledText$7.handleEvent(StyledText.java:5635)
	at org.eclipse.swt.widgets.EventTable.sendEvent(EventTable.java:84)
	at org.eclipse.swt.widgets.Widget.sendEvent(Widget.java:1053)
	at org.eclipse.swt.widgets.Widget.sendEvent(Widget.java:1077)
	at org.eclipse.swt.widgets.Widget.sendEvent(Widget.java:1062)
	at org.eclipse.swt.widgets.Widget.sendKeyEvent(Widget.java:1104)
	at org.eclipse.swt.widgets.Widget.sendKeyEvent(Widget.java:1100)
	at org.eclipse.swt.widgets.Widget.wmKeyDown(Widget.java:1809)
	at org.eclipse.swt.widgets.Control.WM_KEYDOWN(Control.java:4892)
	at org.eclipse.swt.widgets.Control.windowProc(Control.java:4560)
	at org.eclipse.swt.widgets.Canvas.windowProc(Canvas.java:341)
	at org.eclipse.swt.widgets.Display.windowProc(Display.java:4972)
	at org.eclipse.swt.internal.win32.OS.DispatchMessageW(Native Method)
	at org.eclipse.swt.internal.win32.OS.DispatchMessage(OS.java:2530)
	at org.eclipse.swt.widgets.Display.readAndDispatch(Display.java:3752)
	at org.eclipse.ui.internal.Workbench.runEventLoop(Workbench.java:2696)
	at org.eclipse.ui.internal.Workbench.runUI(Workbench.java:2660)
	at org.eclipse.ui.internal.Workbench.access$4(Workbench.java:2494)
	at org.eclipse.ui.internal.Workbench$7.run(Workbench.java:674)
	at org.eclipse.core.databinding.observable.Realm.runWithDefault(Realm.java:332)
	at org.eclipse.ui.internal.Workbench.createAndRunWorkbench(Workbench.java:667)
	at org.eclipse.ui.PlatformUI.createAndRunWorkbench(PlatformUI.java:149)
	at com.adobe.flexbuilder.standalone.FlashBuilderApplication.start(FlashBuilderApplication.java:79)
	at org.eclipse.equinox.internal.app.EclipseAppHandle.run(EclipseAppHandle.java:196)
	at org.eclipse.core.runtime.internal.adaptor.EclipseAppLauncher.runApplication(EclipseAppLauncher.java:110)
	at org.eclipse.core.runtime.internal.adaptor.EclipseAppLauncher.start(EclipseAppLauncher.java:79)
	at org.eclipse.core.runtime.adaptor.EclipseStarter.run(EclipseStarter.java:344)
	at org.eclipse.core.runtime.adaptor.EclipseStarter.run(EclipseStarter.java:179)
	at sun.reflect.NativeMethodAccessorImpl.invoke0(Native Method)
	at sun.reflect.NativeMethodAccessorImpl.invoke(Unknown Source)
	at sun.reflect.DelegatingMethodAccessorImpl.invoke(Unknown Source)
	at java.lang.reflect.Method.invoke(Unknown Source)
	at org.eclipse.equinox.launcher.Main.invokeFramework(Main.java:622)
	at org.eclipse.equinox.launcher.Main.basicRun(Main.java:577)
	at org.eclipse.equinox.launcher.Main.run(Main.java:1410)

!ENTRY org.eclipse.ui 4 4 2024-10-26 21:01:02.693
!MESSAGE 保存 失败

!ENTRY org.eclipse.ui 2 0 2024-10-26 21:01:02.693
!MESSAGE 保存 失败
!STACK 0
java.lang.IllegalArgumentException: Index out of bounds
	at org.eclipse.swt.SWT.error(SWT.java:4263)
	at org.eclipse.swt.SWT.error(SWT.java:4197)
	at org.eclipse.swt.SWT.error(SWT.java:4168)
	at org.eclipse.swt.graphics.TextLayout.getStyle(TextLayout.java:2479)
	at org.eclipse.swt.custom.StyledTextRenderer.getTextLayout(StyledTextRenderer.java:944)
	at org.eclipse.swt.custom.StyledTextRenderer.getTextLayout(StyledTextRenderer.java:720)
	at org.eclipse.swt.custom.StyledText.getPointAtOffset(StyledText.java:5419)
	at org.eclipse.swt.custom.StyledText.setCaretLocation(StyledText.java:8357)
	at org.eclipse.swt.custom.StyledText.setSelectionRange(StyledText.java:9529)
	at org.eclipse.jface.text.TextViewer.setSelectedRange(TextViewer.java:2395)
	at com.adobe.flexide.editorcore.editor.AbstractFlexEditor.updateFoldingStructure(AbstractFlexEditor.java:1246)
	at com.adobe.flexide.editorcore.editor.AbstractFlexEditor.editorSaved(AbstractFlexEditor.java:1266)
	at com.adobe.flexbuilder.as.editor.ActionScriptEditor.editorSaved(ActionScriptEditor.java:147)
	at org.eclipse.ui.texteditor.AbstractTextEditor.performSave(AbstractTextEditor.java:5049)
	at org.eclipse.ui.texteditor.AbstractTextEditor.doSave(AbstractTextEditor.java:4837)
	at org.eclipse.ui.texteditor.AbstractTextEditor$TextEditorSavable.doSave(AbstractTextEditor.java:7177)
	at org.eclipse.ui.Saveable.doSave(Saveable.java:214)
	at org.eclipse.ui.internal.SaveableHelper.doSaveModel(SaveableHelper.java:349)
	at org.eclipse.ui.internal.SaveableHelper$3.run(SaveableHelper.java:195)
	at org.eclipse.ui.internal.SaveableHelper$5.run(SaveableHelper.java:277)
	at org.eclipse.jface.operation.ModalContext.runInCurrentThread(ModalContext.java:464)
	at org.eclipse.jface.operation.ModalContext.run(ModalContext.java:372)
	at org.eclipse.jface.window.ApplicationWindow$1.run(ApplicationWindow.java:759)
	at org.eclipse.swt.custom.BusyIndicator.showWhile(BusyIndicator.java:70)
	at org.eclipse.jface.window.ApplicationWindow.run(ApplicationWindow.java:756)
	at org.eclipse.ui.internal.WorkbenchWindow.run(WorkbenchWindow.java:2642)
	at org.eclipse.ui.internal.SaveableHelper.runProgressMonitorOperation(SaveableHelper.java:285)
	at org.eclipse.ui.internal.SaveableHelper.runProgressMonitorOperation(SaveableHelper.java:264)
	at org.eclipse.ui.internal.SaveableHelper.saveModels(SaveableHelper.java:207)
	at org.eclipse.ui.internal.SaveableHelper.savePart(SaveableHelper.java:144)
	at org.eclipse.ui.internal.EditorManager.savePart(EditorManager.java:1399)
	at org.eclipse.ui.internal.WorkbenchPage.savePart(WorkbenchPage.java:3416)
	at org.eclipse.ui.internal.WorkbenchPage.saveEditor(WorkbenchPage.java:3429)
	at org.eclipse.ui.internal.handlers.SaveHandler.execute(SaveHandler.java:54)
	at org.eclipse.ui.internal.handlers.HandlerProxy.execute(HandlerProxy.java:293)
	at org.eclipse.core.commands.Command.executeWithChecks(Command.java:476)
	at org.eclipse.core.commands.ParameterizedCommand.executeWithChecks(ParameterizedCommand.java:508)
	at org.eclipse.ui.internal.handlers.HandlerService.executeCommand(HandlerService.java:169)
	at org.eclipse.ui.internal.keys.WorkbenchKeyboard.executeCommand(WorkbenchKeyboard.java:468)
	at org.eclipse.ui.internal.keys.WorkbenchKeyboard.press(WorkbenchKeyboard.java:786)
	at org.eclipse.ui.internal.keys.WorkbenchKeyboard.processKeyEvent(WorkbenchKeyboard.java:885)
	at org.eclipse.ui.internal.keys.WorkbenchKeyboard.filterKeySequenceBindings(WorkbenchKeyboard.java:567)
	at org.eclipse.ui.internal.keys.WorkbenchKeyboard.access$3(WorkbenchKeyboard.java:508)
	at org.eclipse.ui.internal.keys.WorkbenchKeyboard$KeyDownFilter.handleEvent(WorkbenchKeyboard.java:123)
	at org.eclipse.swt.widgets.EventTable.sendEvent(EventTable.java:84)
	at org.eclipse.swt.widgets.Display.filterEvent(Display.java:1262)
	at org.eclipse.swt.widgets.Widget.sendEvent(Widget.java:1052)
	at org.eclipse.swt.widgets.Widget.sendEvent(Widget.java:1077)
	at org.eclipse.swt.widgets.Widget.sendEvent(Widget.java:1062)
	at org.eclipse.swt.widgets.Widget.sendKeyEvent(Widget.java:1104)
	at org.eclipse.swt.widgets.Widget.sendKeyEvent(Widget.java:1100)
	at org.eclipse.swt.widgets.Widget.wmChar(Widget.java:1509)
	at org.eclipse.swt.widgets.Control.WM_CHAR(Control.java:4640)
	at org.eclipse.swt.widgets.Canvas.WM_CHAR(Canvas.java:345)
	at org.eclipse.swt.widgets.Control.windowProc(Control.java:4528)
	at org.eclipse.swt.widgets.Canvas.windowProc(Canvas.java:341)
	at org.eclipse.swt.widgets.Display.windowProc(Display.java:4985)
	at org.eclipse.swt.internal.win32.OS.DispatchMessageW(Native Method)
	at org.eclipse.swt.internal.win32.OS.DispatchMessage(OS.java:2530)
	at org.eclipse.swt.widgets.Display.readAndDispatch(Display.java:3752)
	at org.eclipse.ui.internal.Workbench.runEventLoop(Workbench.java:2696)
	at org.eclipse.ui.internal.Workbench.runUI(Workbench.java:2660)
	at org.eclipse.ui.internal.Workbench.access$4(Workbench.java:2494)
	at org.eclipse.ui.internal.Workbench$7.run(Workbench.java:674)
	at org.eclipse.core.databinding.observable.Realm.runWithDefault(Realm.java:332)
	at org.eclipse.ui.internal.Workbench.createAndRunWorkbench(Workbench.java:667)
	at org.eclipse.ui.PlatformUI.createAndRunWorkbench(PlatformUI.java:149)
	at com.adobe.flexbuilder.standalone.FlashBuilderApplication.start(FlashBuilderApplication.java:79)
	at org.eclipse.equinox.internal.app.EclipseAppHandle.run(EclipseAppHandle.java:196)
	at org.eclipse.core.runtime.internal.adaptor.EclipseAppLauncher.runApplication(EclipseAppLauncher.java:110)
	at org.eclipse.core.runtime.internal.adaptor.EclipseAppLauncher.start(EclipseAppLauncher.java:79)
	at org.eclipse.core.runtime.adaptor.EclipseStarter.run(EclipseStarter.java:344)
	at org.eclipse.core.runtime.adaptor.EclipseStarter.run(EclipseStarter.java:179)
	at sun.reflect.NativeMethodAccessorImpl.invoke0(Native Method)
	at sun.reflect.NativeMethodAccessorImpl.invoke(Unknown Source)
	at sun.reflect.DelegatingMethodAccessorImpl.invoke(Unknown Source)
	at java.lang.reflect.Method.invoke(Unknown Source)
	at org.eclipse.equinox.launcher.Main.invokeFramework(Main.java:622)
	at org.eclipse.equinox.launcher.Main.basicRun(Main.java:577)
	at org.eclipse.equinox.launcher.Main.run(Main.java:1410)
!SESSION 2024-10-26 21:01:07.711 -----------------------------------------------
eclipse.buildId=I20100608-0911
java.version=1.6.0_27
java.vendor=Sun Microsystems Inc.
BootLoader constants: OS=win32, ARCH=x86, WS=win32, NL=zh_CN
Command-line arguments:  -os win32 -ws win32 -arch x86

!ENTRY org.eclipse.core.resources 4 1 2024-10-26 21:12:47.333
!MESSAGE 刷新资源时发生了问题
!SUBENTRY 1 org.eclipse.core.resources 4 1 2024-10-26 21:12:47.333
!MESSAGE 自动刷新本机代码 5 时发生了问题。

!ENTRY org.eclipse.core.resources 4 1 2024-10-26 21:12:48.347
!MESSAGE 刷新资源时发生了问题
!SUBENTRY 1 org.eclipse.core.resources 4 1 2024-10-26 21:12:48.347
!MESSAGE 自动刷新本机代码 5 时发生了问题。

!ENTRY org.eclipse.core.resources 4 1 2024-10-26 21:12:49.362
!MESSAGE 刷新资源时发生了问题
!SUBENTRY 1 org.eclipse.core.resources 4 1 2024-10-26 21:12:49.362
!MESSAGE 自动刷新本机代码 5 时发生了问题。

!ENTRY org.eclipse.core.resources 4 1 2024-10-26 21:12:50.377
!MESSAGE 刷新资源时发生了问题
!SUBENTRY 1 org.eclipse.core.resources 4 1 2024-10-26 21:12:50.377
!MESSAGE 自动刷新本机代码 5 时发生了问题。

!ENTRY org.eclipse.core.resources 4 1 2024-10-26 21:12:51.392
!MESSAGE 刷新资源时发生了问题
!SUBENTRY 1 org.eclipse.core.resources 4 1 2024-10-26 21:12:51.392
!MESSAGE 自动刷新本机代码 5 时发生了问题。

!ENTRY org.eclipse.core.resources 4 1 2024-10-26 21:12:52.405
!MESSAGE 刷新资源时发生了问题
!SUBENTRY 1 org.eclipse.core.resources 4 1 2024-10-26 21:12:52.405
!MESSAGE 自动刷新本机代码 5 时发生了问题。

!ENTRY org.eclipse.core.resources 4 1 2024-10-26 21:12:53.420
!MESSAGE 刷新资源时发生了问题
!SUBENTRY 1 org.eclipse.core.resources 4 1 2024-10-26 21:12:53.420
!MESSAGE 自动刷新本机代码 5 时发生了问题。

!ENTRY org.eclipse.core.resources 4 1 2024-10-26 21:12:54.423
!MESSAGE 刷新资源时发生了问题
!SUBENTRY 1 org.eclipse.core.resources 4 1 2024-10-26 21:12:54.423
!MESSAGE 自动刷新本机代码 5 时发生了问题。

!ENTRY org.eclipse.core.resources 4 1 2024-10-26 21:12:55.424
!MESSAGE 刷新资源时发生了问题
!SUBENTRY 1 org.eclipse.core.resources 4 1 2024-10-26 21:12:55.424
!MESSAGE 自动刷新本机代码 5 时发生了问题。

!ENTRY org.eclipse.core.resources 4 1 2024-10-26 21:12:56.439
!MESSAGE 刷新资源时发生了问题
!SUBENTRY 1 org.eclipse.core.resources 4 1 2024-10-26 21:12:56.439
!MESSAGE 自动刷新本机代码 5 时发生了问题。

!ENTRY org.eclipse.core.resources 4 1 2024-10-26 21:12:57.443
!MESSAGE 刷新资源时发生了问题
!SUBENTRY 1 org.eclipse.core.resources 4 1 2024-10-26 21:12:57.443
!MESSAGE 自动刷新本机代码 5 时发生了问题。

!ENTRY org.eclipse.core.resources 4 1 2024-10-26 21:12:58.445
!MESSAGE 刷新资源时发生了问题
!SUBENTRY 1 org.eclipse.core.resources 4 1 2024-10-26 21:12:58.445
!MESSAGE 自动刷新本机代码 5 时发生了问题。

!ENTRY org.eclipse.core.resources 4 1 2024-10-26 21:12:59.448
!MESSAGE 刷新资源时发生了问题
!SUBENTRY 1 org.eclipse.core.resources 4 1 2024-10-26 21:12:59.448
!MESSAGE 自动刷新本机代码 5 时发生了问题。

!ENTRY org.eclipse.core.resources 4 1 2024-10-26 21:13:00.449
!MESSAGE 刷新资源时发生了问题
!SUBENTRY 1 org.eclipse.core.resources 4 1 2024-10-26 21:13:00.449
!MESSAGE 自动刷新本机代码 5 时发生了问题。

!ENTRY org.eclipse.core.resources 4 1 2024-10-26 21:13:01.451
!MESSAGE 刷新资源时发生了问题
!SUBENTRY 1 org.eclipse.core.resources 4 1 2024-10-26 21:13:01.451
!MESSAGE 自动刷新本机代码 5 时发生了问题。

!ENTRY org.eclipse.core.resources 4 1 2024-10-26 21:13:02.457
!MESSAGE 刷新资源时发生了问题
!SUBENTRY 1 org.eclipse.core.resources 4 1 2024-10-26 21:13:02.457
!MESSAGE 自动刷新本机代码 5 时发生了问题。

!ENTRY org.eclipse.core.resources 4 1 2024-10-26 21:13:03.518
!MESSAGE 刷新资源时发生了问题
!SUBENTRY 1 org.eclipse.core.resources 4 1 2024-10-26 21:13:03.518
!MESSAGE 自动刷新本机代码 5 时发生了问题。

!ENTRY org.eclipse.core.resources 4 1 2024-10-26 21:13:04.530
!MESSAGE 刷新资源时发生了问题
!SUBENTRY 1 org.eclipse.core.resources 4 1 2024-10-26 21:13:04.530
!MESSAGE 自动刷新本机代码 5 时发生了问题。

!ENTRY org.eclipse.core.resources 4 1 2024-10-26 21:13:05.536
!MESSAGE 刷新资源时发生了问题
!SUBENTRY 1 org.eclipse.core.resources 4 1 2024-10-26 21:13:05.536
!MESSAGE 自动刷新本机代码 5 时发生了问题。

!ENTRY org.eclipse.core.resources 4 1 2024-10-26 21:13:06.552
!MESSAGE 刷新资源时发生了问题
!SUBENTRY 1 org.eclipse.core.resources 4 1 2024-10-26 21:13:06.552
!MESSAGE 自动刷新本机代码 5 时发生了问题。

!ENTRY org.eclipse.core.resources 4 1 2024-10-26 21:13:07.566
!MESSAGE 刷新资源时发生了问题
!SUBENTRY 1 org.eclipse.core.resources 4 1 2024-10-26 21:13:07.566
!MESSAGE 自动刷新本机代码 5 时发生了问题。

!ENTRY org.eclipse.core.resources 4 1 2024-10-26 21:13:08.581
!MESSAGE 刷新资源时发生了问题
!SUBENTRY 1 org.eclipse.core.resources 4 1 2024-10-26 21:13:08.581
!MESSAGE 自动刷新本机代码 5 时发生了问题。

!ENTRY org.eclipse.core.resources 4 1 2024-10-26 21:13:09.595
!MESSAGE 刷新资源时发生了问题
!SUBENTRY 1 org.eclipse.core.resources 4 1 2024-10-26 21:13:09.595
!MESSAGE 自动刷新本机代码 5 时发生了问题。

!ENTRY org.eclipse.core.resources 4 1 2024-10-26 21:13:10.596
!MESSAGE 刷新资源时发生了问题
!SUBENTRY 1 org.eclipse.core.resources 4 1 2024-10-26 21:13:10.596
!MESSAGE 自动刷新本机代码 5 时发生了问题。

!ENTRY org.eclipse.core.resources 4 1 2024-10-26 21:13:11.600
!MESSAGE 刷新资源时发生了问题
!SUBENTRY 1 org.eclipse.core.resources 4 1 2024-10-26 21:13:11.600
!MESSAGE 自动刷新本机代码 5 时发生了问题。

!ENTRY org.eclipse.core.resources 4 1 2024-10-26 21:13:12.605
!MESSAGE 刷新资源时发生了问题
!SUBENTRY 1 org.eclipse.core.resources 4 1 2024-10-26 21:13:12.605
!MESSAGE 自动刷新本机代码 5 时发生了问题。

!ENTRY org.eclipse.core.resources 4 1 2024-10-26 21:13:13.618
!MESSAGE 刷新资源时发生了问题
!SUBENTRY 1 org.eclipse.core.resources 4 1 2024-10-26 21:13:13.618
!MESSAGE 自动刷新本机代码 5 时发生了问题。

!ENTRY org.eclipse.core.resources 4 1 2024-10-26 21:13:14.632
!MESSAGE 刷新资源时发生了问题
!SUBENTRY 1 org.eclipse.core.resources 4 1 2024-10-26 21:13:14.632
!MESSAGE 自动刷新本机代码 5 时发生了问题。

!ENTRY org.eclipse.core.resources 4 1 2024-10-26 21:13:15.634
!MESSAGE 刷新资源时发生了问题
!SUBENTRY 1 org.eclipse.core.resources 4 1 2024-10-26 21:13:15.634
!MESSAGE 自动刷新本机代码 5 时发生了问题。

!ENTRY org.eclipse.core.resources 4 1 2024-10-26 21:13:16.638
!MESSAGE 刷新资源时发生了问题
!SUBENTRY 1 org.eclipse.core.resources 4 1 2024-10-26 21:13:16.638
!MESSAGE 自动刷新本机代码 5 时发生了问题。

!ENTRY org.eclipse.core.resources 4 1 2024-10-26 21:13:17.639
!MESSAGE 刷新资源时发生了问题
!SUBENTRY 1 org.eclipse.core.resources 4 1 2024-10-26 21:13:17.639
!MESSAGE 自动刷新本机代码 5 时发生了问题。

!ENTRY org.eclipse.core.resources 4 1 2024-10-26 21:13:18.644
!MESSAGE 刷新资源时发生了问题
!SUBENTRY 1 org.eclipse.core.resources 4 1 2024-10-26 21:13:18.644
!MESSAGE 自动刷新本机代码 5 时发生了问题。

!ENTRY org.eclipse.core.resources 4 1 2024-10-26 21:13:19.658
!MESSAGE 刷新资源时发生了问题
!SUBENTRY 1 org.eclipse.core.resources 4 1 2024-10-26 21:13:19.658
!MESSAGE 自动刷新本机代码 5 时发生了问题。

!ENTRY org.eclipse.core.resources 4 1 2024-10-26 21:13:20.668
!MESSAGE 刷新资源时发生了问题
!SUBENTRY 1 org.eclipse.core.resources 4 1 2024-10-26 21:13:20.668
!MESSAGE 自动刷新本机代码 5 时发生了问题。

!ENTRY org.eclipse.core.resources 4 1 2024-10-26 21:13:21.683
!MESSAGE 刷新资源时发生了问题
!SUBENTRY 1 org.eclipse.core.resources 4 1 2024-10-26 21:13:21.683
!MESSAGE 自动刷新本机代码 5 时发生了问题。

!ENTRY org.eclipse.core.resources 4 1 2024-10-26 21:13:22.684
!MESSAGE 刷新资源时发生了问题
!SUBENTRY 1 org.eclipse.core.resources 4 1 2024-10-26 21:13:22.684
!MESSAGE 自动刷新本机代码 5 时发生了问题。

!ENTRY org.eclipse.core.resources 4 1 2024-10-26 21:13:23.686
!MESSAGE 刷新资源时发生了问题
!SUBENTRY 1 org.eclipse.core.resources 4 1 2024-10-26 21:13:23.686
!MESSAGE 自动刷新本机代码 5 时发生了问题。

!ENTRY org.eclipse.core.resources 4 1 2024-10-26 21:13:24.691
!MESSAGE 刷新资源时发生了问题
!SUBENTRY 1 org.eclipse.core.resources 4 1 2024-10-26 21:13:24.691
!MESSAGE 自动刷新本机代码 5 时发生了问题。

!ENTRY org.eclipse.core.resources 4 1 2024-10-26 21:13:25.693
!MESSAGE 刷新资源时发生了问题
!SUBENTRY 1 org.eclipse.core.resources 4 1 2024-10-26 21:13:25.693
!MESSAGE 自动刷新本机代码 5 时发生了问题。

!ENTRY org.eclipse.core.resources 4 1 2024-10-26 21:13:26.695
!MESSAGE 刷新资源时发生了问题
!SUBENTRY 1 org.eclipse.core.resources 4 1 2024-10-26 21:13:26.695
!MESSAGE 自动刷新本机代码 5 时发生了问题。

!ENTRY org.eclipse.core.resources 4 1 2024-10-26 21:13:27.697
!MESSAGE 刷新资源时发生了问题
!SUBENTRY 1 org.eclipse.core.resources 4 1 2024-10-26 21:13:27.697
!MESSAGE 自动刷新本机代码 5 时发生了问题。

!ENTRY org.eclipse.core.resources 4 1 2024-10-26 21:13:28.706
!MESSAGE 刷新资源时发生了问题
!SUBENTRY 1 org.eclipse.core.resources 4 1 2024-10-26 21:13:28.706
!MESSAGE 自动刷新本机代码 5 时发生了问题。

!ENTRY org.eclipse.core.resources 4 1 2024-10-26 21:13:29.722
!MESSAGE 刷新资源时发生了问题
!SUBENTRY 1 org.eclipse.core.resources 4 1 2024-10-26 21:13:29.722
!MESSAGE 自动刷新本机代码 5 时发生了问题。

!ENTRY org.eclipse.core.resources 4 1 2024-10-26 21:13:30.736
!MESSAGE 刷新资源时发生了问题
!SUBENTRY 1 org.eclipse.core.resources 4 1 2024-10-26 21:13:30.736
!MESSAGE 自动刷新本机代码 5 时发生了问题。

!ENTRY org.eclipse.core.resources 4 1 2024-10-26 21:13:31.752
!MESSAGE 刷新资源时发生了问题
!SUBENTRY 1 org.eclipse.core.resources 4 1 2024-10-26 21:13:31.752
!MESSAGE 自动刷新本机代码 5 时发生了问题。

!ENTRY org.eclipse.core.resources 4 1 2024-10-26 21:13:32.767
!MESSAGE 刷新资源时发生了问题
!SUBENTRY 1 org.eclipse.core.resources 4 1 2024-10-26 21:13:32.767
!MESSAGE 自动刷新本机代码 5 时发生了问题。

!ENTRY org.eclipse.core.resources 4 1 2024-10-26 21:13:33.769
!MESSAGE 刷新资源时发生了问题
!SUBENTRY 1 org.eclipse.core.resources 4 1 2024-10-26 21:13:33.769
!MESSAGE 自动刷新本机代码 5 时发生了问题。

!ENTRY org.eclipse.core.resources 4 1 2024-10-26 21:13:34.773
!MESSAGE 刷新资源时发生了问题
!SUBENTRY 1 org.eclipse.core.resources 4 1 2024-10-26 21:13:34.773
!MESSAGE 自动刷新本机代码 5 时发生了问题。

!ENTRY org.eclipse.core.resources 4 1 2024-10-26 21:13:35.778
!MESSAGE 刷新资源时发生了问题
!SUBENTRY 1 org.eclipse.core.resources 4 1 2024-10-26 21:13:35.778
!MESSAGE 自动刷新本机代码 5 时发生了问题。

!ENTRY org.eclipse.core.resources 4 1 2024-10-26 21:13:36.793
!MESSAGE 刷新资源时发生了问题
!SUBENTRY 1 org.eclipse.core.resources 4 1 2024-10-26 21:13:36.793
!MESSAGE 自动刷新本机代码 5 时发生了问题。

!ENTRY org.eclipse.core.resources 4 1 2024-10-26 21:13:37.804
!MESSAGE 刷新资源时发生了问题
!SUBENTRY 1 org.eclipse.core.resources 4 1 2024-10-26 21:13:37.804
!MESSAGE 自动刷新本机代码 5 时发生了问题。

!ENTRY org.eclipse.core.resources 4 1 2024-10-26 21:13:38.813
!MESSAGE 刷新资源时发生了问题
!SUBENTRY 1 org.eclipse.core.resources 4 1 2024-10-26 21:13:38.813
!MESSAGE 自动刷新本机代码 5 时发生了问题。

!ENTRY org.eclipse.core.resources 4 1 2024-10-26 21:13:39.828
!MESSAGE 刷新资源时发生了问题
!SUBENTRY 1 org.eclipse.core.resources 4 1 2024-10-26 21:13:39.828
!MESSAGE 自动刷新本机代码 5 时发生了问题。

!ENTRY org.eclipse.core.resources 4 1 2024-10-26 21:13:40.831
!MESSAGE 刷新资源时发生了问题
!SUBENTRY 1 org.eclipse.core.resources 4 1 2024-10-26 21:13:40.831
!MESSAGE 自动刷新本机代码 5 时发生了问题。

!ENTRY org.eclipse.core.resources 4 1 2024-10-26 21:13:41.845
!MESSAGE 刷新资源时发生了问题
!SUBENTRY 1 org.eclipse.core.resources 4 1 2024-10-26 21:13:41.845
!MESSAGE 自动刷新本机代码 5 时发生了问题。

!ENTRY org.eclipse.core.resources 4 1 2024-10-26 21:13:42.858
!MESSAGE 刷新资源时发生了问题
!SUBENTRY 1 org.eclipse.core.resources 4 1 2024-10-26 21:13:42.858
!MESSAGE 自动刷新本机代码 5 时发生了问题。

!ENTRY org.eclipse.core.resources 4 1 2024-10-26 21:13:43.871
!MESSAGE 刷新资源时发生了问题
!SUBENTRY 1 org.eclipse.core.resources 4 1 2024-10-26 21:13:43.871
!MESSAGE 自动刷新本机代码 5 时发生了问题。

!ENTRY org.eclipse.core.resources 4 1 2024-10-26 21:13:44.884
!MESSAGE 刷新资源时发生了问题
!SUBENTRY 1 org.eclipse.core.resources 4 1 2024-10-26 21:13:44.884
!MESSAGE 自动刷新本机代码 5 时发生了问题。

!ENTRY org.eclipse.core.resources 4 1 2024-10-26 21:13:45.887
!MESSAGE 刷新资源时发生了问题
!SUBENTRY 1 org.eclipse.core.resources 4 1 2024-10-26 21:13:45.887
!MESSAGE 自动刷新本机代码 5 时发生了问题。

!ENTRY org.eclipse.core.resources 4 1 2024-10-26 21:13:46.901
!MESSAGE 刷新资源时发生了问题
!SUBENTRY 1 org.eclipse.core.resources 4 1 2024-10-26 21:13:46.901
!MESSAGE 自动刷新本机代码 5 时发生了问题。

!ENTRY org.eclipse.core.resources 4 1 2024-10-26 21:13:47.903
!MESSAGE 刷新资源时发生了问题
!SUBENTRY 1 org.eclipse.core.resources 4 1 2024-10-26 21:13:47.903
!MESSAGE 自动刷新本机代码 5 时发生了问题。

!ENTRY org.eclipse.core.resources 4 1 2024-10-26 21:13:48.908
!MESSAGE 刷新资源时发生了问题
!SUBENTRY 1 org.eclipse.core.resources 4 1 2024-10-26 21:13:48.908
!MESSAGE 自动刷新本机代码 5 时发生了问题。

!ENTRY org.eclipse.core.resources 4 1 2024-10-26 21:13:49.909
!MESSAGE 刷新资源时发生了问题
!SUBENTRY 1 org.eclipse.core.resources 4 1 2024-10-26 21:13:49.909
!MESSAGE 自动刷新本机代码 5 时发生了问题。

!ENTRY org.eclipse.core.resources 4 1 2024-10-26 21:13:50.913
!MESSAGE 刷新资源时发生了问题
!SUBENTRY 1 org.eclipse.core.resources 4 1 2024-10-26 21:13:50.914
!MESSAGE 自动刷新本机代码 5 时发生了问题。

!ENTRY org.eclipse.core.resources 4 1 2024-10-26 21:13:51.927
!MESSAGE 刷新资源时发生了问题
!SUBENTRY 1 org.eclipse.core.resources 4 1 2024-10-26 21:13:51.927
!MESSAGE 自动刷新本机代码 5 时发生了问题。

!ENTRY org.eclipse.core.resources 4 1 2024-10-26 21:13:52.930
!MESSAGE 刷新资源时发生了问题
!SUBENTRY 1 org.eclipse.core.resources 4 1 2024-10-26 21:13:52.930
!MESSAGE 自动刷新本机代码 5 时发生了问题。

!ENTRY org.eclipse.core.resources 4 1 2024-10-26 21:13:53.931
!MESSAGE 刷新资源时发生了问题
!SUBENTRY 1 org.eclipse.core.resources 4 1 2024-10-26 21:13:53.931
!MESSAGE 自动刷新本机代码 5 时发生了问题。

!ENTRY org.eclipse.core.resources 4 1 2024-10-26 21:13:54.932
!MESSAGE 刷新资源时发生了问题
!SUBENTRY 1 org.eclipse.core.resources 4 1 2024-10-26 21:13:54.932
!MESSAGE 自动刷新本机代码 5 时发生了问题。

!ENTRY org.eclipse.core.resources 4 1 2024-10-26 21:13:55.945
!MESSAGE 刷新资源时发生了问题
!SUBENTRY 1 org.eclipse.core.resources 4 1 2024-10-26 21:13:55.945
!MESSAGE 自动刷新本机代码 5 时发生了问题。

!ENTRY org.eclipse.core.resources 4 1 2024-10-26 21:13:56.951
!MESSAGE 刷新资源时发生了问题
!SUBENTRY 1 org.eclipse.core.resources 4 1 2024-10-26 21:13:56.951
!MESSAGE 自动刷新本机代码 5 时发生了问题。

!ENTRY org.eclipse.core.resources 4 1 2024-10-26 21:13:57.955
!MESSAGE 刷新资源时发生了问题
!SUBENTRY 1 org.eclipse.core.resources 4 1 2024-10-26 21:13:57.955
!MESSAGE 自动刷新本机代码 5 时发生了问题。

!ENTRY org.eclipse.core.resources 4 1 2024-10-26 21:13:58.970
!MESSAGE 刷新资源时发生了问题
!SUBENTRY 1 org.eclipse.core.resources 4 1 2024-10-26 21:13:58.970
!MESSAGE 自动刷新本机代码 5 时发生了问题。

!ENTRY org.eclipse.core.resources 4 1 2024-10-26 21:13:59.976
!MESSAGE 刷新资源时发生了问题
!SUBENTRY 1 org.eclipse.core.resources 4 1 2024-10-26 21:13:59.976
!MESSAGE 自动刷新本机代码 5 时发生了问题。

!ENTRY org.eclipse.core.resources 4 1 2024-10-26 21:14:00.977
!MESSAGE 刷新资源时发生了问题
!SUBENTRY 1 org.eclipse.core.resources 4 1 2024-10-26 21:14:00.977
!MESSAGE 自动刷新本机代码 5 时发生了问题。

!ENTRY org.eclipse.core.resources 4 1 2024-10-26 21:14:01.978
!MESSAGE 刷新资源时发生了问题
!SUBENTRY 1 org.eclipse.core.resources 4 1 2024-10-26 21:14:01.978
!MESSAGE 自动刷新本机代码 5 时发生了问题。

!ENTRY org.eclipse.core.resources 4 1 2024-10-26 21:14:02.979
!MESSAGE 刷新资源时发生了问题
!SUBENTRY 1 org.eclipse.core.resources 4 1 2024-10-26 21:14:02.979
!MESSAGE 自动刷新本机代码 5 时发生了问题。

!ENTRY org.eclipse.core.resources 4 1 2024-10-26 21:14:03.981
!MESSAGE 刷新资源时发生了问题
!SUBENTRY 1 org.eclipse.core.resources 4 1 2024-10-26 21:14:03.981
!MESSAGE 自动刷新本机代码 5 时发生了问题。

!ENTRY org.eclipse.core.resources 4 1 2024-10-26 21:14:04.982
!MESSAGE 刷新资源时发生了问题
!SUBENTRY 1 org.eclipse.core.resources 4 1 2024-10-26 21:14:04.982
!MESSAGE 自动刷新本机代码 5 时发生了问题。

!ENTRY org.eclipse.core.resources 4 1 2024-10-26 21:14:05.984
!MESSAGE 刷新资源时发生了问题
!SUBENTRY 1 org.eclipse.core.resources 4 1 2024-10-26 21:14:05.984
!MESSAGE 自动刷新本机代码 5 时发生了问题。

!ENTRY org.eclipse.core.resources 4 1 2024-10-26 21:14:06.986
!MESSAGE 刷新资源时发生了问题
!SUBENTRY 1 org.eclipse.core.resources 4 1 2024-10-26 21:14:06.986
!MESSAGE 自动刷新本机代码 5 时发生了问题。

!ENTRY org.eclipse.core.resources 4 1 2024-10-26 21:14:08.037
!MESSAGE 刷新资源时发生了问题
!SUBENTRY 1 org.eclipse.core.resources 4 1 2024-10-26 21:14:08.037
!MESSAGE 自动刷新本机代码 5 时发生了问题。

!ENTRY org.eclipse.core.resources 4 1 2024-10-26 21:14:09.039
!MESSAGE 刷新资源时发生了问题
!SUBENTRY 1 org.eclipse.core.resources 4 1 2024-10-26 21:14:09.039
!MESSAGE 自动刷新本机代码 5 时发生了问题。

!ENTRY org.eclipse.core.resources 4 1 2024-10-26 21:14:10.040
!MESSAGE 刷新资源时发生了问题
!SUBENTRY 1 org.eclipse.core.resources 4 1 2024-10-26 21:14:10.040
!MESSAGE 自动刷新本机代码 5 时发生了问题。

!ENTRY org.eclipse.core.resources 4 1 2024-10-26 21:14:11.048
!MESSAGE 刷新资源时发生了问题
!SUBENTRY 1 org.eclipse.core.resources 4 1 2024-10-26 21:14:11.048
!MESSAGE 自动刷新本机代码 5 时发生了问题。

!ENTRY org.eclipse.core.resources 4 1 2024-10-26 21:14:12.050
!MESSAGE 刷新资源时发生了问题
!SUBENTRY 1 org.eclipse.core.resources 4 1 2024-10-26 21:14:12.050
!MESSAGE 自动刷新本机代码 5 时发生了问题。

!ENTRY org.eclipse.core.resources 4 1 2024-10-26 21:14:13.051
!MESSAGE 刷新资源时发生了问题
!SUBENTRY 1 org.eclipse.core.resources 4 1 2024-10-26 21:14:13.051
!MESSAGE 自动刷新本机代码 5 时发生了问题。

!ENTRY org.eclipse.core.resources 4 1 2024-10-26 21:14:14.103
!MESSAGE 刷新资源时发生了问题
!SUBENTRY 1 org.eclipse.core.resources 4 1 2024-10-26 21:14:14.103
!MESSAGE 自动刷新本机代码 5 时发生了问题。

!ENTRY org.eclipse.core.resources 4 1 2024-10-26 21:14:15.105
!MESSAGE 刷新资源时发生了问题
!SUBENTRY 1 org.eclipse.core.resources 4 1 2024-10-26 21:14:15.105
!MESSAGE 自动刷新本机代码 5 时发生了问题。

!ENTRY org.eclipse.core.resources 4 1 2024-10-26 21:14:16.106
!MESSAGE 刷新资源时发生了问题
!SUBENTRY 1 org.eclipse.core.resources 4 1 2024-10-26 21:14:16.106
!MESSAGE 自动刷新本机代码 5 时发生了问题。

!ENTRY org.eclipse.core.resources 4 1 2024-10-26 21:14:17.157
!MESSAGE 刷新资源时发生了问题
!SUBENTRY 1 org.eclipse.core.resources 4 1 2024-10-26 21:14:17.157
!MESSAGE 自动刷新本机代码 5 时发生了问题。

!ENTRY org.eclipse.core.resources 4 1 2024-10-26 21:14:18.158
!MESSAGE 刷新资源时发生了问题
!SUBENTRY 1 org.eclipse.core.resources 4 1 2024-10-26 21:14:18.158
!MESSAGE 自动刷新本机代码 5 时发生了问题。

!ENTRY org.eclipse.core.resources 4 1 2024-10-26 21:14:19.208
!MESSAGE 刷新资源时发生了问题
!SUBENTRY 1 org.eclipse.core.resources 4 1 2024-10-26 21:14:19.208
!MESSAGE 自动刷新本机代码 5 时发生了问题。

!ENTRY org.eclipse.core.resources 4 1 2024-10-26 21:14:20.209
!MESSAGE 刷新资源时发生了问题
!SUBENTRY 1 org.eclipse.core.resources 4 1 2024-10-26 21:14:20.209
!MESSAGE 自动刷新本机代码 5 时发生了问题。

!ENTRY org.eclipse.core.resources 4 1 2024-10-26 21:14:21.223
!MESSAGE 刷新资源时发生了问题
!SUBENTRY 1 org.eclipse.core.resources 4 1 2024-10-26 21:14:21.223
!MESSAGE 自动刷新本机代码 5 时发生了问题。

!ENTRY org.eclipse.core.resources 4 1 2024-10-26 21:14:22.235
!MESSAGE 刷新资源时发生了问题
!SUBENTRY 1 org.eclipse.core.resources 4 1 2024-10-26 21:14:22.235
!MESSAGE 自动刷新本机代码 5 时发生了问题。

!ENTRY org.eclipse.core.resources 4 1 2024-10-26 21:14:23.237
!MESSAGE 刷新资源时发生了问题
!SUBENTRY 1 org.eclipse.core.resources 4 1 2024-10-26 21:14:23.237
!MESSAGE 自动刷新本机代码 5 时发生了问题。

!ENTRY org.eclipse.core.resources 4 1 2024-10-26 21:14:24.239
!MESSAGE 刷新资源时发生了问题
!SUBENTRY 1 org.eclipse.core.resources 4 1 2024-10-26 21:14:24.239
!MESSAGE 自动刷新本机代码 5 时发生了问题。

!ENTRY org.eclipse.core.resources 4 1 2024-10-26 21:14:25.251
!MESSAGE 刷新资源时发生了问题
!SUBENTRY 1 org.eclipse.core.resources 4 1 2024-10-26 21:14:25.251
!MESSAGE 自动刷新本机代码 5 时发生了问题。

!ENTRY org.eclipse.core.resources 4 1 2024-10-26 21:14:26.256
!MESSAGE 刷新资源时发生了问题
!SUBENTRY 1 org.eclipse.core.resources 4 1 2024-10-26 21:14:26.256
!MESSAGE 自动刷新本机代码 5 时发生了问题。

!ENTRY org.eclipse.core.resources 4 1 2024-10-26 21:14:27.259
!MESSAGE 刷新资源时发生了问题
!SUBENTRY 1 org.eclipse.core.resources 4 1 2024-10-26 21:14:27.259
!MESSAGE 自动刷新本机代码 5 时发生了问题。

!ENTRY org.eclipse.core.resources 4 1 2024-10-26 21:14:28.271
!MESSAGE 刷新资源时发生了问题
!SUBENTRY 1 org.eclipse.core.resources 4 1 2024-10-26 21:14:28.271
!MESSAGE 自动刷新本机代码 5 时发生了问题。

!ENTRY org.eclipse.core.resources 4 1 2024-10-26 21:14:29.332
!MESSAGE 刷新资源时发生了问题
!SUBENTRY 1 org.eclipse.core.resources 4 1 2024-10-26 21:14:29.332
!MESSAGE 自动刷新本机代码 5 时发生了问题。

!ENTRY org.eclipse.core.resources 4 1 2024-10-26 21:14:30.348
!MESSAGE 刷新资源时发生了问题
!SUBENTRY 1 org.eclipse.core.resources 4 1 2024-10-26 21:14:30.348
!MESSAGE 自动刷新本机代码 5 时发生了问题。

!ENTRY org.eclipse.core.resources 4 1 2024-10-26 21:14:31.363
!MESSAGE 刷新资源时发生了问题
!SUBENTRY 1 org.eclipse.core.resources 4 1 2024-10-26 21:14:31.363
!MESSAGE 自动刷新本机代码 5 时发生了问题。

!ENTRY org.eclipse.core.resources 4 1 2024-10-26 21:14:32.378
!MESSAGE 刷新资源时发生了问题
!SUBENTRY 1 org.eclipse.core.resources 4 1 2024-10-26 21:14:32.378
!MESSAGE 自动刷新本机代码 5 时发生了问题。

!ENTRY org.eclipse.core.resources 4 1 2024-10-26 21:14:33.392
!MESSAGE 刷新资源时发生了问题
!SUBENTRY 1 org.eclipse.core.resources 4 1 2024-10-26 21:14:33.392
!MESSAGE 自动刷新本机代码 5 时发生了问题。

!ENTRY org.eclipse.core.resources 4 1 2024-10-26 21:14:34.394
!MESSAGE 刷新资源时发生了问题
!SUBENTRY 1 org.eclipse.core.resources 4 1 2024-10-26 21:14:34.394
!MESSAGE 自动刷新本机代码 5 时发生了问题。

!ENTRY org.eclipse.core.resources 4 1 2024-10-26 21:14:35.402
!MESSAGE 刷新资源时发生了问题
!SUBENTRY 1 org.eclipse.core.resources 4 1 2024-10-26 21:14:35.402
!MESSAGE 自动刷新本机代码 5 时发生了问题。

!ENTRY org.eclipse.core.resources 4 1 2024-10-26 21:14:36.418
!MESSAGE 刷新资源时发生了问题
!SUBENTRY 1 org.eclipse.core.resources 4 1 2024-10-26 21:14:36.418
!MESSAGE 自动刷新本机代码 5 时发生了问题。

!ENTRY org.eclipse.core.resources 4 1 2024-10-26 21:14:37.421
!MESSAGE 刷新资源时发生了问题
!SUBENTRY 1 org.eclipse.core.resources 4 1 2024-10-26 21:14:37.421
!MESSAGE 自动刷新本机代码 5 时发生了问题。

!ENTRY org.eclipse.core.resources 4 1 2024-10-26 21:14:38.435
!MESSAGE 刷新资源时发生了问题
!SUBENTRY 1 org.eclipse.core.resources 4 1 2024-10-26 21:14:38.435
!MESSAGE 自动刷新本机代码 5 时发生了问题。

!ENTRY org.eclipse.core.resources 4 1 2024-10-26 21:14:39.436
!MESSAGE 刷新资源时发生了问题
!SUBENTRY 1 org.eclipse.core.resources 4 1 2024-10-26 21:14:39.436
!MESSAGE 自动刷新本机代码 5 时发生了问题。

!ENTRY org.eclipse.core.resources 4 1 2024-10-26 21:14:40.452
!MESSAGE 刷新资源时发生了问题
!SUBENTRY 1 org.eclipse.core.resources 4 1 2024-10-26 21:14:40.452
!MESSAGE 自动刷新本机代码 5 时发生了问题。

!ENTRY org.eclipse.core.resources 4 1 2024-10-26 21:14:41.464
!MESSAGE 刷新资源时发生了问题
!SUBENTRY 1 org.eclipse.core.resources 4 1 2024-10-26 21:14:41.464
!MESSAGE 自动刷新本机代码 5 时发生了问题。

!ENTRY org.eclipse.core.resources 4 1 2024-10-26 21:14:42.471
!MESSAGE 刷新资源时发生了问题
!SUBENTRY 1 org.eclipse.core.resources 4 1 2024-10-26 21:14:42.471
!MESSAGE 自动刷新本机代码 5 时发生了问题。

!ENTRY org.eclipse.core.resources 4 1 2024-10-26 21:14:43.482
!MESSAGE 刷新资源时发生了问题
!SUBENTRY 1 org.eclipse.core.resources 4 1 2024-10-26 21:14:43.482
!MESSAGE 自动刷新本机代码 5 时发生了问题。

!ENTRY org.eclipse.core.resources 4 1 2024-10-26 21:14:44.494
!MESSAGE 刷新资源时发生了问题
!SUBENTRY 1 org.eclipse.core.resources 4 1 2024-10-26 21:14:44.494
!MESSAGE 自动刷新本机代码 5 时发生了问题。

!ENTRY org.eclipse.core.resources 4 1 2024-10-26 21:14:45.508
!MESSAGE 刷新资源时发生了问题
!SUBENTRY 1 org.eclipse.core.resources 4 1 2024-10-26 21:14:45.508
!MESSAGE 自动刷新本机代码 5 时发生了问题。

!ENTRY org.eclipse.core.resources 4 1 2024-10-26 21:14:46.522
!MESSAGE 刷新资源时发生了问题
!SUBENTRY 1 org.eclipse.core.resources 4 1 2024-10-26 21:14:46.522
!MESSAGE 自动刷新本机代码 5 时发生了问题。

!ENTRY org.eclipse.core.resources 4 1 2024-10-26 21:14:47.523
!MESSAGE 刷新资源时发生了问题
!SUBENTRY 1 org.eclipse.core.resources 4 1 2024-10-26 21:14:47.523
!MESSAGE 自动刷新本机代码 5 时发生了问题。

!ENTRY org.eclipse.core.resources 4 1 2024-10-26 21:14:48.526
!MESSAGE 刷新资源时发生了问题
!SUBENTRY 1 org.eclipse.core.resources 4 1 2024-10-26 21:14:48.526
!MESSAGE 自动刷新本机代码 5 时发生了问题。

!ENTRY org.eclipse.core.resources 4 1 2024-10-26 21:14:49.528
!MESSAGE 刷新资源时发生了问题
!SUBENTRY 1 org.eclipse.core.resources 4 1 2024-10-26 21:14:49.528
!MESSAGE 自动刷新本机代码 5 时发生了问题。

!ENTRY org.eclipse.core.resources 4 1 2024-10-26 21:14:50.534
!MESSAGE 刷新资源时发生了问题
!SUBENTRY 1 org.eclipse.core.resources 4 1 2024-10-26 21:14:50.534
!MESSAGE 自动刷新本机代码 5 时发生了问题。

!ENTRY org.eclipse.core.resources 4 1 2024-10-26 21:14:51.549
!MESSAGE 刷新资源时发生了问题
!SUBENTRY 1 org.eclipse.core.resources 4 1 2024-10-26 21:14:51.549
!MESSAGE 自动刷新本机代码 5 时发生了问题。

!ENTRY org.eclipse.core.resources 4 1 2024-10-26 21:14:52.561
!MESSAGE 刷新资源时发生了问题
!SUBENTRY 1 org.eclipse.core.resources 4 1 2024-10-26 21:14:52.561
!MESSAGE 自动刷新本机代码 5 时发生了问题。

!ENTRY org.eclipse.core.resources 4 1 2024-10-26 21:14:53.566
!MESSAGE 刷新资源时发生了问题
!SUBENTRY 1 org.eclipse.core.resources 4 1 2024-10-26 21:14:53.566
!MESSAGE 自动刷新本机代码 5 时发生了问题。

!ENTRY org.eclipse.core.resources 4 1 2024-10-26 21:14:54.569
!MESSAGE 刷新资源时发生了问题
!SUBENTRY 1 org.eclipse.core.resources 4 1 2024-10-26 21:14:54.569
!MESSAGE 自动刷新本机代码 5 时发生了问题。

!ENTRY org.eclipse.core.resources 4 1 2024-10-26 21:14:55.579
!MESSAGE 刷新资源时发生了问题
!SUBENTRY 1 org.eclipse.core.resources 4 1 2024-10-26 21:14:55.579
!MESSAGE 自动刷新本机代码 5 时发生了问题。

!ENTRY org.eclipse.core.resources 4 1 2024-10-26 21:14:56.580
!MESSAGE 刷新资源时发生了问题
!SUBENTRY 1 org.eclipse.core.resources 4 1 2024-10-26 21:14:56.580
!MESSAGE 自动刷新本机代码 5 时发生了问题。

!ENTRY org.eclipse.core.resources 4 1 2024-10-26 21:14:57.593
!MESSAGE 刷新资源时发生了问题
!SUBENTRY 1 org.eclipse.core.resources 4 1 2024-10-26 21:14:57.593
!MESSAGE 自动刷新本机代码 5 时发生了问题。

!ENTRY org.eclipse.core.resources 4 1 2024-10-26 21:14:58.607
!MESSAGE 刷新资源时发生了问题
!SUBENTRY 1 org.eclipse.core.resources 4 1 2024-10-26 21:14:58.607
!MESSAGE 自动刷新本机代码 5 时发生了问题。

!ENTRY org.eclipse.core.resources 4 1 2024-10-26 21:14:59.671
!MESSAGE 刷新资源时发生了问题
!SUBENTRY 1 org.eclipse.core.resources 4 1 2024-10-26 21:14:59.671
!MESSAGE 自动刷新本机代码 5 时发生了问题。

!ENTRY org.eclipse.core.resources 4 1 2024-10-26 21:15:00.672
!MESSAGE 刷新资源时发生了问题
!SUBENTRY 1 org.eclipse.core.resources 4 1 2024-10-26 21:15:00.672
!MESSAGE 自动刷新本机代码 5 时发生了问题。

!ENTRY org.eclipse.core.resources 4 1 2024-10-26 21:15:01.683
!MESSAGE 刷新资源时发生了问题
!SUBENTRY 1 org.eclipse.core.resources 4 1 2024-10-26 21:15:01.683
!MESSAGE 自动刷新本机代码 5 时发生了问题。

!ENTRY org.eclipse.core.resources 4 1 2024-10-26 21:15:02.692
!MESSAGE 刷新资源时发生了问题
!SUBENTRY 1 org.eclipse.core.resources 4 1 2024-10-26 21:15:02.692
!MESSAGE 自动刷新本机代码 5 时发生了问题。

!ENTRY org.eclipse.core.resources 4 1 2024-10-26 21:15:03.699
!MESSAGE 刷新资源时发生了问题
!SUBENTRY 1 org.eclipse.core.resources 4 1 2024-10-26 21:15:03.699
!MESSAGE 自动刷新本机代码 5 时发生了问题。

!ENTRY org.eclipse.core.resources 4 1 2024-10-26 21:15:04.700
!MESSAGE 刷新资源时发生了问题
!SUBENTRY 1 org.eclipse.core.resources 4 1 2024-10-26 21:15:04.700
!MESSAGE 自动刷新本机代码 5 时发生了问题。

!ENTRY org.eclipse.core.resources 4 1 2024-10-26 21:15:05.762
!MESSAGE 刷新资源时发生了问题
!SUBENTRY 1 org.eclipse.core.resources 4 1 2024-10-26 21:15:05.762
!MESSAGE 自动刷新本机代码 5 时发生了问题。

!ENTRY org.eclipse.core.resources 4 1 2024-10-26 21:15:06.776
!MESSAGE 刷新资源时发生了问题
!SUBENTRY 1 org.eclipse.core.resources 4 1 2024-10-26 21:15:06.776
!MESSAGE 自动刷新本机代码 5 时发生了问题。

!ENTRY org.eclipse.core.resources 4 1 2024-10-26 21:15:07.788
!MESSAGE 刷新资源时发生了问题
!SUBENTRY 1 org.eclipse.core.resources 4 1 2024-10-26 21:15:07.788
!MESSAGE 自动刷新本机代码 5 时发生了问题。

!ENTRY org.eclipse.core.resources 4 1 2024-10-26 21:15:08.790
!MESSAGE 刷新资源时发生了问题
!SUBENTRY 1 org.eclipse.core.resources 4 1 2024-10-26 21:15:08.790
!MESSAGE 自动刷新本机代码 5 时发生了问题。

!ENTRY org.eclipse.core.resources 4 1 2024-10-26 21:15:09.806
!MESSAGE 刷新资源时发生了问题
!SUBENTRY 1 org.eclipse.core.resources 4 1 2024-10-26 21:15:09.806
!MESSAGE 自动刷新本机代码 5 时发生了问题。

!ENTRY org.eclipse.core.resources 4 1 2024-10-26 21:15:10.808
!MESSAGE 刷新资源时发生了问题
!SUBENTRY 1 org.eclipse.core.resources 4 1 2024-10-26 21:15:10.808
!MESSAGE 自动刷新本机代码 5 时发生了问题。

!ENTRY org.eclipse.core.resources 4 1 2024-10-26 21:15:11.814
!MESSAGE 刷新资源时发生了问题
!SUBENTRY 1 org.eclipse.core.resources 4 1 2024-10-26 21:15:11.814
!MESSAGE 自动刷新本机代码 5 时发生了问题。

!ENTRY org.eclipse.core.resources 4 1 2024-10-26 21:15:12.816
!MESSAGE 刷新资源时发生了问题
!SUBENTRY 1 org.eclipse.core.resources 4 1 2024-10-26 21:15:12.816
!MESSAGE 自动刷新本机代码 5 时发生了问题。

!ENTRY org.eclipse.core.resources 4 1 2024-10-26 21:15:13.820
!MESSAGE 刷新资源时发生了问题
!SUBENTRY 1 org.eclipse.core.resources 4 1 2024-10-26 21:15:13.820
!MESSAGE 自动刷新本机代码 5 时发生了问题。

!ENTRY org.eclipse.core.resources 4 1 2024-10-26 21:15:14.833
!MESSAGE 刷新资源时发生了问题
!SUBENTRY 1 org.eclipse.core.resources 4 1 2024-10-26 21:15:14.833
!MESSAGE 自动刷新本机代码 5 时发生了问题。

!ENTRY org.eclipse.core.resources 4 1 2024-10-26 21:15:15.838
!MESSAGE 刷新资源时发生了问题
!SUBENTRY 1 org.eclipse.core.resources 4 1 2024-10-26 21:15:15.838
!MESSAGE 自动刷新本机代码 5 时发生了问题。

!ENTRY org.eclipse.core.resources 4 1 2024-10-26 21:15:16.851
!MESSAGE 刷新资源时发生了问题
!SUBENTRY 1 org.eclipse.core.resources 4 1 2024-10-26 21:15:16.851
!MESSAGE 自动刷新本机代码 5 时发生了问题。

!ENTRY org.eclipse.core.resources 4 1 2024-10-26 21:15:17.864
!MESSAGE 刷新资源时发生了问题
!SUBENTRY 1 org.eclipse.core.resources 4 1 2024-10-26 21:15:17.864
!MESSAGE 自动刷新本机代码 5 时发生了问题。

!ENTRY org.eclipse.core.resources 4 1 2024-10-26 21:15:18.879
!MESSAGE 刷新资源时发生了问题
!SUBENTRY 1 org.eclipse.core.resources 4 1 2024-10-26 21:15:18.879
!MESSAGE 自动刷新本机代码 5 时发生了问题。

!ENTRY org.eclipse.core.resources 4 1 2024-10-26 21:15:19.887
!MESSAGE 刷新资源时发生了问题
!SUBENTRY 1 org.eclipse.core.resources 4 1 2024-10-26 21:15:19.887
!MESSAGE 自动刷新本机代码 5 时发生了问题。

!ENTRY org.eclipse.core.resources 4 1 2024-10-26 21:15:20.889
!MESSAGE 刷新资源时发生了问题
!SUBENTRY 1 org.eclipse.core.resources 4 1 2024-10-26 21:15:20.889
!MESSAGE 自动刷新本机代码 5 时发生了问题。

!ENTRY org.eclipse.core.resources 4 1 2024-10-26 21:15:21.904
!MESSAGE 刷新资源时发生了问题
!SUBENTRY 1 org.eclipse.core.resources 4 1 2024-10-26 21:15:21.904
!MESSAGE 自动刷新本机代码 5 时发生了问题。

!ENTRY org.eclipse.core.resources 4 1 2024-10-26 21:15:22.918
!MESSAGE 刷新资源时发生了问题
!SUBENTRY 1 org.eclipse.core.resources 4 1 2024-10-26 21:15:22.918
!MESSAGE 自动刷新本机代码 5 时发生了问题。

!ENTRY org.eclipse.core.resources 4 1 2024-10-26 21:15:23.925
!MESSAGE 刷新资源时发生了问题
!SUBENTRY 1 org.eclipse.core.resources 4 1 2024-10-26 21:15:23.925
!MESSAGE 自动刷新本机代码 5 时发生了问题。

!ENTRY org.eclipse.core.resources 4 1 2024-10-26 21:15:24.936
!MESSAGE 刷新资源时发生了问题
!SUBENTRY 1 org.eclipse.core.resources 4 1 2024-10-26 21:15:24.936
!MESSAGE 自动刷新本机代码 5 时发生了问题。

!ENTRY org.eclipse.core.resources 4 1 2024-10-26 21:15:25.962
!MESSAGE 刷新资源时发生了问题
!SUBENTRY 1 org.eclipse.core.resources 4 1 2024-10-26 21:15:25.962
!MESSAGE 自动刷新本机代码 5 时发生了问题。

!ENTRY org.eclipse.core.resources 4 1 2024-10-26 21:15:26.971
!MESSAGE 刷新资源时发生了问题
!SUBENTRY 1 org.eclipse.core.resources 4 1 2024-10-26 21:15:26.971
!MESSAGE 自动刷新本机代码 5 时发生了问题。

!ENTRY org.eclipse.core.resources 4 1 2024-10-26 21:15:27.987
!MESSAGE 刷新资源时发生了问题
!SUBENTRY 1 org.eclipse.core.resources 4 1 2024-10-26 21:15:27.987
!MESSAGE 自动刷新本机代码 5 时发生了问题。

!ENTRY org.eclipse.core.resources 4 1 2024-10-26 21:15:28.988
!MESSAGE 刷新资源时发生了问题
!SUBENTRY 1 org.eclipse.core.resources 4 1 2024-10-26 21:15:28.988
!MESSAGE 自动刷新本机代码 5 时发生了问题。

!ENTRY org.eclipse.core.resources 4 1 2024-10-26 21:15:29.999
!MESSAGE 刷新资源时发生了问题
!SUBENTRY 1 org.eclipse.core.resources 4 1 2024-10-26 21:15:29.999
!MESSAGE 自动刷新本机代码 5 时发生了问题。

!ENTRY org.eclipse.core.resources 4 1 2024-10-26 21:15:31.013
!MESSAGE 刷新资源时发生了问题
!SUBENTRY 1 org.eclipse.core.resources 4 1 2024-10-26 21:15:31.013
!MESSAGE 自动刷新本机代码 5 时发生了问题。

!ENTRY org.eclipse.core.resources 4 1 2024-10-26 21:15:32.028
!MESSAGE 刷新资源时发生了问题
!SUBENTRY 1 org.eclipse.core.resources 4 1 2024-10-26 21:15:32.028
!MESSAGE 自动刷新本机代码 5 时发生了问题。

!ENTRY org.eclipse.core.resources 4 1 2024-10-26 21:15:33.031
!MESSAGE 刷新资源时发生了问题
!SUBENTRY 1 org.eclipse.core.resources 4 1 2024-10-26 21:15:33.031
!MESSAGE 自动刷新本机代码 5 时发生了问题。

!ENTRY org.eclipse.core.resources 4 1 2024-10-26 21:15:34.042
!MESSAGE 刷新资源时发生了问题
!SUBENTRY 1 org.eclipse.core.resources 4 1 2024-10-26 21:15:34.042
!MESSAGE 自动刷新本机代码 5 时发生了问题。

!ENTRY org.eclipse.core.resources 4 1 2024-10-26 21:15:35.046
!MESSAGE 刷新资源时发生了问题
!SUBENTRY 1 org.eclipse.core.resources 4 1 2024-10-26 21:15:35.046
!MESSAGE 自动刷新本机代码 5 时发生了问题。

!ENTRY org.eclipse.core.resources 4 1 2024-10-26 21:15:36.059
!MESSAGE 刷新资源时发生了问题
!SUBENTRY 1 org.eclipse.core.resources 4 1 2024-10-26 21:15:36.059
!MESSAGE 自动刷新本机代码 5 时发生了问题。

!ENTRY org.eclipse.core.resources 4 1 2024-10-26 21:15:37.060
!MESSAGE 刷新资源时发生了问题
!SUBENTRY 1 org.eclipse.core.resources 4 1 2024-10-26 21:15:37.060
!MESSAGE 自动刷新本机代码 5 时发生了问题。

!ENTRY org.eclipse.core.resources 4 1 2024-10-26 21:15:38.062
!MESSAGE 刷新资源时发生了问题
!SUBENTRY 1 org.eclipse.core.resources 4 1 2024-10-26 21:15:38.062
!MESSAGE 自动刷新本机代码 5 时发生了问题。

!ENTRY org.eclipse.core.resources 4 1 2024-10-26 21:15:39.065
!MESSAGE 刷新资源时发生了问题
!SUBENTRY 1 org.eclipse.core.resources 4 1 2024-10-26 21:15:39.065
!MESSAGE 自动刷新本机代码 5 时发生了问题。

!ENTRY org.eclipse.core.resources 4 1 2024-10-26 21:15:40.067
!MESSAGE 刷新资源时发生了问题
!SUBENTRY 1 org.eclipse.core.resources 4 1 2024-10-26 21:15:40.067
!MESSAGE 自动刷新本机代码 5 时发生了问题。

!ENTRY org.eclipse.core.resources 4 1 2024-10-26 21:15:41.068
!MESSAGE 刷新资源时发生了问题
!SUBENTRY 1 org.eclipse.core.resources 4 1 2024-10-26 21:15:41.068
!MESSAGE 自动刷新本机代码 5 时发生了问题。

!ENTRY org.eclipse.core.resources 4 1 2024-10-26 21:15:42.082
!MESSAGE 刷新资源时发生了问题
!SUBENTRY 1 org.eclipse.core.resources 4 1 2024-10-26 21:15:42.082
!MESSAGE 自动刷新本机代码 5 时发生了问题。

!ENTRY org.eclipse.core.resources 4 1 2024-10-26 21:15:43.090
!MESSAGE 刷新资源时发生了问题
!SUBENTRY 1 org.eclipse.core.resources 4 1 2024-10-26 21:15:43.090
!MESSAGE 自动刷新本机代码 5 时发生了问题。

!ENTRY org.eclipse.core.resources 4 1 2024-10-26 21:15:44.091
!MESSAGE 刷新资源时发生了问题
!SUBENTRY 1 org.eclipse.core.resources 4 1 2024-10-26 21:15:44.091
!MESSAGE 自动刷新本机代码 5 时发生了问题。

!ENTRY org.eclipse.core.resources 4 1 2024-10-26 21:15:45.106
!MESSAGE 刷新资源时发生了问题
!SUBENTRY 1 org.eclipse.core.resources 4 1 2024-10-26 21:15:45.106
!MESSAGE 自动刷新本机代码 5 时发生了问题。

!ENTRY org.eclipse.core.resources 4 1 2024-10-26 21:15:46.107
!MESSAGE 刷新资源时发生了问题
!SUBENTRY 1 org.eclipse.core.resources 4 1 2024-10-26 21:15:46.107
!MESSAGE 自动刷新本机代码 5 时发生了问题。

!ENTRY org.eclipse.core.resources 4 1 2024-10-26 21:15:47.118
!MESSAGE 刷新资源时发生了问题
!SUBENTRY 1 org.eclipse.core.resources 4 1 2024-10-26 21:15:47.118
!MESSAGE 自动刷新本机代码 5 时发生了问题。

!ENTRY org.eclipse.core.resources 4 1 2024-10-26 21:15:48.119
!MESSAGE 刷新资源时发生了问题
!SUBENTRY 1 org.eclipse.core.resources 4 1 2024-10-26 21:15:48.119
!MESSAGE 自动刷新本机代码 5 时发生了问题。

!ENTRY org.eclipse.core.resources 4 1 2024-10-26 21:15:49.125
!MESSAGE 刷新资源时发生了问题
!SUBENTRY 1 org.eclipse.core.resources 4 1 2024-10-26 21:15:49.125
!MESSAGE 自动刷新本机代码 5 时发生了问题。

!ENTRY org.eclipse.core.resources 4 1 2024-10-26 21:15:50.137
!MESSAGE 刷新资源时发生了问题
!SUBENTRY 1 org.eclipse.core.resources 4 1 2024-10-26 21:15:50.137
!MESSAGE 自动刷新本机代码 5 时发生了问题。

!ENTRY org.eclipse.core.resources 4 1 2024-10-26 21:15:51.139
!MESSAGE 刷新资源时发生了问题
!SUBENTRY 1 org.eclipse.core.resources 4 1 2024-10-26 21:15:51.139
!MESSAGE 自动刷新本机代码 5 时发生了问题。

!ENTRY org.eclipse.core.resources 4 1 2024-10-26 21:15:52.151
!MESSAGE 刷新资源时发生了问题
!SUBENTRY 1 org.eclipse.core.resources 4 1 2024-10-26 21:15:52.151
!MESSAGE 自动刷新本机代码 5 时发生了问题。

!ENTRY org.eclipse.core.resources 4 1 2024-10-26 21:15:53.158
!MESSAGE 刷新资源时发生了问题
!SUBENTRY 1 org.eclipse.core.resources 4 1 2024-10-26 21:15:53.158
!MESSAGE 自动刷新本机代码 5 时发生了问题。

!ENTRY org.eclipse.core.resources 4 1 2024-10-26 21:15:54.172
!MESSAGE 刷新资源时发生了问题
!SUBENTRY 1 org.eclipse.core.resources 4 1 2024-10-26 21:15:54.172
!MESSAGE 自动刷新本机代码 5 时发生了问题。

!ENTRY org.eclipse.core.resources 4 1 2024-10-26 21:15:55.173
!MESSAGE 刷新资源时发生了问题
!SUBENTRY 1 org.eclipse.core.resources 4 1 2024-10-26 21:15:55.173
!MESSAGE 自动刷新本机代码 5 时发生了问题。

!ENTRY org.eclipse.core.resources 4 1 2024-10-26 21:15:56.187
!MESSAGE 刷新资源时发生了问题
!SUBENTRY 1 org.eclipse.core.resources 4 1 2024-10-26 21:15:56.187
!MESSAGE 自动刷新本机代码 5 时发生了问题。

!ENTRY org.eclipse.core.resources 4 1 2024-10-26 21:15:57.190
!MESSAGE 刷新资源时发生了问题
!SUBENTRY 1 org.eclipse.core.resources 4 1 2024-10-26 21:15:57.190
!MESSAGE 自动刷新本机代码 5 时发生了问题。

!ENTRY org.eclipse.core.resources 4 1 2024-10-26 21:15:58.193
!MESSAGE 刷新资源时发生了问题
!SUBENTRY 1 org.eclipse.core.resources 4 1 2024-10-26 21:15:58.193
!MESSAGE 自动刷新本机代码 5 时发生了问题。

!ENTRY org.eclipse.core.resources 4 1 2024-10-26 21:15:59.207
!MESSAGE 刷新资源时发生了问题
!SUBENTRY 1 org.eclipse.core.resources 4 1 2024-10-26 21:15:59.207
!MESSAGE 自动刷新本机代码 5 时发生了问题。

!ENTRY org.eclipse.core.resources 4 1 2024-10-26 21:16:00.269
!MESSAGE 刷新资源时发生了问题
!SUBENTRY 1 org.eclipse.core.resources 4 1 2024-10-26 21:16:00.269
!MESSAGE 自动刷新本机代码 5 时发生了问题。

!ENTRY org.eclipse.core.resources 4 1 2024-10-26 21:16:01.330
!MESSAGE 刷新资源时发生了问题
!SUBENTRY 1 org.eclipse.core.resources 4 1 2024-10-26 21:16:01.330
!MESSAGE 自动刷新本机代码 5 时发生了问题。

!ENTRY org.eclipse.core.resources 4 1 2024-10-26 21:16:02.343
!MESSAGE 刷新资源时发生了问题
!SUBENTRY 1 org.eclipse.core.resources 4 1 2024-10-26 21:16:02.343
!MESSAGE 自动刷新本机代码 5 时发生了问题。

!ENTRY org.eclipse.core.resources 4 1 2024-10-26 21:16:03.345
!MESSAGE 刷新资源时发生了问题
!SUBENTRY 1 org.eclipse.core.resources 4 1 2024-10-26 21:16:03.345
!MESSAGE 自动刷新本机代码 5 时发生了问题。

!ENTRY org.eclipse.core.resources 4 1 2024-10-26 21:16:04.347
!MESSAGE 刷新资源时发生了问题
!SUBENTRY 1 org.eclipse.core.resources 4 1 2024-10-26 21:16:04.347
!MESSAGE 自动刷新本机代码 5 时发生了问题。

!ENTRY org.eclipse.core.resources 4 1 2024-10-26 21:16:05.359
!MESSAGE 刷新资源时发生了问题
!SUBENTRY 1 org.eclipse.core.resources 4 1 2024-10-26 21:16:05.359
!MESSAGE 自动刷新本机代码 5 时发生了问题。

!ENTRY org.eclipse.core.resources 4 1 2024-10-26 21:16:06.373
!MESSAGE 刷新资源时发生了问题
!SUBENTRY 1 org.eclipse.core.resources 4 1 2024-10-26 21:16:06.373
!MESSAGE 自动刷新本机代码 5 时发生了问题。

!ENTRY org.eclipse.core.resources 4 1 2024-10-26 21:16:07.386
!MESSAGE 刷新资源时发生了问题
!SUBENTRY 1 org.eclipse.core.resources 4 1 2024-10-26 21:16:07.386
!MESSAGE 自动刷新本机代码 5 时发生了问题。

!ENTRY org.eclipse.core.resources 4 1 2024-10-26 21:16:08.399
!MESSAGE 刷新资源时发生了问题
!SUBENTRY 1 org.eclipse.core.resources 4 1 2024-10-26 21:16:08.399
!MESSAGE 自动刷新本机代码 5 时发生了问题。

!ENTRY org.eclipse.core.resources 4 1 2024-10-26 21:16:09.403
!MESSAGE 刷新资源时发生了问题
!SUBENTRY 1 org.eclipse.core.resources 4 1 2024-10-26 21:16:09.403
!MESSAGE 自动刷新本机代码 5 时发生了问题。

!ENTRY org.eclipse.core.resources 4 1 2024-10-26 21:16:10.415
!MESSAGE 刷新资源时发生了问题
!SUBENTRY 1 org.eclipse.core.resources 4 1 2024-10-26 21:16:10.415
!MESSAGE 自动刷新本机代码 5 时发生了问题。

!ENTRY org.eclipse.core.resources 4 1 2024-10-26 21:16:11.417
!MESSAGE 刷新资源时发生了问题
!SUBENTRY 1 org.eclipse.core.resources 4 1 2024-10-26 21:16:11.417
!MESSAGE 自动刷新本机代码 5 时发生了问题。

!ENTRY org.eclipse.core.resources 4 1 2024-10-26 21:16:12.430
!MESSAGE 刷新资源时发生了问题
!SUBENTRY 1 org.eclipse.core.resources 4 1 2024-10-26 21:16:12.430
!MESSAGE 自动刷新本机代码 5 时发生了问题。

!ENTRY org.eclipse.core.resources 4 1 2024-10-26 21:16:13.490
!MESSAGE 刷新资源时发生了问题
!SUBENTRY 1 org.eclipse.core.resources 4 1 2024-10-26 21:16:13.490
!MESSAGE 自动刷新本机代码 5 时发生了问题。

!ENTRY org.eclipse.core.resources 4 1 2024-10-26 21:16:14.491
!MESSAGE 刷新资源时发生了问题
!SUBENTRY 1 org.eclipse.core.resources 4 1 2024-10-26 21:16:14.491
!MESSAGE 自动刷新本机代码 5 时发生了问题。

!ENTRY org.eclipse.core.resources 4 1 2024-10-26 21:16:15.503
!MESSAGE 刷新资源时发生了问题
!SUBENTRY 1 org.eclipse.core.resources 4 1 2024-10-26 21:16:15.503
!MESSAGE 自动刷新本机代码 5 时发生了问题。

!ENTRY org.eclipse.core.resources 4 1 2024-10-26 21:16:16.513
!MESSAGE 刷新资源时发生了问题
!SUBENTRY 1 org.eclipse.core.resources 4 1 2024-10-26 21:16:16.513
!MESSAGE 自动刷新本机代码 5 时发生了问题。

!ENTRY org.eclipse.core.resources 4 1 2024-10-26 21:16:17.514
!MESSAGE 刷新资源时发生了问题
!SUBENTRY 1 org.eclipse.core.resources 4 1 2024-10-26 21:16:17.514
!MESSAGE 自动刷新本机代码 5 时发生了问题。

!ENTRY org.eclipse.core.resources 4 1 2024-10-26 21:16:18.520
!MESSAGE 刷新资源时发生了问题
!SUBENTRY 1 org.eclipse.core.resources 4 1 2024-10-26 21:16:18.520
!MESSAGE 自动刷新本机代码 5 时发生了问题。

!ENTRY org.eclipse.core.resources 4 1 2024-10-26 21:16:19.533
!MESSAGE 刷新资源时发生了问题
!SUBENTRY 1 org.eclipse.core.resources 4 1 2024-10-26 21:16:19.533
!MESSAGE 自动刷新本机代码 5 时发生了问题。

!ENTRY org.eclipse.core.resources 4 1 2024-10-26 21:16:20.535
!MESSAGE 刷新资源时发生了问题
!SUBENTRY 1 org.eclipse.core.resources 4 1 2024-10-26 21:16:20.535
!MESSAGE 自动刷新本机代码 5 时发生了问题。

!ENTRY org.eclipse.core.resources 4 1 2024-10-26 21:16:21.551
!MESSAGE 刷新资源时发生了问题
!SUBENTRY 1 org.eclipse.core.resources 4 1 2024-10-26 21:16:21.551
!MESSAGE 自动刷新本机代码 5 时发生了问题。

!ENTRY org.eclipse.core.resources 4 1 2024-10-26 21:16:22.564
!MESSAGE 刷新资源时发生了问题
!SUBENTRY 1 org.eclipse.core.resources 4 1 2024-10-26 21:16:22.564
!MESSAGE 自动刷新本机代码 5 时发生了问题。

!ENTRY org.eclipse.core.resources 4 1 2024-10-26 21:16:23.572
!MESSAGE 刷新资源时发生了问题
!SUBENTRY 1 org.eclipse.core.resources 4 1 2024-10-26 21:16:23.572
!MESSAGE 自动刷新本机代码 5 时发生了问题。

!ENTRY org.eclipse.core.resources 4 1 2024-10-26 21:16:24.583
!MESSAGE 刷新资源时发生了问题
!SUBENTRY 1 org.eclipse.core.resources 4 1 2024-10-26 21:16:24.583
!MESSAGE 自动刷新本机代码 5 时发生了问题。

!ENTRY org.eclipse.core.resources 4 1 2024-10-26 21:16:25.586
!MESSAGE 刷新资源时发生了问题
!SUBENTRY 1 org.eclipse.core.resources 4 1 2024-10-26 21:16:25.586
!MESSAGE 自动刷新本机代码 5 时发生了问题。

!ENTRY org.eclipse.core.resources 4 1 2024-10-26 21:16:26.600
!MESSAGE 刷新资源时发生了问题
!SUBENTRY 1 org.eclipse.core.resources 4 1 2024-10-26 21:16:26.600
!MESSAGE 自动刷新本机代码 5 时发生了问题。

!ENTRY org.eclipse.core.resources 4 1 2024-10-26 21:16:27.605
!MESSAGE 刷新资源时发生了问题
!SUBENTRY 1 org.eclipse.core.resources 4 1 2024-10-26 21:16:27.605
!MESSAGE 自动刷新本机代码 5 时发生了问题。

!ENTRY org.eclipse.core.resources 4 1 2024-10-26 21:16:28.608
!MESSAGE 刷新资源时发生了问题
!SUBENTRY 1 org.eclipse.core.resources 4 1 2024-10-26 21:16:28.608
!MESSAGE 自动刷新本机代码 5 时发生了问题。

!ENTRY org.eclipse.core.resources 4 1 2024-10-26 21:16:29.613
!MESSAGE 刷新资源时发生了问题
!SUBENTRY 1 org.eclipse.core.resources 4 1 2024-10-26 21:16:29.613
!MESSAGE 自动刷新本机代码 5 时发生了问题。

!ENTRY org.eclipse.core.resources 4 1 2024-10-26 21:16:30.627
!MESSAGE 刷新资源时发生了问题
!SUBENTRY 1 org.eclipse.core.resources 4 1 2024-10-26 21:16:30.628
!MESSAGE 自动刷新本机代码 5 时发生了问题。

!ENTRY org.eclipse.core.resources 4 1 2024-10-26 21:16:31.642
!MESSAGE 刷新资源时发生了问题
!SUBENTRY 1 org.eclipse.core.resources 4 1 2024-10-26 21:16:31.642
!MESSAGE 自动刷新本机代码 5 时发生了问题。

!ENTRY org.eclipse.core.resources 4 1 2024-10-26 21:16:32.644
!MESSAGE 刷新资源时发生了问题
!SUBENTRY 1 org.eclipse.core.resources 4 1 2024-10-26 21:16:32.644
!MESSAGE 自动刷新本机代码 5 时发生了问题。

!ENTRY org.eclipse.core.resources 4 1 2024-10-26 21:16:33.647
!MESSAGE 刷新资源时发生了问题
!SUBENTRY 1 org.eclipse.core.resources 4 1 2024-10-26 21:16:33.647
!MESSAGE 自动刷新本机代码 5 时发生了问题。

!ENTRY org.eclipse.core.resources 4 1 2024-10-26 21:16:34.649
!MESSAGE 刷新资源时发生了问题
!SUBENTRY 1 org.eclipse.core.resources 4 1 2024-10-26 21:16:34.649
!MESSAGE 自动刷新本机代码 5 时发生了问题。

!ENTRY org.eclipse.core.resources 4 1 2024-10-26 21:16:35.664
!MESSAGE 刷新资源时发生了问题
!SUBENTRY 1 org.eclipse.core.resources 4 1 2024-10-26 21:16:35.664
!MESSAGE 自动刷新本机代码 5 时发生了问题。

!ENTRY org.eclipse.core.resources 4 1 2024-10-26 21:16:36.677
!MESSAGE 刷新资源时发生了问题
!SUBENTRY 1 org.eclipse.core.resources 4 1 2024-10-26 21:16:36.677
!MESSAGE 自动刷新本机代码 5 时发生了问题。

!ENTRY org.eclipse.core.resources 4 1 2024-10-26 21:16:37.678
!MESSAGE 刷新资源时发生了问题
!SUBENTRY 1 org.eclipse.core.resources 4 1 2024-10-26 21:16:37.678
!MESSAGE 自动刷新本机代码 5 时发生了问题。

!ENTRY org.eclipse.core.resources 4 1 2024-10-26 21:16:38.688
!MESSAGE 刷新资源时发生了问题
!SUBENTRY 1 org.eclipse.core.resources 4 1 2024-10-26 21:16:38.688
!MESSAGE 自动刷新本机代码 5 时发生了问题。

!ENTRY org.eclipse.core.resources 4 1 2024-10-26 21:16:39.699
!MESSAGE 刷新资源时发生了问题
!SUBENTRY 1 org.eclipse.core.resources 4 1 2024-10-26 21:16:39.699
!MESSAGE 自动刷新本机代码 5 时发生了问题。

!ENTRY org.eclipse.core.resources 4 1 2024-10-26 21:16:40.705
!MESSAGE 刷新资源时发生了问题
!SUBENTRY 1 org.eclipse.core.resources 4 1 2024-10-26 21:16:40.705
!MESSAGE 自动刷新本机代码 5 时发生了问题。

!ENTRY org.eclipse.core.resources 4 1 2024-10-26 21:16:41.718
!MESSAGE 刷新资源时发生了问题
!SUBENTRY 1 org.eclipse.core.resources 4 1 2024-10-26 21:16:41.718
!MESSAGE 自动刷新本机代码 5 时发生了问题。

!ENTRY org.eclipse.core.resources 4 1 2024-10-26 21:16:42.732
!MESSAGE 刷新资源时发生了问题
!SUBENTRY 1 org.eclipse.core.resources 4 1 2024-10-26 21:16:42.732
!MESSAGE 自动刷新本机代码 5 时发生了问题。

!ENTRY org.eclipse.core.resources 4 1 2024-10-26 21:16:43.792
!MESSAGE 刷新资源时发生了问题
!SUBENTRY 1 org.eclipse.core.resources 4 1 2024-10-26 21:16:43.792
!MESSAGE 自动刷新本机代码 5 时发生了问题。

!ENTRY org.eclipse.core.resources 4 1 2024-10-26 21:16:44.795
!MESSAGE 刷新资源时发生了问题
!SUBENTRY 1 org.eclipse.core.resources 4 1 2024-10-26 21:16:44.795
!MESSAGE 自动刷新本机代码 5 时发生了问题。

!ENTRY org.eclipse.core.resources 4 1 2024-10-26 21:16:45.856
!MESSAGE 刷新资源时发生了问题
!SUBENTRY 1 org.eclipse.core.resources 4 1 2024-10-26 21:16:45.856
!MESSAGE 自动刷新本机代码 5 时发生了问题。

!ENTRY org.eclipse.core.resources 4 1 2024-10-26 21:16:46.870
!MESSAGE 刷新资源时发生了问题
!SUBENTRY 1 org.eclipse.core.resources 4 1 2024-10-26 21:16:46.870
!MESSAGE 自动刷新本机代码 5 时发生了问题。

!ENTRY org.eclipse.core.resources 4 1 2024-10-26 21:16:47.873
!MESSAGE 刷新资源时发生了问题
!SUBENTRY 1 org.eclipse.core.resources 4 1 2024-10-26 21:16:47.873
!MESSAGE 自动刷新本机代码 5 时发生了问题。

!ENTRY org.eclipse.core.resources 4 1 2024-10-26 21:16:48.934
!MESSAGE 刷新资源时发生了问题
!SUBENTRY 1 org.eclipse.core.resources 4 1 2024-10-26 21:16:48.934
!MESSAGE 自动刷新本机代码 5 时发生了问题。

!ENTRY org.eclipse.core.resources 4 1 2024-10-26 21:16:49.949
!MESSAGE 刷新资源时发生了问题
!SUBENTRY 1 org.eclipse.core.resources 4 1 2024-10-26 21:16:49.949
!MESSAGE 自动刷新本机代码 5 时发生了问题。

!ENTRY org.eclipse.core.resources 4 1 2024-10-26 21:16:50.951
!MESSAGE 刷新资源时发生了问题
!SUBENTRY 1 org.eclipse.core.resources 4 1 2024-10-26 21:16:50.951
!MESSAGE 自动刷新本机代码 5 时发生了问题。

!ENTRY org.eclipse.core.resources 4 1 2024-10-26 21:16:51.964
!MESSAGE 刷新资源时发生了问题
!SUBENTRY 1 org.eclipse.core.resources 4 1 2024-10-26 21:16:51.964
!MESSAGE 自动刷新本机代码 5 时发生了问题。

!ENTRY org.eclipse.core.resources 4 1 2024-10-26 21:16:52.969
!MESSAGE 刷新资源时发生了问题
!SUBENTRY 1 org.eclipse.core.resources 4 1 2024-10-26 21:16:52.969
!MESSAGE 自动刷新本机代码 5 时发生了问题。

!ENTRY org.eclipse.core.resources 4 1 2024-10-26 21:16:53.970
!MESSAGE 刷新资源时发生了问题
!SUBENTRY 1 org.eclipse.core.resources 4 1 2024-10-26 21:16:53.970
!MESSAGE 自动刷新本机代码 5 时发生了问题。

!ENTRY org.eclipse.core.resources 4 1 2024-10-26 21:16:54.985
!MESSAGE 刷新资源时发生了问题
!SUBENTRY 1 org.eclipse.core.resources 4 1 2024-10-26 21:16:54.985
!MESSAGE 自动刷新本机代码 5 时发生了问题。

!ENTRY org.eclipse.core.resources 4 1 2024-10-26 21:16:55.990
!MESSAGE 刷新资源时发生了问题
!SUBENTRY 1 org.eclipse.core.resources 4 1 2024-10-26 21:16:55.990
!MESSAGE 自动刷新本机代码 5 时发生了问题。

!ENTRY org.eclipse.core.resources 4 1 2024-10-26 21:16:57.003
!MESSAGE 刷新资源时发生了问题
!SUBENTRY 1 org.eclipse.core.resources 4 1 2024-10-26 21:16:57.003
!MESSAGE 自动刷新本机代码 5 时发生了问题。

!ENTRY org.eclipse.core.resources 4 1 2024-10-26 21:16:58.018
!MESSAGE 刷新资源时发生了问题
!SUBENTRY 1 org.eclipse.core.resources 4 1 2024-10-26 21:16:58.018
!MESSAGE 自动刷新本机代码 5 时发生了问题。

!ENTRY org.eclipse.core.resources 4 1 2024-10-26 21:16:59.079
!MESSAGE 刷新资源时发生了问题
!SUBENTRY 1 org.eclipse.core.resources 4 1 2024-10-26 21:16:59.079
!MESSAGE 自动刷新本机代码 5 时发生了问题。

!ENTRY org.eclipse.core.resources 4 1 2024-10-26 21:17:00.082
!MESSAGE 刷新资源时发生了问题
!SUBENTRY 1 org.eclipse.core.resources 4 1 2024-10-26 21:17:00.082
!MESSAGE 自动刷新本机代码 5 时发生了问题。

!ENTRY org.eclipse.core.resources 4 1 2024-10-26 21:17:01.087
!MESSAGE 刷新资源时发生了问题
!SUBENTRY 1 org.eclipse.core.resources 4 1 2024-10-26 21:17:01.087
!MESSAGE 自动刷新本机代码 5 时发生了问题。

!ENTRY org.eclipse.core.resources 4 1 2024-10-26 21:17:02.088
!MESSAGE 刷新资源时发生了问题
!SUBENTRY 1 org.eclipse.core.resources 4 1 2024-10-26 21:17:02.088
!MESSAGE 自动刷新本机代码 5 时发生了问题。

!ENTRY org.eclipse.core.resources 4 1 2024-10-26 21:17:03.095
!MESSAGE 刷新资源时发生了问题
!SUBENTRY 1 org.eclipse.core.resources 4 1 2024-10-26 21:17:03.095
!MESSAGE 自动刷新本机代码 5 时发生了问题。

!ENTRY org.eclipse.core.resources 4 1 2024-10-26 21:17:04.097
!MESSAGE 刷新资源时发生了问题
!SUBENTRY 1 org.eclipse.core.resources 4 1 2024-10-26 21:17:04.097
!MESSAGE 自动刷新本机代码 5 时发生了问题。

!ENTRY org.eclipse.core.resources 4 1 2024-10-26 21:17:05.113
!MESSAGE 刷新资源时发生了问题
!SUBENTRY 1 org.eclipse.core.resources 4 1 2024-10-26 21:17:05.113
!MESSAGE 自动刷新本机代码 5 时发生了问题。

!ENTRY org.eclipse.core.resources 4 1 2024-10-26 21:17:06.121
!MESSAGE 刷新资源时发生了问题
!SUBENTRY 1 org.eclipse.core.resources 4 1 2024-10-26 21:17:06.121
!MESSAGE 自动刷新本机代码 5 时发生了问题。

!ENTRY org.eclipse.core.resources 4 1 2024-10-26 21:17:07.136
!MESSAGE 刷新资源时发生了问题
!SUBENTRY 1 org.eclipse.core.resources 4 1 2024-10-26 21:17:07.136
!MESSAGE 自动刷新本机代码 5 时发生了问题。

!ENTRY org.eclipse.core.resources 4 1 2024-10-26 21:17:08.150
!MESSAGE 刷新资源时发生了问题
!SUBENTRY 1 org.eclipse.core.resources 4 1 2024-10-26 21:17:08.150
!MESSAGE 自动刷新本机代码 5 时发生了问题。

!ENTRY org.eclipse.core.resources 4 1 2024-10-26 21:17:09.164
!MESSAGE 刷新资源时发生了问题
!SUBENTRY 1 org.eclipse.core.resources 4 1 2024-10-26 21:17:09.164
!MESSAGE 自动刷新本机代码 5 时发生了问题。

!ENTRY org.eclipse.core.resources 4 1 2024-10-26 21:17:10.165
!MESSAGE 刷新资源时发生了问题
!SUBENTRY 1 org.eclipse.core.resources 4 1 2024-10-26 21:17:10.165
!MESSAGE 自动刷新本机代码 5 时发生了问题。

!ENTRY org.eclipse.core.resources 4 1 2024-10-26 21:17:11.172
!MESSAGE 刷新资源时发生了问题
!SUBENTRY 1 org.eclipse.core.resources 4 1 2024-10-26 21:17:11.172
!MESSAGE 自动刷新本机代码 5 时发生了问题。

!ENTRY org.eclipse.core.resources 4 1 2024-10-26 21:17:12.176
!MESSAGE 刷新资源时发生了问题
!SUBENTRY 1 org.eclipse.core.resources 4 1 2024-10-26 21:17:12.176
!MESSAGE 自动刷新本机代码 5 时发生了问题。

!ENTRY org.eclipse.core.resources 4 1 2024-10-26 21:17:13.237
!MESSAGE 刷新资源时发生了问题
!SUBENTRY 1 org.eclipse.core.resources 4 1 2024-10-26 21:17:13.237
!MESSAGE 自动刷新本机代码 5 时发生了问题。

!ENTRY org.eclipse.core.resources 4 1 2024-10-26 21:17:14.238
!MESSAGE 刷新资源时发生了问题
!SUBENTRY 1 org.eclipse.core.resources 4 1 2024-10-26 21:17:14.238
!MESSAGE 自动刷新本机代码 5 时发生了问题。

!ENTRY org.eclipse.core.resources 4 1 2024-10-26 21:17:15.252
!MESSAGE 刷新资源时发生了问题
!SUBENTRY 1 org.eclipse.core.resources 4 1 2024-10-26 21:17:15.252
!MESSAGE 自动刷新本机代码 5 时发生了问题。

!ENTRY org.eclipse.core.resources 4 1 2024-10-26 21:17:16.257
!MESSAGE 刷新资源时发生了问题
!SUBENTRY 1 org.eclipse.core.resources 4 1 2024-10-26 21:17:16.257
!MESSAGE 自动刷新本机代码 5 时发生了问题。

!ENTRY org.eclipse.core.resources 4 1 2024-10-26 21:17:17.261
!MESSAGE 刷新资源时发生了问题
!SUBENTRY 1 org.eclipse.core.resources 4 1 2024-10-26 21:17:17.261
!MESSAGE 自动刷新本机代码 5 时发生了问题。

!ENTRY org.eclipse.core.resources 4 1 2024-10-26 21:17:18.271
!MESSAGE 刷新资源时发生了问题
!SUBENTRY 1 org.eclipse.core.resources 4 1 2024-10-26 21:17:18.271
!MESSAGE 自动刷新本机代码 5 时发生了问题。

!ENTRY org.eclipse.core.resources 4 1 2024-10-26 21:17:19.332
!MESSAGE 刷新资源时发生了问题
!SUBENTRY 1 org.eclipse.core.resources 4 1 2024-10-26 21:17:19.332
!MESSAGE 自动刷新本机代码 5 时发生了问题。

!ENTRY org.eclipse.core.resources 4 1 2024-10-26 21:17:20.347
!MESSAGE 刷新资源时发生了问题
!SUBENTRY 1 org.eclipse.core.resources 4 1 2024-10-26 21:17:20.347
!MESSAGE 自动刷新本机代码 5 时发生了问题。

!ENTRY org.eclipse.core.resources 4 1 2024-10-26 21:17:21.359
!MESSAGE 刷新资源时发生了问题
!SUBENTRY 1 org.eclipse.core.resources 4 1 2024-10-26 21:17:21.359
!MESSAGE 自动刷新本机代码 5 时发生了问题。

!ENTRY org.eclipse.core.resources 4 1 2024-10-26 21:17:22.374
!MESSAGE 刷新资源时发生了问题
!SUBENTRY 1 org.eclipse.core.resources 4 1 2024-10-26 21:17:22.374
!MESSAGE 自动刷新本机代码 5 时发生了问题。

!ENTRY org.eclipse.core.resources 4 1 2024-10-26 21:17:23.375
!MESSAGE 刷新资源时发生了问题
!SUBENTRY 1 org.eclipse.core.resources 4 1 2024-10-26 21:17:23.375
!MESSAGE 自动刷新本机代码 5 时发生了问题。

!ENTRY org.eclipse.core.resources 4 1 2024-10-26 21:17:24.387
!MESSAGE 刷新资源时发生了问题
!SUBENTRY 1 org.eclipse.core.resources 4 1 2024-10-26 21:17:24.387
!MESSAGE 自动刷新本机代码 5 时发生了问题。

!ENTRY org.eclipse.core.resources 4 1 2024-10-26 21:17:25.388
!MESSAGE 刷新资源时发生了问题
!SUBENTRY 1 org.eclipse.core.resources 4 1 2024-10-26 21:17:25.388
!MESSAGE 自动刷新本机代码 5 时发生了问题。

!ENTRY org.eclipse.core.resources 4 1 2024-10-26 21:17:26.391
!MESSAGE 刷新资源时发生了问题
!SUBENTRY 1 org.eclipse.core.resources 4 1 2024-10-26 21:17:26.391
!MESSAGE 自动刷新本机代码 5 时发生了问题。

!ENTRY org.eclipse.core.resources 4 1 2024-10-26 21:17:27.404
!MESSAGE 刷新资源时发生了问题
!SUBENTRY 1 org.eclipse.core.resources 4 1 2024-10-26 21:17:27.404
!MESSAGE 自动刷新本机代码 5 时发生了问题。

!ENTRY org.eclipse.core.resources 4 1 2024-10-26 21:17:28.415
!MESSAGE 刷新资源时发生了问题
!SUBENTRY 1 org.eclipse.core.resources 4 1 2024-10-26 21:17:28.415
!MESSAGE 自动刷新本机代码 5 时发生了问题。

!ENTRY org.eclipse.core.resources 4 1 2024-10-26 21:17:29.490
!MESSAGE 刷新资源时发生了问题
!SUBENTRY 1 org.eclipse.core.resources 4 1 2024-10-26 21:17:29.490
!MESSAGE 自动刷新本机代码 5 时发生了问题。

!ENTRY org.eclipse.core.resources 4 1 2024-10-26 21:17:30.499
!MESSAGE 刷新资源时发生了问题
!SUBENTRY 1 org.eclipse.core.resources 4 1 2024-10-26 21:17:30.499
!MESSAGE 自动刷新本机代码 5 时发生了问题。

!ENTRY org.eclipse.core.resources 4 1 2024-10-26 21:17:31.511
!MESSAGE 刷新资源时发生了问题
!SUBENTRY 1 org.eclipse.core.resources 4 1 2024-10-26 21:17:31.511
!MESSAGE 自动刷新本机代码 5 时发生了问题。

!ENTRY org.eclipse.core.resources 4 1 2024-10-26 21:17:32.514
!MESSAGE 刷新资源时发生了问题
!SUBENTRY 1 org.eclipse.core.resources 4 1 2024-10-26 21:17:32.514
!MESSAGE 自动刷新本机代码 5 时发生了问题。

!ENTRY org.eclipse.core.resources 4 1 2024-10-26 21:17:33.515
!MESSAGE 刷新资源时发生了问题
!SUBENTRY 1 org.eclipse.core.resources 4 1 2024-10-26 21:17:33.515
!MESSAGE 自动刷新本机代码 5 时发生了问题。

!ENTRY org.eclipse.core.resources 4 1 2024-10-26 21:17:34.519
!MESSAGE 刷新资源时发生了问题
!SUBENTRY 1 org.eclipse.core.resources 4 1 2024-10-26 21:17:34.519
!MESSAGE 自动刷新本机代码 5 时发生了问题。

!ENTRY org.eclipse.core.resources 4 1 2024-10-26 21:17:35.520
!MESSAGE 刷新资源时发生了问题
!SUBENTRY 1 org.eclipse.core.resources 4 1 2024-10-26 21:17:35.520
!MESSAGE 自动刷新本机代码 5 时发生了问题。

!ENTRY org.eclipse.core.resources 4 1 2024-10-26 21:17:36.523
!MESSAGE 刷新资源时发生了问题
!SUBENTRY 1 org.eclipse.core.resources 4 1 2024-10-26 21:17:36.523
!MESSAGE 自动刷新本机代码 5 时发生了问题。

!ENTRY org.eclipse.core.resources 4 1 2024-10-26 21:17:37.537
!MESSAGE 刷新资源时发生了问题
!SUBENTRY 1 org.eclipse.core.resources 4 1 2024-10-26 21:17:37.537
!MESSAGE 自动刷新本机代码 5 时发生了问题。

!ENTRY org.eclipse.core.resources 4 1 2024-10-26 21:17:38.540
!MESSAGE 刷新资源时发生了问题
!SUBENTRY 1 org.eclipse.core.resources 4 1 2024-10-26 21:17:38.540
!MESSAGE 自动刷新本机代码 5 时发生了问题。

!ENTRY org.eclipse.core.resources 4 1 2024-10-26 21:17:39.542
!MESSAGE 刷新资源时发生了问题
!SUBENTRY 1 org.eclipse.core.resources 4 1 2024-10-26 21:17:39.542
!MESSAGE 自动刷新本机代码 5 时发生了问题。

!ENTRY org.eclipse.core.resources 4 1 2024-10-26 21:17:40.548
!MESSAGE 刷新资源时发生了问题
!SUBENTRY 1 org.eclipse.core.resources 4 1 2024-10-26 21:17:40.548
!MESSAGE 自动刷新本机代码 5 时发生了问题。

!ENTRY org.eclipse.core.resources 4 1 2024-10-26 21:17:41.550
!MESSAGE 刷新资源时发生了问题
!SUBENTRY 1 org.eclipse.core.resources 4 1 2024-10-26 21:17:41.550
!MESSAGE 自动刷新本机代码 5 时发生了问题。

!ENTRY org.eclipse.core.resources 4 1 2024-10-26 21:17:42.555
!MESSAGE 刷新资源时发生了问题
!SUBENTRY 1 org.eclipse.core.resources 4 1 2024-10-26 21:17:42.555
!MESSAGE 自动刷新本机代码 5 时发生了问题。

!ENTRY org.eclipse.core.resources 4 1 2024-10-26 21:17:43.616
!MESSAGE 刷新资源时发生了问题
!SUBENTRY 1 org.eclipse.core.resources 4 1 2024-10-26 21:17:43.616
!MESSAGE 自动刷新本机代码 5 时发生了问题。

!ENTRY org.eclipse.core.resources 4 1 2024-10-26 21:17:44.628
!MESSAGE 刷新资源时发生了问题
!SUBENTRY 1 org.eclipse.core.resources 4 1 2024-10-26 21:17:44.628
!MESSAGE 自动刷新本机代码 5 时发生了问题。

!ENTRY org.eclipse.core.resources 4 1 2024-10-26 21:17:45.629
!MESSAGE 刷新资源时发生了问题
!SUBENTRY 1 org.eclipse.core.resources 4 1 2024-10-26 21:17:45.629
!MESSAGE 自动刷新本机代码 5 时发生了问题。

!ENTRY org.eclipse.core.resources 4 1 2024-10-26 21:17:46.630
!MESSAGE 刷新资源时发生了问题
!SUBENTRY 1 org.eclipse.core.resources 4 1 2024-10-26 21:17:46.630
!MESSAGE 自动刷新本机代码 5 时发生了问题。

!ENTRY org.eclipse.core.resources 4 1 2024-10-26 21:17:47.640
!MESSAGE 刷新资源时发生了问题
!SUBENTRY 1 org.eclipse.core.resources 4 1 2024-10-26 21:17:47.640
!MESSAGE 自动刷新本机代码 5 时发生了问题。

!ENTRY org.eclipse.core.resources 4 1 2024-10-26 21:17:48.691
!MESSAGE 刷新资源时发生了问题
!SUBENTRY 1 org.eclipse.core.resources 4 1 2024-10-26 21:17:48.691
!MESSAGE 自动刷新本机代码 5 时发生了问题。

!ENTRY org.eclipse.core.resources 4 1 2024-10-26 21:17:49.692
!MESSAGE 刷新资源时发生了问题
!SUBENTRY 1 org.eclipse.core.resources 4 1 2024-10-26 21:17:49.692
!MESSAGE 自动刷新本机代码 5 时发生了问题。

!ENTRY org.eclipse.core.resources 4 1 2024-10-26 21:17:50.693
!MESSAGE 刷新资源时发生了问题
!SUBENTRY 1 org.eclipse.core.resources 4 1 2024-10-26 21:17:50.693
!MESSAGE 自动刷新本机代码 5 时发生了问题。

!ENTRY org.eclipse.core.resources 4 1 2024-10-26 21:17:51.743
!MESSAGE 刷新资源时发生了问题
!SUBENTRY 1 org.eclipse.core.resources 4 1 2024-10-26 21:17:51.743
!MESSAGE 自动刷新本机代码 5 时发生了问题。

!ENTRY org.eclipse.core.resources 4 1 2024-10-26 21:17:52.745
!MESSAGE 刷新资源时发生了问题
!SUBENTRY 1 org.eclipse.core.resources 4 1 2024-10-26 21:17:52.745
!MESSAGE 自动刷新本机代码 5 时发生了问题。

!ENTRY org.eclipse.core.resources 4 1 2024-10-26 21:17:53.796
!MESSAGE 刷新资源时发生了问题
!SUBENTRY 1 org.eclipse.core.resources 4 1 2024-10-26 21:17:53.796
!MESSAGE 自动刷新本机代码 5 时发生了问题。

!ENTRY org.eclipse.core.resources 4 1 2024-10-26 21:17:54.797
!MESSAGE 刷新资源时发生了问题
!SUBENTRY 1 org.eclipse.core.resources 4 1 2024-10-26 21:17:54.797
!MESSAGE 自动刷新本机代码 5 时发生了问题。

!ENTRY org.eclipse.core.resources 4 1 2024-10-26 21:17:55.847
!MESSAGE 刷新资源时发生了问题
!SUBENTRY 1 org.eclipse.core.resources 4 1 2024-10-26 21:17:55.847
!MESSAGE 自动刷新本机代码 5 时发生了问题。

!ENTRY org.eclipse.core.resources 4 1 2024-10-26 21:17:56.848
!MESSAGE 刷新资源时发生了问题
!SUBENTRY 1 org.eclipse.core.resources 4 1 2024-10-26 21:17:56.848
!MESSAGE 自动刷新本机代码 5 时发生了问题。

!ENTRY org.eclipse.core.resources 4 1 2024-10-26 21:17:57.851
!MESSAGE 刷新资源时发生了问题
!SUBENTRY 1 org.eclipse.core.resources 4 1 2024-10-26 21:17:57.851
!MESSAGE 自动刷新本机代码 5 时发生了问题。

!ENTRY org.eclipse.core.resources 4 1 2024-10-26 21:17:58.866
!MESSAGE 刷新资源时发生了问题
!SUBENTRY 1 org.eclipse.core.resources 4 1 2024-10-26 21:17:58.866
!MESSAGE 自动刷新本机代码 5 时发生了问题。

!ENTRY org.eclipse.core.resources 4 1 2024-10-26 21:17:59.917
!MESSAGE 刷新资源时发生了问题
!SUBENTRY 1 org.eclipse.core.resources 4 1 2024-10-26 21:17:59.917
!MESSAGE 自动刷新本机代码 5 时发生了问题。

!ENTRY org.eclipse.core.resources 4 1 2024-10-26 21:18:00.968
!MESSAGE 刷新资源时发生了问题
!SUBENTRY 1 org.eclipse.core.resources 4 1 2024-10-26 21:18:00.968
!MESSAGE 自动刷新本机代码 5 时发生了问题。

!ENTRY org.eclipse.core.resources 4 1 2024-10-26 21:18:01.975
!MESSAGE 刷新资源时发生了问题
!SUBENTRY 1 org.eclipse.core.resources 4 1 2024-10-26 21:18:01.975
!MESSAGE 自动刷新本机代码 5 时发生了问题。

!ENTRY org.eclipse.core.resources 4 1 2024-10-26 21:18:02.981
!MESSAGE 刷新资源时发生了问题
!SUBENTRY 1 org.eclipse.core.resources 4 1 2024-10-26 21:18:02.981
!MESSAGE 自动刷新本机代码 5 时发生了问题。

!ENTRY org.eclipse.core.resources 4 1 2024-10-26 21:18:03.986
!MESSAGE 刷新资源时发生了问题
!SUBENTRY 1 org.eclipse.core.resources 4 1 2024-10-26 21:18:03.986
!MESSAGE 自动刷新本机代码 5 时发生了问题。

!ENTRY org.eclipse.core.resources 4 1 2024-10-26 21:18:05.001
!MESSAGE 刷新资源时发生了问题
!SUBENTRY 1 org.eclipse.core.resources 4 1 2024-10-26 21:18:05.001
!MESSAGE 自动刷新本机代码 5 时发生了问题。

!ENTRY org.eclipse.core.resources 4 1 2024-10-26 21:18:06.003
!MESSAGE 刷新资源时发生了问题
!SUBENTRY 1 org.eclipse.core.resources 4 1 2024-10-26 21:18:06.003
!MESSAGE 自动刷新本机代码 5 时发生了问题。

!ENTRY org.eclipse.core.resources 4 1 2024-10-26 21:18:07.004
!MESSAGE 刷新资源时发生了问题
!SUBENTRY 1 org.eclipse.core.resources 4 1 2024-10-26 21:18:07.004
!MESSAGE 自动刷新本机代码 5 时发生了问题。

!ENTRY org.eclipse.core.resources 4 1 2024-10-26 21:18:08.017
!MESSAGE 刷新资源时发生了问题
!SUBENTRY 1 org.eclipse.core.resources 4 1 2024-10-26 21:18:08.017
!MESSAGE 自动刷新本机代码 5 时发生了问题。

!ENTRY org.eclipse.core.resources 4 1 2024-10-26 21:18:09.019
!MESSAGE 刷新资源时发生了问题
!SUBENTRY 1 org.eclipse.core.resources 4 1 2024-10-26 21:18:09.019
!MESSAGE 自动刷新本机代码 5 时发生了问题。

!ENTRY org.eclipse.core.resources 4 1 2024-10-26 21:18:10.034
!MESSAGE 刷新资源时发生了问题
!SUBENTRY 1 org.eclipse.core.resources 4 1 2024-10-26 21:18:10.034
!MESSAGE 自动刷新本机代码 5 时发生了问题。

!ENTRY org.eclipse.core.resources 4 1 2024-10-26 21:18:11.036
!MESSAGE 刷新资源时发生了问题
!SUBENTRY 1 org.eclipse.core.resources 4 1 2024-10-26 21:18:11.036
!MESSAGE 自动刷新本机代码 5 时发生了问题。

!ENTRY org.eclipse.core.resources 4 1 2024-10-26 21:18:12.051
!MESSAGE 刷新资源时发生了问题
!SUBENTRY 1 org.eclipse.core.resources 4 1 2024-10-26 21:18:12.051
!MESSAGE 自动刷新本机代码 5 时发生了问题。

!ENTRY org.eclipse.core.resources 4 1 2024-10-26 21:18:13.063
!MESSAGE 刷新资源时发生了问题
!SUBENTRY 1 org.eclipse.core.resources 4 1 2024-10-26 21:18:13.063
!MESSAGE 自动刷新本机代码 5 时发生了问题。

!ENTRY org.eclipse.core.resources 4 1 2024-10-26 21:18:14.075
!MESSAGE 刷新资源时发生了问题
!SUBENTRY 1 org.eclipse.core.resources 4 1 2024-10-26 21:18:14.075
!MESSAGE 自动刷新本机代码 5 时发生了问题。

!ENTRY org.eclipse.core.resources 4 1 2024-10-26 21:18:15.082
!MESSAGE 刷新资源时发生了问题
!SUBENTRY 1 org.eclipse.core.resources 4 1 2024-10-26 21:18:15.082
!MESSAGE 自动刷新本机代码 5 时发生了问题。

!ENTRY org.eclipse.core.resources 4 1 2024-10-26 21:18:16.096
!MESSAGE 刷新资源时发生了问题
!SUBENTRY 1 org.eclipse.core.resources 4 1 2024-10-26 21:18:16.096
!MESSAGE 自动刷新本机代码 5 时发生了问题。

!ENTRY org.eclipse.core.resources 4 1 2024-10-26 21:18:17.099
!MESSAGE 刷新资源时发生了问题
!SUBENTRY 1 org.eclipse.core.resources 4 1 2024-10-26 21:18:17.099
!MESSAGE 自动刷新本机代码 5 时发生了问题。

!ENTRY org.eclipse.core.resources 4 1 2024-10-26 21:18:18.161
!MESSAGE 刷新资源时发生了问题
!SUBENTRY 1 org.eclipse.core.resources 4 1 2024-10-26 21:18:18.161
!MESSAGE 自动刷新本机代码 5 时发生了问题。

!ENTRY org.eclipse.core.resources 4 1 2024-10-26 21:18:19.175
!MESSAGE 刷新资源时发生了问题
!SUBENTRY 1 org.eclipse.core.resources 4 1 2024-10-26 21:18:19.175
!MESSAGE 自动刷新本机代码 5 时发生了问题。

!ENTRY org.eclipse.core.resources 4 1 2024-10-26 21:18:20.188
!MESSAGE 刷新资源时发生了问题
!SUBENTRY 1 org.eclipse.core.resources 4 1 2024-10-26 21:18:20.188
!MESSAGE 自动刷新本机代码 5 时发生了问题。

!ENTRY org.eclipse.core.resources 4 1 2024-10-26 21:18:21.190
!MESSAGE 刷新资源时发生了问题
!SUBENTRY 1 org.eclipse.core.resources 4 1 2024-10-26 21:18:21.190
!MESSAGE 自动刷新本机代码 5 时发生了问题。

!ENTRY org.eclipse.core.resources 4 1 2024-10-26 21:18:22.204
!MESSAGE 刷新资源时发生了问题
!SUBENTRY 1 org.eclipse.core.resources 4 1 2024-10-26 21:18:22.204
!MESSAGE 自动刷新本机代码 5 时发生了问题。

!ENTRY org.eclipse.core.resources 4 1 2024-10-26 21:18:23.209
!MESSAGE 刷新资源时发生了问题
!SUBENTRY 1 org.eclipse.core.resources 4 1 2024-10-26 21:18:23.209
!MESSAGE 自动刷新本机代码 5 时发生了问题。

!ENTRY org.eclipse.core.resources 4 1 2024-10-26 21:18:24.270
!MESSAGE 刷新资源时发生了问题
!SUBENTRY 1 org.eclipse.core.resources 4 1 2024-10-26 21:18:24.270
!MESSAGE 自动刷新本机代码 5 时发生了问题。

!ENTRY org.eclipse.core.resources 4 1 2024-10-26 21:18:25.272
!MESSAGE 刷新资源时发生了问题
!SUBENTRY 1 org.eclipse.core.resources 4 1 2024-10-26 21:18:25.272
!MESSAGE 自动刷新本机代码 5 时发生了问题。

!ENTRY org.eclipse.core.resources 4 1 2024-10-26 21:18:26.284
!MESSAGE 刷新资源时发生了问题
!SUBENTRY 1 org.eclipse.core.resources 4 1 2024-10-26 21:18:26.284
!MESSAGE 自动刷新本机代码 5 时发生了问题。

!ENTRY org.eclipse.core.resources 4 1 2024-10-26 21:18:27.286
!MESSAGE 刷新资源时发生了问题
!SUBENTRY 1 org.eclipse.core.resources 4 1 2024-10-26 21:18:27.286
!MESSAGE 自动刷新本机代码 5 时发生了问题。

!ENTRY org.eclipse.core.resources 4 1 2024-10-26 21:18:28.288
!MESSAGE 刷新资源时发生了问题
!SUBENTRY 1 org.eclipse.core.resources 4 1 2024-10-26 21:18:28.288
!MESSAGE 自动刷新本机代码 5 时发生了问题。

!ENTRY org.eclipse.core.resources 4 1 2024-10-26 21:18:29.292
!MESSAGE 刷新资源时发生了问题
!SUBENTRY 1 org.eclipse.core.resources 4 1 2024-10-26 21:18:29.292
!MESSAGE 自动刷新本机代码 5 时发生了问题。

!ENTRY org.eclipse.core.resources 4 1 2024-10-26 21:18:30.297
!MESSAGE 刷新资源时发生了问题
!SUBENTRY 1 org.eclipse.core.resources 4 1 2024-10-26 21:18:30.297
!MESSAGE 自动刷新本机代码 5 时发生了问题。

!ENTRY org.eclipse.core.resources 4 1 2024-10-26 21:18:31.361
!MESSAGE 刷新资源时发生了问题
!SUBENTRY 1 org.eclipse.core.resources 4 1 2024-10-26 21:18:31.361
!MESSAGE 自动刷新本机代码 5 时发生了问题。

!ENTRY org.eclipse.core.resources 4 1 2024-10-26 21:18:32.375
!MESSAGE 刷新资源时发生了问题
!SUBENTRY 1 org.eclipse.core.resources 4 1 2024-10-26 21:18:32.375
!MESSAGE 自动刷新本机代码 5 时发生了问题。

!ENTRY org.eclipse.core.resources 4 1 2024-10-26 21:18:33.389
!MESSAGE 刷新资源时发生了问题
!SUBENTRY 1 org.eclipse.core.resources 4 1 2024-10-26 21:18:33.389
!MESSAGE 自动刷新本机代码 5 时发生了问题。

!ENTRY org.eclipse.core.resources 4 1 2024-10-26 21:18:34.391
!MESSAGE 刷新资源时发生了问题
!SUBENTRY 1 org.eclipse.core.resources 4 1 2024-10-26 21:18:34.391
!MESSAGE 自动刷新本机代码 5 时发生了问题。

!ENTRY org.eclipse.core.resources 4 1 2024-10-26 21:18:35.407
!MESSAGE 刷新资源时发生了问题
!SUBENTRY 1 org.eclipse.core.resources 4 1 2024-10-26 21:18:35.407
!MESSAGE 自动刷新本机代码 5 时发生了问题。

!ENTRY org.eclipse.core.resources 4 1 2024-10-26 21:18:36.423
!MESSAGE 刷新资源时发生了问题
!SUBENTRY 1 org.eclipse.core.resources 4 1 2024-10-26 21:18:36.423
!MESSAGE 自动刷新本机代码 5 时发生了问题。

!ENTRY org.eclipse.core.resources 4 1 2024-10-26 21:18:37.427
!MESSAGE 刷新资源时发生了问题
!SUBENTRY 1 org.eclipse.core.resources 4 1 2024-10-26 21:18:37.427
!MESSAGE 自动刷新本机代码 5 时发生了问题。

!ENTRY org.eclipse.core.resources 4 1 2024-10-26 21:18:38.428
!MESSAGE 刷新资源时发生了问题
!SUBENTRY 1 org.eclipse.core.resources 4 1 2024-10-26 21:18:38.428
!MESSAGE 自动刷新本机代码 5 时发生了问题。

!ENTRY org.eclipse.core.resources 4 1 2024-10-26 21:18:39.430
!MESSAGE 刷新资源时发生了问题
!SUBENTRY 1 org.eclipse.core.resources 4 1 2024-10-26 21:18:39.430
!MESSAGE 自动刷新本机代码 5 时发生了问题。

!ENTRY org.eclipse.core.resources 4 1 2024-10-26 21:18:40.431
!MESSAGE 刷新资源时发生了问题
!SUBENTRY 1 org.eclipse.core.resources 4 1 2024-10-26 21:18:40.431
!MESSAGE 自动刷新本机代码 5 时发生了问题。

!ENTRY org.eclipse.core.resources 4 1 2024-10-26 21:18:41.438
!MESSAGE 刷新资源时发生了问题
!SUBENTRY 1 org.eclipse.core.resources 4 1 2024-10-26 21:18:41.438
!MESSAGE 自动刷新本机代码 5 时发生了问题。

!ENTRY org.eclipse.core.resources 4 1 2024-10-26 21:18:42.489
!MESSAGE 刷新资源时发生了问题
!SUBENTRY 1 org.eclipse.core.resources 4 1 2024-10-26 21:18:42.489
!MESSAGE 自动刷新本机代码 5 时发生了问题。

!ENTRY org.eclipse.core.resources 4 1 2024-10-26 21:18:43.490
!MESSAGE 刷新资源时发生了问题
!SUBENTRY 1 org.eclipse.core.resources 4 1 2024-10-26 21:18:43.490
!MESSAGE 自动刷新本机代码 5 时发生了问题。

!ENTRY org.eclipse.core.resources 4 1 2024-10-26 21:18:44.491
!MESSAGE 刷新资源时发生了问题
!SUBENTRY 1 org.eclipse.core.resources 4 1 2024-10-26 21:18:44.491
!MESSAGE 自动刷新本机代码 5 时发生了问题。

!ENTRY org.eclipse.core.resources 4 1 2024-10-26 21:18:45.492
!MESSAGE 刷新资源时发生了问题
!SUBENTRY 1 org.eclipse.core.resources 4 1 2024-10-26 21:18:45.492
!MESSAGE 自动刷新本机代码 5 时发生了问题。

!ENTRY org.eclipse.core.resources 4 1 2024-10-26 21:18:46.493
!MESSAGE 刷新资源时发生了问题
!SUBENTRY 1 org.eclipse.core.resources 4 1 2024-10-26 21:18:46.493
!MESSAGE 自动刷新本机代码 5 时发生了问题。

!ENTRY org.eclipse.core.resources 4 1 2024-10-26 21:18:47.494
!MESSAGE 刷新资源时发生了问题
!SUBENTRY 1 org.eclipse.core.resources 4 1 2024-10-26 21:18:47.494
!MESSAGE 自动刷新本机代码 5 时发生了问题。

!ENTRY org.eclipse.core.resources 4 1 2024-10-26 21:18:48.495
!MESSAGE 刷新资源时发生了问题
!SUBENTRY 1 org.eclipse.core.resources 4 1 2024-10-26 21:18:48.495
!MESSAGE 自动刷新本机代码 5 时发生了问题。

!ENTRY org.eclipse.core.resources 4 1 2024-10-26 21:18:49.496
!MESSAGE 刷新资源时发生了问题
!SUBENTRY 1 org.eclipse.core.resources 4 1 2024-10-26 21:18:49.496
!MESSAGE 自动刷新本机代码 5 时发生了问题。

!ENTRY org.eclipse.core.resources 4 1 2024-10-26 21:18:50.498
!MESSAGE 刷新资源时发生了问题
!SUBENTRY 1 org.eclipse.core.resources 4 1 2024-10-26 21:18:50.498
!MESSAGE 自动刷新本机代码 5 时发生了问题。

!ENTRY org.eclipse.core.resources 4 1 2024-10-26 21:18:51.499
!MESSAGE 刷新资源时发生了问题
!SUBENTRY 1 org.eclipse.core.resources 4 1 2024-10-26 21:18:51.499
!MESSAGE 自动刷新本机代码 5 时发生了问题。

!ENTRY org.eclipse.core.resources 4 1 2024-10-26 21:18:52.500
!MESSAGE 刷新资源时发生了问题
!SUBENTRY 1 org.eclipse.core.resources 4 1 2024-10-26 21:18:52.500
!MESSAGE 自动刷新本机代码 5 时发生了问题。

!ENTRY org.eclipse.core.resources 4 1 2024-10-26 21:18:53.551
!MESSAGE 刷新资源时发生了问题
!SUBENTRY 1 org.eclipse.core.resources 4 1 2024-10-26 21:18:53.551
!MESSAGE 自动刷新本机代码 5 时发生了问题。

!ENTRY org.eclipse.core.resources 4 1 2024-10-26 21:18:54.601
!MESSAGE 刷新资源时发生了问题
!SUBENTRY 1 org.eclipse.core.resources 4 1 2024-10-26 21:18:54.601
!MESSAGE 自动刷新本机代码 5 时发生了问题。

!ENTRY org.eclipse.core.resources 4 1 2024-10-26 21:18:55.602
!MESSAGE 刷新资源时发生了问题
!SUBENTRY 1 org.eclipse.core.resources 4 1 2024-10-26 21:18:55.602
!MESSAGE 自动刷新本机代码 5 时发生了问题。

!ENTRY org.eclipse.core.resources 4 1 2024-10-26 21:18:56.652
!MESSAGE 刷新资源时发生了问题
!SUBENTRY 1 org.eclipse.core.resources 4 1 2024-10-26 21:18:56.652
!MESSAGE 自动刷新本机代码 5 时发生了问题。

!ENTRY org.eclipse.core.resources 4 1 2024-10-26 21:18:57.663
!MESSAGE 刷新资源时发生了问题
!SUBENTRY 1 org.eclipse.core.resources 4 1 2024-10-26 21:18:57.663
!MESSAGE 自动刷新本机代码 5 时发生了问题。

!ENTRY org.eclipse.core.resources 4 1 2024-10-26 21:18:58.676
!MESSAGE 刷新资源时发生了问题
!SUBENTRY 1 org.eclipse.core.resources 4 1 2024-10-26 21:18:58.676
!MESSAGE 自动刷新本机代码 5 时发生了问题。

!ENTRY org.eclipse.core.resources 4 1 2024-10-26 21:18:59.691
!MESSAGE 刷新资源时发生了问题
!SUBENTRY 1 org.eclipse.core.resources 4 1 2024-10-26 21:18:59.691
!MESSAGE 自动刷新本机代码 5 时发生了问题。

!ENTRY org.eclipse.core.resources 4 1 2024-10-26 21:19:00.752
!MESSAGE 刷新资源时发生了问题
!SUBENTRY 1 org.eclipse.core.resources 4 1 2024-10-26 21:19:00.752
!MESSAGE 自动刷新本机代码 5 时发生了问题。

!ENTRY org.eclipse.core.resources 4 1 2024-10-26 21:19:01.755
!MESSAGE 刷新资源时发生了问题
!SUBENTRY 1 org.eclipse.core.resources 4 1 2024-10-26 21:19:01.755
!MESSAGE 自动刷新本机代码 5 时发生了问题。

!ENTRY org.eclipse.core.resources 4 1 2024-10-26 21:19:02.807
!MESSAGE 刷新资源时发生了问题
!SUBENTRY 1 org.eclipse.core.resources 4 1 2024-10-26 21:19:02.807
!MESSAGE 自动刷新本机代码 5 时发生了问题。

!ENTRY org.eclipse.core.resources 4 1 2024-10-26 21:19:03.808
!MESSAGE 刷新资源时发生了问题
!SUBENTRY 1 org.eclipse.core.resources 4 1 2024-10-26 21:19:03.808
!MESSAGE 自动刷新本机代码 5 时发生了问题。

!ENTRY org.eclipse.core.resources 4 1 2024-10-26 21:19:04.809
!MESSAGE 刷新资源时发生了问题
!SUBENTRY 1 org.eclipse.core.resources 4 1 2024-10-26 21:19:04.809
!MESSAGE 自动刷新本机代码 5 时发生了问题。

!ENTRY org.eclipse.core.resources 4 1 2024-10-26 21:19:05.810
!MESSAGE 刷新资源时发生了问题
!SUBENTRY 1 org.eclipse.core.resources 4 1 2024-10-26 21:19:05.810
!MESSAGE 自动刷新本机代码 5 时发生了问题。

!ENTRY org.eclipse.core.resources 4 1 2024-10-26 21:19:06.811
!MESSAGE 刷新资源时发生了问题
!SUBENTRY 1 org.eclipse.core.resources 4 1 2024-10-26 21:19:06.811
!MESSAGE 自动刷新本机代码 5 时发生了问题。

!ENTRY org.eclipse.core.resources 4 1 2024-10-26 21:19:07.849
!MESSAGE 刷新资源时发生了问题
!SUBENTRY 1 org.eclipse.core.resources 4 1 2024-10-26 21:19:07.849
!MESSAGE 自动刷新本机代码 5 时发生了问题。

!ENTRY org.eclipse.core.resources 4 1 2024-10-26 21:19:08.850
!MESSAGE 刷新资源时发生了问题
!SUBENTRY 1 org.eclipse.core.resources 4 1 2024-10-26 21:19:08.850
!MESSAGE 自动刷新本机代码 5 时发生了问题。

!ENTRY org.eclipse.core.resources 4 1 2024-10-26 21:19:09.900
!MESSAGE 刷新资源时发生了问题
!SUBENTRY 1 org.eclipse.core.resources 4 1 2024-10-26 21:19:09.900
!MESSAGE 自动刷新本机代码 5 时发生了问题。

!ENTRY org.eclipse.core.resources 4 1 2024-10-26 21:19:10.901
!MESSAGE 刷新资源时发生了问题
!SUBENTRY 1 org.eclipse.core.resources 4 1 2024-10-26 21:19:10.901
!MESSAGE 自动刷新本机代码 5 时发生了问题。

!ENTRY org.eclipse.core.resources 4 1 2024-10-26 21:19:11.952
!MESSAGE 刷新资源时发生了问题
!SUBENTRY 1 org.eclipse.core.resources 4 1 2024-10-26 21:19:11.952
!MESSAGE 自动刷新本机代码 5 时发生了问题。

!ENTRY org.eclipse.core.resources 4 1 2024-10-26 21:19:13.002
!MESSAGE 刷新资源时发生了问题
!SUBENTRY 1 org.eclipse.core.resources 4 1 2024-10-26 21:19:13.002
!MESSAGE 自动刷新本机代码 5 时发生了问题。

!ENTRY org.eclipse.core.resources 4 1 2024-10-26 21:19:14.053
!MESSAGE 刷新资源时发生了问题
!SUBENTRY 1 org.eclipse.core.resources 4 1 2024-10-26 21:19:14.053
!MESSAGE 自动刷新本机代码 5 时发生了问题。

!ENTRY org.eclipse.core.resources 4 1 2024-10-26 21:19:15.057
!MESSAGE 刷新资源时发生了问题
!SUBENTRY 1 org.eclipse.core.resources 4 1 2024-10-26 21:19:15.057
!MESSAGE 自动刷新本机代码 5 时发生了问题。

!ENTRY org.eclipse.core.resources 4 1 2024-10-26 21:19:16.058
!MESSAGE 刷新资源时发生了问题
!SUBENTRY 1 org.eclipse.core.resources 4 1 2024-10-26 21:19:16.058
!MESSAGE 自动刷新本机代码 5 时发生了问题。

!ENTRY org.eclipse.core.resources 4 1 2024-10-26 21:19:17.109
!MESSAGE 刷新资源时发生了问题
!SUBENTRY 1 org.eclipse.core.resources 4 1 2024-10-26 21:19:17.109
!MESSAGE 自动刷新本机代码 5 时发生了问题。

!ENTRY org.eclipse.core.resources 4 1 2024-10-26 21:19:18.119
!MESSAGE 刷新资源时发生了问题
!SUBENTRY 1 org.eclipse.core.resources 4 1 2024-10-26 21:19:18.119
!MESSAGE 自动刷新本机代码 5 时发生了问题。

!ENTRY org.eclipse.core.resources 4 1 2024-10-26 21:19:19.123
!MESSAGE 刷新资源时发生了问题
!SUBENTRY 1 org.eclipse.core.resources 4 1 2024-10-26 21:19:19.123
!MESSAGE 自动刷新本机代码 5 时发生了问题。

!ENTRY org.eclipse.core.resources 4 1 2024-10-26 21:19:20.136
!MESSAGE 刷新资源时发生了问题
!SUBENTRY 1 org.eclipse.core.resources 4 1 2024-10-26 21:19:20.136
!MESSAGE 自动刷新本机代码 5 时发生了问题。

!ENTRY org.eclipse.core.resources 4 1 2024-10-26 21:19:21.197
!MESSAGE 刷新资源时发生了问题
!SUBENTRY 1 org.eclipse.core.resources 4 1 2024-10-26 21:19:21.197
!MESSAGE 自动刷新本机代码 5 时发生了问题。

!ENTRY org.eclipse.core.resources 4 1 2024-10-26 21:19:22.259
!MESSAGE 刷新资源时发生了问题
!SUBENTRY 1 org.eclipse.core.resources 4 1 2024-10-26 21:19:22.259
!MESSAGE 自动刷新本机代码 5 时发生了问题。

!ENTRY org.eclipse.core.resources 4 1 2024-10-26 21:19:23.263
!MESSAGE 刷新资源时发生了问题
!SUBENTRY 1 org.eclipse.core.resources 4 1 2024-10-26 21:19:23.263
!MESSAGE 自动刷新本机代码 5 时发生了问题。

!ENTRY org.eclipse.core.resources 4 1 2024-10-26 21:19:24.278
!MESSAGE 刷新资源时发生了问题
!SUBENTRY 1 org.eclipse.core.resources 4 1 2024-10-26 21:19:24.278
!MESSAGE 自动刷新本机代码 5 时发生了问题。

!ENTRY org.eclipse.core.resources 4 1 2024-10-26 21:19:25.279
!MESSAGE 刷新资源时发生了问题
!SUBENTRY 1 org.eclipse.core.resources 4 1 2024-10-26 21:19:25.279
!MESSAGE 自动刷新本机代码 5 时发生了问题。

!ENTRY org.eclipse.core.resources 4 1 2024-10-26 21:19:26.294
!MESSAGE 刷新资源时发生了问题
!SUBENTRY 1 org.eclipse.core.resources 4 1 2024-10-26 21:19:26.294
!MESSAGE 自动刷新本机代码 5 时发生了问题。

!ENTRY org.eclipse.core.resources 4 1 2024-10-26 21:19:27.309
!MESSAGE 刷新资源时发生了问题
!SUBENTRY 1 org.eclipse.core.resources 4 1 2024-10-26 21:19:27.309
!MESSAGE 自动刷新本机代码 5 时发生了问题。

!ENTRY org.eclipse.core.resources 4 1 2024-10-26 21:19:28.370
!MESSAGE 刷新资源时发生了问题
!SUBENTRY 1 org.eclipse.core.resources 4 1 2024-10-26 21:19:28.370
!MESSAGE 自动刷新本机代码 5 时发生了问题。

!ENTRY org.eclipse.core.resources 4 1 2024-10-26 21:19:29.375
!MESSAGE 刷新资源时发生了问题
!SUBENTRY 1 org.eclipse.core.resources 4 1 2024-10-26 21:19:29.375
!MESSAGE 自动刷新本机代码 5 时发生了问题。

!ENTRY org.eclipse.core.resources 4 1 2024-10-26 21:19:30.378
!MESSAGE 刷新资源时发生了问题
!SUBENTRY 1 org.eclipse.core.resources 4 1 2024-10-26 21:19:30.378
!MESSAGE 自动刷新本机代码 5 时发生了问题。

!ENTRY org.eclipse.core.resources 4 1 2024-10-26 21:19:31.393
!MESSAGE 刷新资源时发生了问题
!SUBENTRY 1 org.eclipse.core.resources 4 1 2024-10-26 21:19:31.393
!MESSAGE 自动刷新本机代码 5 时发生了问题。

!ENTRY org.eclipse.core.resources 4 1 2024-10-26 21:19:32.394
!MESSAGE 刷新资源时发生了问题
!SUBENTRY 1 org.eclipse.core.resources 4 1 2024-10-26 21:19:32.394
!MESSAGE 自动刷新本机代码 5 时发生了问题。

!ENTRY org.eclipse.core.resources 4 1 2024-10-26 21:19:33.408
!MESSAGE 刷新资源时发生了问题
!SUBENTRY 1 org.eclipse.core.resources 4 1 2024-10-26 21:19:33.408
!MESSAGE 自动刷新本机代码 5 时发生了问题。

!ENTRY org.eclipse.core.resources 4 1 2024-10-26 21:19:34.421
!MESSAGE 刷新资源时发生了问题
!SUBENTRY 1 org.eclipse.core.resources 4 1 2024-10-26 21:19:34.421
!MESSAGE 自动刷新本机代码 5 时发生了问题。

!ENTRY org.eclipse.core.resources 4 1 2024-10-26 21:19:35.434
!MESSAGE 刷新资源时发生了问题
!SUBENTRY 1 org.eclipse.core.resources 4 1 2024-10-26 21:19:35.434
!MESSAGE 自动刷新本机代码 5 时发生了问题。

!ENTRY org.eclipse.core.resources 4 1 2024-10-26 21:19:36.439
!MESSAGE 刷新资源时发生了问题
!SUBENTRY 1 org.eclipse.core.resources 4 1 2024-10-26 21:19:36.439
!MESSAGE 自动刷新本机代码 5 时发生了问题。

!ENTRY org.eclipse.core.resources 4 1 2024-10-26 21:19:37.446
!MESSAGE 刷新资源时发生了问题
!SUBENTRY 1 org.eclipse.core.resources 4 1 2024-10-26 21:19:37.446
!MESSAGE 自动刷新本机代码 5 时发生了问题。

!ENTRY org.eclipse.core.resources 4 1 2024-10-26 21:19:38.461
!MESSAGE 刷新资源时发生了问题
!SUBENTRY 1 org.eclipse.core.resources 4 1 2024-10-26 21:19:38.461
!MESSAGE 自动刷新本机代码 5 时发生了问题。

!ENTRY org.eclipse.core.resources 4 1 2024-10-26 21:19:39.462
!MESSAGE 刷新资源时发生了问题
!SUBENTRY 1 org.eclipse.core.resources 4 1 2024-10-26 21:19:39.462
!MESSAGE 自动刷新本机代码 5 时发生了问题。

!ENTRY org.eclipse.core.resources 4 1 2024-10-26 21:19:40.464
!MESSAGE 刷新资源时发生了问题
!SUBENTRY 1 org.eclipse.core.resources 4 1 2024-10-26 21:19:40.464
!MESSAGE 自动刷新本机代码 5 时发生了问题。

!ENTRY org.eclipse.core.resources 4 1 2024-10-26 21:19:41.480
!MESSAGE 刷新资源时发生了问题
!SUBENTRY 1 org.eclipse.core.resources 4 1 2024-10-26 21:19:41.480
!MESSAGE 自动刷新本机代码 5 时发生了问题。

!ENTRY org.eclipse.core.resources 4 1 2024-10-26 21:19:42.494
!MESSAGE 刷新资源时发生了问题
!SUBENTRY 1 org.eclipse.core.resources 4 1 2024-10-26 21:19:42.494
!MESSAGE 自动刷新本机代码 5 时发生了问题。

!ENTRY org.eclipse.core.resources 4 1 2024-10-26 21:19:43.509
!MESSAGE 刷新资源时发生了问题
!SUBENTRY 1 org.eclipse.core.resources 4 1 2024-10-26 21:19:43.509
!MESSAGE 自动刷新本机代码 5 时发生了问题。

!ENTRY org.eclipse.core.resources 4 1 2024-10-26 21:19:44.512
!MESSAGE 刷新资源时发生了问题
!SUBENTRY 1 org.eclipse.core.resources 4 1 2024-10-26 21:19:44.512
!MESSAGE 自动刷新本机代码 5 时发生了问题。

!ENTRY org.eclipse.core.resources 4 1 2024-10-26 21:19:45.515
!MESSAGE 刷新资源时发生了问题
!SUBENTRY 1 org.eclipse.core.resources 4 1 2024-10-26 21:19:45.515
!MESSAGE 自动刷新本机代码 5 时发生了问题。

!ENTRY org.eclipse.core.resources 4 1 2024-10-26 21:19:46.518
!MESSAGE 刷新资源时发生了问题
!SUBENTRY 1 org.eclipse.core.resources 4 1 2024-10-26 21:19:46.518
!MESSAGE 自动刷新本机代码 5 时发生了问题。

!ENTRY org.eclipse.core.resources 4 1 2024-10-26 21:19:47.528
!MESSAGE 刷新资源时发生了问题
!SUBENTRY 1 org.eclipse.core.resources 4 1 2024-10-26 21:19:47.528
!MESSAGE 自动刷新本机代码 5 时发生了问题。

!ENTRY org.eclipse.core.resources 4 1 2024-10-26 21:19:48.533
!MESSAGE 刷新资源时发生了问题
!SUBENTRY 1 org.eclipse.core.resources 4 1 2024-10-26 21:19:48.533
!MESSAGE 自动刷新本机代码 5 时发生了问题。

!ENTRY org.eclipse.core.resources 4 1 2024-10-26 21:19:49.548
!MESSAGE 刷新资源时发生了问题
!SUBENTRY 1 org.eclipse.core.resources 4 1 2024-10-26 21:19:49.548
!MESSAGE 自动刷新本机代码 5 时发生了问题。

!ENTRY org.eclipse.core.resources 4 1 2024-10-26 21:19:50.551
!MESSAGE 刷新资源时发生了问题
!SUBENTRY 1 org.eclipse.core.resources 4 1 2024-10-26 21:19:50.551
!MESSAGE 自动刷新本机代码 5 时发生了问题。

!ENTRY org.eclipse.core.resources 4 1 2024-10-26 21:19:51.552
!MESSAGE 刷新资源时发生了问题
!SUBENTRY 1 org.eclipse.core.resources 4 1 2024-10-26 21:19:51.552
!MESSAGE 自动刷新本机代码 5 时发生了问题。

!ENTRY org.eclipse.core.resources 4 1 2024-10-26 21:19:52.557
!MESSAGE 刷新资源时发生了问题
!SUBENTRY 1 org.eclipse.core.resources 4 1 2024-10-26 21:19:52.557
!MESSAGE 自动刷新本机代码 5 时发生了问题。

!ENTRY org.eclipse.core.resources 4 1 2024-10-26 21:19:53.560
!MESSAGE 刷新资源时发生了问题
!SUBENTRY 1 org.eclipse.core.resources 4 1 2024-10-26 21:19:53.560
!MESSAGE 自动刷新本机代码 5 时发生了问题。

!ENTRY org.eclipse.core.resources 4 1 2024-10-26 21:19:54.564
!MESSAGE 刷新资源时发生了问题
!SUBENTRY 1 org.eclipse.core.resources 4 1 2024-10-26 21:19:54.564
!MESSAGE 自动刷新本机代码 5 时发生了问题。

!ENTRY org.eclipse.core.resources 4 1 2024-10-26 21:19:55.570
!MESSAGE 刷新资源时发生了问题
!SUBENTRY 1 org.eclipse.core.resources 4 1 2024-10-26 21:19:55.570
!MESSAGE 自动刷新本机代码 5 时发生了问题。

!ENTRY org.eclipse.core.resources 4 1 2024-10-26 21:19:56.573
!MESSAGE 刷新资源时发生了问题
!SUBENTRY 1 org.eclipse.core.resources 4 1 2024-10-26 21:19:56.573
!MESSAGE 自动刷新本机代码 5 时发生了问题。

!ENTRY org.eclipse.core.resources 4 1 2024-10-26 21:19:57.575
!MESSAGE 刷新资源时发生了问题
!SUBENTRY 1 org.eclipse.core.resources 4 1 2024-10-26 21:19:57.575
!MESSAGE 自动刷新本机代码 5 时发生了问题。

!ENTRY org.eclipse.core.resources 4 1 2024-10-26 21:19:58.637
!MESSAGE 刷新资源时发生了问题
!SUBENTRY 1 org.eclipse.core.resources 4 1 2024-10-26 21:19:58.637
!MESSAGE 自动刷新本机代码 5 时发生了问题。

!ENTRY org.eclipse.core.resources 4 1 2024-10-26 21:19:59.638
!MESSAGE 刷新资源时发生了问题
!SUBENTRY 1 org.eclipse.core.resources 4 1 2024-10-26 21:19:59.638
!MESSAGE 自动刷新本机代码 5 时发生了问题。

!ENTRY org.eclipse.core.resources 4 1 2024-10-26 21:20:00.643
!MESSAGE 刷新资源时发生了问题
!SUBENTRY 1 org.eclipse.core.resources 4 1 2024-10-26 21:20:00.643
!MESSAGE 自动刷新本机代码 5 时发生了问题。

!ENTRY org.eclipse.core.resources 4 1 2024-10-26 21:20:01.646
!MESSAGE 刷新资源时发生了问题
!SUBENTRY 1 org.eclipse.core.resources 4 1 2024-10-26 21:20:01.646
!MESSAGE 自动刷新本机代码 5 时发生了问题。

!ENTRY org.eclipse.core.resources 4 1 2024-10-26 21:20:02.659
!MESSAGE 刷新资源时发生了问题
!SUBENTRY 1 org.eclipse.core.resources 4 1 2024-10-26 21:20:02.659
!MESSAGE 自动刷新本机代码 5 时发生了问题。

!ENTRY org.eclipse.core.resources 4 1 2024-10-26 21:20:03.661
!MESSAGE 刷新资源时发生了问题
!SUBENTRY 1 org.eclipse.core.resources 4 1 2024-10-26 21:20:03.661
!MESSAGE 自动刷新本机代码 5 时发生了问题。

!ENTRY org.eclipse.core.resources 4 1 2024-10-26 21:20:04.662
!MESSAGE 刷新资源时发生了问题
!SUBENTRY 1 org.eclipse.core.resources 4 1 2024-10-26 21:20:04.662
!MESSAGE 自动刷新本机代码 5 时发生了问题。

!ENTRY org.eclipse.core.resources 4 1 2024-10-26 21:20:05.677
!MESSAGE 刷新资源时发生了问题
!SUBENTRY 1 org.eclipse.core.resources 4 1 2024-10-26 21:20:05.677
!MESSAGE 自动刷新本机代码 5 时发生了问题。

!ENTRY org.eclipse.core.resources 4 1 2024-10-26 21:20:06.690
!MESSAGE 刷新资源时发生了问题
!SUBENTRY 1 org.eclipse.core.resources 4 1 2024-10-26 21:20:06.690
!MESSAGE 自动刷新本机代码 5 时发生了问题。

!ENTRY org.eclipse.core.resources 4 1 2024-10-26 21:20:07.751
!MESSAGE 刷新资源时发生了问题
!SUBENTRY 1 org.eclipse.core.resources 4 1 2024-10-26 21:20:07.751
!MESSAGE 自动刷新本机代码 5 时发生了问题。

!ENTRY org.eclipse.core.resources 4 1 2024-10-26 21:20:08.757
!MESSAGE 刷新资源时发生了问题
!SUBENTRY 1 org.eclipse.core.resources 4 1 2024-10-26 21:20:08.757
!MESSAGE 自动刷新本机代码 5 时发生了问题。

!ENTRY org.eclipse.core.resources 4 1 2024-10-26 21:20:09.759
!MESSAGE 刷新资源时发生了问题
!SUBENTRY 1 org.eclipse.core.resources 4 1 2024-10-26 21:20:09.759
!MESSAGE 自动刷新本机代码 5 时发生了问题。

!ENTRY org.eclipse.core.resources 4 1 2024-10-26 21:20:10.775
!MESSAGE 刷新资源时发生了问题
!SUBENTRY 1 org.eclipse.core.resources 4 1 2024-10-26 21:20:10.775
!MESSAGE 自动刷新本机代码 5 时发生了问题。

!ENTRY org.eclipse.core.resources 4 1 2024-10-26 21:20:11.777
!MESSAGE 刷新资源时发生了问题
!SUBENTRY 1 org.eclipse.core.resources 4 1 2024-10-26 21:20:11.777
!MESSAGE 自动刷新本机代码 5 时发生了问题。

!ENTRY org.eclipse.core.resources 4 1 2024-10-26 21:20:12.791
!MESSAGE 刷新资源时发生了问题
!SUBENTRY 1 org.eclipse.core.resources 4 1 2024-10-26 21:20:12.791
!MESSAGE 自动刷新本机代码 5 时发生了问题。

!ENTRY org.eclipse.core.resources 4 1 2024-10-26 21:20:13.802
!MESSAGE 刷新资源时发生了问题
!SUBENTRY 1 org.eclipse.core.resources 4 1 2024-10-26 21:20:13.802
!MESSAGE 自动刷新本机代码 5 时发生了问题。

!ENTRY org.eclipse.core.resources 4 1 2024-10-26 21:20:14.803
!MESSAGE 刷新资源时发生了问题
!SUBENTRY 1 org.eclipse.core.resources 4 1 2024-10-26 21:20:14.803
!MESSAGE 自动刷新本机代码 5 时发生了问题。

!ENTRY org.eclipse.core.resources 4 1 2024-10-26 21:20:15.806
!MESSAGE 刷新资源时发生了问题
!SUBENTRY 1 org.eclipse.core.resources 4 1 2024-10-26 21:20:15.806
!MESSAGE 自动刷新本机代码 5 时发生了问题。

!ENTRY org.eclipse.core.resources 4 1 2024-10-26 21:20:16.819
!MESSAGE 刷新资源时发生了问题
!SUBENTRY 1 org.eclipse.core.resources 4 1 2024-10-26 21:20:16.819
!MESSAGE 自动刷新本机代码 5 时发生了问题。

!ENTRY org.eclipse.core.resources 4 1 2024-10-26 21:20:17.822
!MESSAGE 刷新资源时发生了问题
!SUBENTRY 1 org.eclipse.core.resources 4 1 2024-10-26 21:20:17.822
!MESSAGE 自动刷新本机代码 5 时发生了问题。

!ENTRY org.eclipse.core.resources 4 1 2024-10-26 21:20:18.825
!MESSAGE 刷新资源时发生了问题
!SUBENTRY 1 org.eclipse.core.resources 4 1 2024-10-26 21:20:18.825
!MESSAGE 自动刷新本机代码 5 时发生了问题。

!ENTRY org.eclipse.core.resources 4 1 2024-10-26 21:20:19.828
!MESSAGE 刷新资源时发生了问题
!SUBENTRY 1 org.eclipse.core.resources 4 1 2024-10-26 21:20:19.828
!MESSAGE 自动刷新本机代码 5 时发生了问题。

!ENTRY org.eclipse.core.resources 4 1 2024-10-26 21:20:20.829
!MESSAGE 刷新资源时发生了问题
!SUBENTRY 1 org.eclipse.core.resources 4 1 2024-10-26 21:20:20.829
!MESSAGE 自动刷新本机代码 5 时发生了问题。

!ENTRY org.eclipse.core.resources 4 1 2024-10-26 21:20:21.830
!MESSAGE 刷新资源时发生了问题
!SUBENTRY 1 org.eclipse.core.resources 4 1 2024-10-26 21:20:21.830
!MESSAGE 自动刷新本机代码 5 时发生了问题。

!ENTRY org.eclipse.core.resources 4 1 2024-10-26 21:20:22.842
!MESSAGE 刷新资源时发生了问题
!SUBENTRY 1 org.eclipse.core.resources 4 1 2024-10-26 21:20:22.842
!MESSAGE 自动刷新本机代码 5 时发生了问题。

!ENTRY org.eclipse.core.resources 4 1 2024-10-26 21:20:23.845
!MESSAGE 刷新资源时发生了问题
!SUBENTRY 1 org.eclipse.core.resources 4 1 2024-10-26 21:20:23.845
!MESSAGE 自动刷新本机代码 5 时发生了问题。

!ENTRY org.eclipse.core.resources 4 1 2024-10-26 21:20:24.858
!MESSAGE 刷新资源时发生了问题
!SUBENTRY 1 org.eclipse.core.resources 4 1 2024-10-26 21:20:24.858
!MESSAGE 自动刷新本机代码 5 时发生了问题。

!ENTRY org.eclipse.core.resources 4 1 2024-10-26 21:20:25.861
!MESSAGE 刷新资源时发生了问题
!SUBENTRY 1 org.eclipse.core.resources 4 1 2024-10-26 21:20:25.861
!MESSAGE 自动刷新本机代码 5 时发生了问题。

!ENTRY org.eclipse.core.resources 4 1 2024-10-26 21:20:26.863
!MESSAGE 刷新资源时发生了问题
!SUBENTRY 1 org.eclipse.core.resources 4 1 2024-10-26 21:20:26.863
!MESSAGE 自动刷新本机代码 5 时发生了问题。

!ENTRY org.eclipse.core.resources 4 1 2024-10-26 21:20:27.876
!MESSAGE 刷新资源时发生了问题
!SUBENTRY 1 org.eclipse.core.resources 4 1 2024-10-26 21:20:27.876
!MESSAGE 自动刷新本机代码 5 时发生了问题。

!ENTRY org.eclipse.core.resources 4 1 2024-10-26 21:20:28.879
!MESSAGE 刷新资源时发生了问题
!SUBENTRY 1 org.eclipse.core.resources 4 1 2024-10-26 21:20:28.879
!MESSAGE 自动刷新本机代码 5 时发生了问题。

!ENTRY org.eclipse.core.resources 4 1 2024-10-26 21:20:29.881
!MESSAGE 刷新资源时发生了问题
!SUBENTRY 1 org.eclipse.core.resources 4 1 2024-10-26 21:20:29.881
!MESSAGE 自动刷新本机代码 5 时发生了问题。

!ENTRY org.eclipse.core.resources 4 1 2024-10-26 21:20:30.883
!MESSAGE 刷新资源时发生了问题
!SUBENTRY 1 org.eclipse.core.resources 4 1 2024-10-26 21:20:30.883
!MESSAGE 自动刷新本机代码 5 时发生了问题。

!ENTRY org.eclipse.core.resources 4 1 2024-10-26 21:20:31.895
!MESSAGE 刷新资源时发生了问题
!SUBENTRY 1 org.eclipse.core.resources 4 1 2024-10-26 21:20:31.895
!MESSAGE 自动刷新本机代码 5 时发生了问题。

!ENTRY org.eclipse.core.resources 4 1 2024-10-26 21:20:32.910
!MESSAGE 刷新资源时发生了问题
!SUBENTRY 1 org.eclipse.core.resources 4 1 2024-10-26 21:20:32.910
!MESSAGE 自动刷新本机代码 5 时发生了问题。

!ENTRY org.eclipse.core.resources 4 1 2024-10-26 21:20:33.912
!MESSAGE 刷新资源时发生了问题
!SUBENTRY 1 org.eclipse.core.resources 4 1 2024-10-26 21:20:33.912
!MESSAGE 自动刷新本机代码 5 时发生了问题。

!ENTRY org.eclipse.core.resources 4 1 2024-10-26 21:20:34.919
!MESSAGE 刷新资源时发生了问题
!SUBENTRY 1 org.eclipse.core.resources 4 1 2024-10-26 21:20:34.919
!MESSAGE 自动刷新本机代码 5 时发生了问题。

!ENTRY org.eclipse.core.resources 4 1 2024-10-26 21:20:35.921
!MESSAGE 刷新资源时发生了问题
!SUBENTRY 1 org.eclipse.core.resources 4 1 2024-10-26 21:20:35.921
!MESSAGE 自动刷新本机代码 5 时发生了问题。

!ENTRY org.eclipse.core.resources 4 1 2024-10-26 21:20:36.937
!MESSAGE 刷新资源时发生了问题
!SUBENTRY 1 org.eclipse.core.resources 4 1 2024-10-26 21:20:36.937
!MESSAGE 自动刷新本机代码 5 时发生了问题。

!ENTRY org.eclipse.core.resources 4 1 2024-10-26 21:20:37.938
!MESSAGE 刷新资源时发生了问题
!SUBENTRY 1 org.eclipse.core.resources 4 1 2024-10-26 21:20:37.938
!MESSAGE 自动刷新本机代码 5 时发生了问题。

!ENTRY org.eclipse.core.resources 4 1 2024-10-26 21:20:38.941
!MESSAGE 刷新资源时发生了问题
!SUBENTRY 1 org.eclipse.core.resources 4 1 2024-10-26 21:20:38.941
!MESSAGE 自动刷新本机代码 5 时发生了问题。

!ENTRY org.eclipse.core.resources 4 1 2024-10-26 21:20:39.957
!MESSAGE 刷新资源时发生了问题
!SUBENTRY 1 org.eclipse.core.resources 4 1 2024-10-26 21:20:39.957
!MESSAGE 自动刷新本机代码 5 时发生了问题。

!ENTRY org.eclipse.core.resources 4 1 2024-10-26 21:20:40.971
!MESSAGE 刷新资源时发生了问题
!SUBENTRY 1 org.eclipse.core.resources 4 1 2024-10-26 21:20:40.971
!MESSAGE 自动刷新本机代码 5 时发生了问题。

!ENTRY org.eclipse.core.resources 4 1 2024-10-26 21:20:41.973
!MESSAGE 刷新资源时发生了问题
!SUBENTRY 1 org.eclipse.core.resources 4 1 2024-10-26 21:20:41.973
!MESSAGE 自动刷新本机代码 5 时发生了问题。

!ENTRY org.eclipse.core.resources 4 1 2024-10-26 21:20:42.984
!MESSAGE 刷新资源时发生了问题
!SUBENTRY 1 org.eclipse.core.resources 4 1 2024-10-26 21:20:42.984
!MESSAGE 自动刷新本机代码 5 时发生了问题。

!ENTRY org.eclipse.core.resources 4 1 2024-10-26 21:20:43.990
!MESSAGE 刷新资源时发生了问题
!SUBENTRY 1 org.eclipse.core.resources 4 1 2024-10-26 21:20:43.990
!MESSAGE 自动刷新本机代码 5 时发生了问题。

!ENTRY org.eclipse.core.resources 4 1 2024-10-26 21:20:45.006
!MESSAGE 刷新资源时发生了问题
!SUBENTRY 1 org.eclipse.core.resources 4 1 2024-10-26 21:20:45.006
!MESSAGE 自动刷新本机代码 5 时发生了问题。

!ENTRY org.eclipse.core.resources 4 1 2024-10-26 21:20:46.019
!MESSAGE 刷新资源时发生了问题
!SUBENTRY 1 org.eclipse.core.resources 4 1 2024-10-26 21:20:46.019
!MESSAGE 自动刷新本机代码 5 时发生了问题。

!ENTRY org.eclipse.core.resources 4 1 2024-10-26 21:20:47.032
!MESSAGE 刷新资源时发生了问题
!SUBENTRY 1 org.eclipse.core.resources 4 1 2024-10-26 21:20:47.032
!MESSAGE 自动刷新本机代码 5 时发生了问题。

!ENTRY org.eclipse.core.resources 4 1 2024-10-26 21:20:48.035
!MESSAGE 刷新资源时发生了问题
!SUBENTRY 1 org.eclipse.core.resources 4 1 2024-10-26 21:20:48.035
!MESSAGE 自动刷新本机代码 5 时发生了问题。

!ENTRY org.eclipse.core.resources 4 1 2024-10-26 21:20:49.048
!MESSAGE 刷新资源时发生了问题
!SUBENTRY 1 org.eclipse.core.resources 4 1 2024-10-26 21:20:49.048
!MESSAGE 自动刷新本机代码 5 时发生了问题。

!ENTRY org.eclipse.core.resources 4 1 2024-10-26 21:20:50.050
!MESSAGE 刷新资源时发生了问题
!SUBENTRY 1 org.eclipse.core.resources 4 1 2024-10-26 21:20:50.050
!MESSAGE 自动刷新本机代码 5 时发生了问题。

!ENTRY org.eclipse.core.resources 4 1 2024-10-26 21:20:51.053
!MESSAGE 刷新资源时发生了问题
!SUBENTRY 1 org.eclipse.core.resources 4 1 2024-10-26 21:20:51.053
!MESSAGE 自动刷新本机代码 5 时发生了问题。

!ENTRY org.eclipse.core.resources 4 1 2024-10-26 21:20:52.061
!MESSAGE 刷新资源时发生了问题
!SUBENTRY 1 org.eclipse.core.resources 4 1 2024-10-26 21:20:52.061
!MESSAGE 自动刷新本机代码 5 时发生了问题。

!ENTRY org.eclipse.core.resources 4 1 2024-10-26 21:20:53.065
!MESSAGE 刷新资源时发生了问题
!SUBENTRY 1 org.eclipse.core.resources 4 1 2024-10-26 21:20:53.065
!MESSAGE 自动刷新本机代码 5 时发生了问题。

!ENTRY org.eclipse.core.resources 4 1 2024-10-26 21:20:54.080
!MESSAGE 刷新资源时发生了问题
!SUBENTRY 1 org.eclipse.core.resources 4 1 2024-10-26 21:20:54.080
!MESSAGE 自动刷新本机代码 5 时发生了问题。

!ENTRY org.eclipse.core.resources 4 1 2024-10-26 21:20:55.082
!MESSAGE 刷新资源时发生了问题
!SUBENTRY 1 org.eclipse.core.resources 4 1 2024-10-26 21:20:55.082
!MESSAGE 自动刷新本机代码 5 时发生了问题。

!ENTRY org.eclipse.core.resources 4 1 2024-10-26 21:20:56.085
!MESSAGE 刷新资源时发生了问题
!SUBENTRY 1 org.eclipse.core.resources 4 1 2024-10-26 21:20:56.085
!MESSAGE 自动刷新本机代码 5 时发生了问题。

!ENTRY org.eclipse.core.resources 4 1 2024-10-26 21:20:57.088
!MESSAGE 刷新资源时发生了问题
!SUBENTRY 1 org.eclipse.core.resources 4 1 2024-10-26 21:20:57.088
!MESSAGE 自动刷新本机代码 5 时发生了问题。

!ENTRY org.eclipse.core.resources 4 1 2024-10-26 21:20:58.148
!MESSAGE 刷新资源时发生了问题
!SUBENTRY 1 org.eclipse.core.resources 4 1 2024-10-26 21:20:58.148
!MESSAGE 自动刷新本机代码 5 时发生了问题。

!ENTRY org.eclipse.core.resources 4 1 2024-10-26 21:20:59.163
!MESSAGE 刷新资源时发生了问题
!SUBENTRY 1 org.eclipse.core.resources 4 1 2024-10-26 21:20:59.163
!MESSAGE 自动刷新本机代码 5 时发生了问题。

!ENTRY org.eclipse.core.resources 4 1 2024-10-26 21:21:00.223
!MESSAGE 刷新资源时发生了问题
!SUBENTRY 1 org.eclipse.core.resources 4 1 2024-10-26 21:21:00.223
!MESSAGE 自动刷新本机代码 5 时发生了问题。

!ENTRY org.eclipse.core.resources 4 1 2024-10-26 21:21:01.227
!MESSAGE 刷新资源时发生了问题
!SUBENTRY 1 org.eclipse.core.resources 4 1 2024-10-26 21:21:01.227
!MESSAGE 自动刷新本机代码 5 时发生了问题。

!ENTRY org.eclipse.core.resources 4 1 2024-10-26 21:21:02.242
!MESSAGE 刷新资源时发生了问题
!SUBENTRY 1 org.eclipse.core.resources 4 1 2024-10-26 21:21:02.242
!MESSAGE 自动刷新本机代码 5 时发生了问题。

!ENTRY org.eclipse.core.resources 4 1 2024-10-26 21:21:03.243
!MESSAGE 刷新资源时发生了问题
!SUBENTRY 1 org.eclipse.core.resources 4 1 2024-10-26 21:21:03.243
!MESSAGE 自动刷新本机代码 5 时发生了问题。

!ENTRY org.eclipse.core.resources 4 1 2024-10-26 21:21:04.246
!MESSAGE 刷新资源时发生了问题
!SUBENTRY 1 org.eclipse.core.resources 4 1 2024-10-26 21:21:04.246
!MESSAGE 自动刷新本机代码 5 时发生了问题。

!ENTRY org.eclipse.core.resources 4 1 2024-10-26 21:21:05.261
!MESSAGE 刷新资源时发生了问题
!SUBENTRY 1 org.eclipse.core.resources 4 1 2024-10-26 21:21:05.261
!MESSAGE 自动刷新本机代码 5 时发生了问题。

!ENTRY org.eclipse.core.resources 4 1 2024-10-26 21:21:06.266
!MESSAGE 刷新资源时发生了问题
!SUBENTRY 1 org.eclipse.core.resources 4 1 2024-10-26 21:21:06.266
!MESSAGE 自动刷新本机代码 5 时发生了问题。

!ENTRY org.eclipse.core.resources 4 1 2024-10-26 21:21:07.268
!MESSAGE 刷新资源时发生了问题
!SUBENTRY 1 org.eclipse.core.resources 4 1 2024-10-26 21:21:07.268
!MESSAGE 自动刷新本机代码 5 时发生了问题。

!ENTRY org.eclipse.core.resources 4 1 2024-10-26 21:21:08.277
!MESSAGE 刷新资源时发生了问题
!SUBENTRY 1 org.eclipse.core.resources 4 1 2024-10-26 21:21:08.277
!MESSAGE 自动刷新本机代码 5 时发生了问题。

!ENTRY org.eclipse.core.resources 4 1 2024-10-26 21:21:09.286
!MESSAGE 刷新资源时发生了问题
!SUBENTRY 1 org.eclipse.core.resources 4 1 2024-10-26 21:21:09.286
!MESSAGE 自动刷新本机代码 5 时发生了问题。

!ENTRY org.eclipse.core.resources 4 1 2024-10-26 21:21:10.300
!MESSAGE 刷新资源时发生了问题
!SUBENTRY 1 org.eclipse.core.resources 4 1 2024-10-26 21:21:10.300
!MESSAGE 自动刷新本机代码 5 时发生了问题。

!ENTRY org.eclipse.core.resources 4 1 2024-10-26 21:21:11.315
!MESSAGE 刷新资源时发生了问题
!SUBENTRY 1 org.eclipse.core.resources 4 1 2024-10-26 21:21:11.315
!MESSAGE 自动刷新本机代码 5 时发生了问题。

!ENTRY org.eclipse.core.resources 4 1 2024-10-26 21:21:12.332
!MESSAGE 刷新资源时发生了问题
!SUBENTRY 1 org.eclipse.core.resources 4 1 2024-10-26 21:21:12.333
!MESSAGE 自动刷新本机代码 5 时发生了问题。

!ENTRY org.eclipse.core.resources 4 1 2024-10-26 21:21:13.347
!MESSAGE 刷新资源时发生了问题
!SUBENTRY 1 org.eclipse.core.resources 4 1 2024-10-26 21:21:13.347
!MESSAGE 自动刷新本机代码 5 时发生了问题。

!ENTRY org.eclipse.core.resources 4 1 2024-10-26 21:21:14.358
!MESSAGE 刷新资源时发生了问题
!SUBENTRY 1 org.eclipse.core.resources 4 1 2024-10-26 21:21:14.358
!MESSAGE 自动刷新本机代码 5 时发生了问题。

!ENTRY org.eclipse.core.resources 4 1 2024-10-26 21:21:15.364
!MESSAGE 刷新资源时发生了问题
!SUBENTRY 1 org.eclipse.core.resources 4 1 2024-10-26 21:21:15.364
!MESSAGE 自动刷新本机代码 5 时发生了问题。

!ENTRY org.eclipse.core.resources 4 1 2024-10-26 21:21:16.367
!MESSAGE 刷新资源时发生了问题
!SUBENTRY 1 org.eclipse.core.resources 4 1 2024-10-26 21:21:16.367
!MESSAGE 自动刷新本机代码 5 时发生了问题。

!ENTRY org.eclipse.core.resources 4 1 2024-10-26 21:21:17.380
!MESSAGE 刷新资源时发生了问题
!SUBENTRY 1 org.eclipse.core.resources 4 1 2024-10-26 21:21:17.380
!MESSAGE 自动刷新本机代码 5 时发生了问题。

!ENTRY org.eclipse.core.resources 4 1 2024-10-26 21:21:18.395
!MESSAGE 刷新资源时发生了问题
!SUBENTRY 1 org.eclipse.core.resources 4 1 2024-10-26 21:21:18.395
!MESSAGE 自动刷新本机代码 5 时发生了问题。

!ENTRY org.eclipse.core.resources 4 1 2024-10-26 21:21:19.397
!MESSAGE 刷新资源时发生了问题
!SUBENTRY 1 org.eclipse.core.resources 4 1 2024-10-26 21:21:19.397
!MESSAGE 自动刷新本机代码 5 时发生了问题。

!ENTRY org.eclipse.core.resources 4 1 2024-10-26 21:21:20.402
!MESSAGE 刷新资源时发生了问题
!SUBENTRY 1 org.eclipse.core.resources 4 1 2024-10-26 21:21:20.402
!MESSAGE 自动刷新本机代码 5 时发生了问题。

!ENTRY org.eclipse.core.resources 4 1 2024-10-26 21:21:21.416
!MESSAGE 刷新资源时发生了问题
!SUBENTRY 1 org.eclipse.core.resources 4 1 2024-10-26 21:21:21.416
!MESSAGE 自动刷新本机代码 5 时发生了问题。

!ENTRY org.eclipse.core.resources 4 1 2024-10-26 21:21:22.429
!MESSAGE 刷新资源时发生了问题
!SUBENTRY 1 org.eclipse.core.resources 4 1 2024-10-26 21:21:22.429
!MESSAGE 自动刷新本机代码 5 时发生了问题。

!ENTRY org.eclipse.core.resources 4 1 2024-10-26 21:21:23.444
!MESSAGE 刷新资源时发生了问题
!SUBENTRY 1 org.eclipse.core.resources 4 1 2024-10-26 21:21:23.444
!MESSAGE 自动刷新本机代码 5 时发生了问题。

!ENTRY org.eclipse.core.resources 4 1 2024-10-26 21:21:24.445
!MESSAGE 刷新资源时发生了问题
!SUBENTRY 1 org.eclipse.core.resources 4 1 2024-10-26 21:21:24.445
!MESSAGE 自动刷新本机代码 5 时发生了问题。

!ENTRY org.eclipse.core.resources 4 1 2024-10-26 21:21:25.459
!MESSAGE 刷新资源时发生了问题
!SUBENTRY 1 org.eclipse.core.resources 4 1 2024-10-26 21:21:25.459
!MESSAGE 自动刷新本机代码 5 时发生了问题。

!ENTRY org.eclipse.core.resources 4 1 2024-10-26 21:21:26.475
!MESSAGE 刷新资源时发生了问题
!SUBENTRY 1 org.eclipse.core.resources 4 1 2024-10-26 21:21:26.475
!MESSAGE 自动刷新本机代码 5 时发生了问题。

!ENTRY org.eclipse.core.resources 4 1 2024-10-26 21:21:27.488
!MESSAGE 刷新资源时发生了问题
!SUBENTRY 1 org.eclipse.core.resources 4 1 2024-10-26 21:21:27.488
!MESSAGE 自动刷新本机代码 5 时发生了问题。

!ENTRY org.eclipse.core.resources 4 1 2024-10-26 21:21:28.492
!MESSAGE 刷新资源时发生了问题
!SUBENTRY 1 org.eclipse.core.resources 4 1 2024-10-26 21:21:28.492
!MESSAGE 自动刷新本机代码 5 时发生了问题。

!ENTRY org.eclipse.core.resources 4 1 2024-10-26 21:21:29.499
!MESSAGE 刷新资源时发生了问题
!SUBENTRY 1 org.eclipse.core.resources 4 1 2024-10-26 21:21:29.499
!MESSAGE 自动刷新本机代码 5 时发生了问题。

!ENTRY org.eclipse.core.resources 4 1 2024-10-26 21:21:30.500
!MESSAGE 刷新资源时发生了问题
!SUBENTRY 1 org.eclipse.core.resources 4 1 2024-10-26 21:21:30.500
!MESSAGE 自动刷新本机代码 5 时发生了问题。

!ENTRY org.eclipse.core.resources 4 1 2024-10-26 21:21:31.501
!MESSAGE 刷新资源时发生了问题
!SUBENTRY 1 org.eclipse.core.resources 4 1 2024-10-26 21:21:31.501
!MESSAGE 自动刷新本机代码 5 时发生了问题。

!ENTRY org.eclipse.core.resources 4 1 2024-10-26 21:21:32.502
!MESSAGE 刷新资源时发生了问题
!SUBENTRY 1 org.eclipse.core.resources 4 1 2024-10-26 21:21:32.502
!MESSAGE 自动刷新本机代码 5 时发生了问题。

!ENTRY org.eclipse.core.resources 4 1 2024-10-26 21:21:33.503
!MESSAGE 刷新资源时发生了问题
!SUBENTRY 1 org.eclipse.core.resources 4 1 2024-10-26 21:21:33.503
!MESSAGE 自动刷新本机代码 5 时发生了问题。

!ENTRY org.eclipse.core.resources 4 1 2024-10-26 21:21:34.554
!MESSAGE 刷新资源时发生了问题
!SUBENTRY 1 org.eclipse.core.resources 4 1 2024-10-26 21:21:34.554
!MESSAGE 自动刷新本机代码 5 时发生了问题。

!ENTRY org.eclipse.core.resources 4 1 2024-10-26 21:21:35.586
!MESSAGE 刷新资源时发生了问题
!SUBENTRY 1 org.eclipse.core.resources 4 1 2024-10-26 21:21:35.586
!MESSAGE 自动刷新本机代码 5 时发生了问题。

!ENTRY org.eclipse.core.resources 4 1 2024-10-26 21:21:36.588
!MESSAGE 刷新资源时发生了问题
!SUBENTRY 1 org.eclipse.core.resources 4 1 2024-10-26 21:21:36.588
!MESSAGE 自动刷新本机代码 5 时发生了问题。

!ENTRY org.eclipse.core.resources 4 1 2024-10-26 21:21:37.589
!MESSAGE 刷新资源时发生了问题
!SUBENTRY 1 org.eclipse.core.resources 4 1 2024-10-26 21:21:37.589
!MESSAGE 自动刷新本机代码 5 时发生了问题。

!ENTRY org.eclipse.core.resources 4 1 2024-10-26 21:21:38.600
!MESSAGE 刷新资源时发生了问题
!SUBENTRY 1 org.eclipse.core.resources 4 1 2024-10-26 21:21:38.600
!MESSAGE 自动刷新本机代码 5 时发生了问题。

!ENTRY org.eclipse.core.resources 4 1 2024-10-26 21:21:39.603
!MESSAGE 刷新资源时发生了问题
!SUBENTRY 1 org.eclipse.core.resources 4 1 2024-10-26 21:21:39.603
!MESSAGE 自动刷新本机代码 5 时发生了问题。

!ENTRY org.eclipse.core.resources 4 1 2024-10-26 21:21:40.655
!MESSAGE 刷新资源时发生了问题
!SUBENTRY 1 org.eclipse.core.resources 4 1 2024-10-26 21:21:40.655
!MESSAGE 自动刷新本机代码 5 时发生了问题。

!ENTRY org.eclipse.core.resources 4 1 2024-10-26 21:21:41.706
!MESSAGE 刷新资源时发生了问题
!SUBENTRY 1 org.eclipse.core.resources 4 1 2024-10-26 21:21:41.706
!MESSAGE 自动刷新本机代码 5 时发生了问题。

!ENTRY org.eclipse.core.resources 4 1 2024-10-26 21:21:42.756
!MESSAGE 刷新资源时发生了问题
!SUBENTRY 1 org.eclipse.core.resources 4 1 2024-10-26 21:21:42.756
!MESSAGE 自动刷新本机代码 5 时发生了问题。

!ENTRY org.eclipse.core.resources 4 1 2024-10-26 21:21:43.758
!MESSAGE 刷新资源时发生了问题
!SUBENTRY 1 org.eclipse.core.resources 4 1 2024-10-26 21:21:43.758
!MESSAGE 自动刷新本机代码 5 时发生了问题。

!ENTRY org.eclipse.core.resources 4 1 2024-10-26 21:21:44.808
!MESSAGE 刷新资源时发生了问题
!SUBENTRY 1 org.eclipse.core.resources 4 1 2024-10-26 21:21:44.808
!MESSAGE 自动刷新本机代码 5 时发生了问题。

!ENTRY org.eclipse.core.resources 4 1 2024-10-26 21:21:45.860
!MESSAGE 刷新资源时发生了问题
!SUBENTRY 1 org.eclipse.core.resources 4 1 2024-10-26 21:21:45.860
!MESSAGE 自动刷新本机代码 5 时发生了问题。

!ENTRY org.eclipse.core.resources 4 1 2024-10-26 21:21:46.861
!MESSAGE 刷新资源时发生了问题
!SUBENTRY 1 org.eclipse.core.resources 4 1 2024-10-26 21:21:46.861
!MESSAGE 自动刷新本机代码 5 时发生了问题。

!ENTRY org.eclipse.core.resources 4 1 2024-10-26 21:21:47.912
!MESSAGE 刷新资源时发生了问题
!SUBENTRY 1 org.eclipse.core.resources 4 1 2024-10-26 21:21:47.912
!MESSAGE 自动刷新本机代码 5 时发生了问题。

!ENTRY org.eclipse.core.resources 4 1 2024-10-26 21:21:48.955
!MESSAGE 刷新资源时发生了问题
!SUBENTRY 1 org.eclipse.core.resources 4 1 2024-10-26 21:21:48.955
!MESSAGE 自动刷新本机代码 5 时发生了问题。

!ENTRY org.eclipse.core.resources 4 1 2024-10-26 21:21:49.956
!MESSAGE 刷新资源时发生了问题
!SUBENTRY 1 org.eclipse.core.resources 4 1 2024-10-26 21:21:49.956
!MESSAGE 自动刷新本机代码 5 时发生了问题。

!ENTRY org.eclipse.core.resources 4 1 2024-10-26 21:21:50.957
!MESSAGE 刷新资源时发生了问题
!SUBENTRY 1 org.eclipse.core.resources 4 1 2024-10-26 21:21:50.957
!MESSAGE 自动刷新本机代码 5 时发生了问题。

!ENTRY org.eclipse.core.resources 4 1 2024-10-26 21:21:51.959
!MESSAGE 刷新资源时发生了问题
!SUBENTRY 1 org.eclipse.core.resources 4 1 2024-10-26 21:21:51.959
!MESSAGE 自动刷新本机代码 5 时发生了问题。

!ENTRY org.eclipse.core.resources 4 1 2024-10-26 21:21:52.962
!MESSAGE 刷新资源时发生了问题
!SUBENTRY 1 org.eclipse.core.resources 4 1 2024-10-26 21:21:52.962
!MESSAGE 自动刷新本机代码 5 时发生了问题。

!ENTRY org.eclipse.core.resources 4 1 2024-10-26 21:21:53.963
!MESSAGE 刷新资源时发生了问题
!SUBENTRY 1 org.eclipse.core.resources 4 1 2024-10-26 21:21:53.963
!MESSAGE 自动刷新本机代码 5 时发生了问题。

!ENTRY org.eclipse.core.resources 4 1 2024-10-26 21:21:55.014
!MESSAGE 刷新资源时发生了问题
!SUBENTRY 1 org.eclipse.core.resources 4 1 2024-10-26 21:21:55.014
!MESSAGE 自动刷新本机代码 5 时发生了问题。

!ENTRY org.eclipse.core.resources 4 1 2024-10-26 21:21:56.065
!MESSAGE 刷新资源时发生了问题
!SUBENTRY 1 org.eclipse.core.resources 4 1 2024-10-26 21:21:56.065
!MESSAGE 自动刷新本机代码 5 时发生了问题。

!ENTRY org.eclipse.core.resources 4 1 2024-10-26 21:21:57.115
!MESSAGE 刷新资源时发生了问题
!SUBENTRY 1 org.eclipse.core.resources 4 1 2024-10-26 21:21:57.115
!MESSAGE 自动刷新本机代码 5 时发生了问题。

!ENTRY org.eclipse.core.resources 4 1 2024-10-26 21:21:58.166
!MESSAGE 刷新资源时发生了问题
!SUBENTRY 1 org.eclipse.core.resources 4 1 2024-10-26 21:21:58.166
!MESSAGE 自动刷新本机代码 5 时发生了问题。

!ENTRY org.eclipse.core.resources 4 1 2024-10-26 21:21:59.167
!MESSAGE 刷新资源时发生了问题
!SUBENTRY 1 org.eclipse.core.resources 4 1 2024-10-26 21:21:59.167
!MESSAGE 自动刷新本机代码 5 时发生了问题。

!ENTRY org.eclipse.core.resources 4 1 2024-10-26 21:22:00.219
!MESSAGE 刷新资源时发生了问题
!SUBENTRY 1 org.eclipse.core.resources 4 1 2024-10-26 21:22:00.219
!MESSAGE 自动刷新本机代码 5 时发生了问题。

!ENTRY org.eclipse.core.resources 4 1 2024-10-26 21:22:01.270
!MESSAGE 刷新资源时发生了问题
!SUBENTRY 1 org.eclipse.core.resources 4 1 2024-10-26 21:22:01.270
!MESSAGE 自动刷新本机代码 5 时发生了问题。

!ENTRY org.eclipse.core.resources 4 1 2024-10-26 21:22:02.322
!MESSAGE 刷新资源时发生了问题
!SUBENTRY 1 org.eclipse.core.resources 4 1 2024-10-26 21:22:02.322
!MESSAGE 自动刷新本机代码 5 时发生了问题。

!ENTRY org.eclipse.core.resources 4 1 2024-10-26 21:22:03.372
!MESSAGE 刷新资源时发生了问题
!SUBENTRY 1 org.eclipse.core.resources 4 1 2024-10-26 21:22:03.372
!MESSAGE 自动刷新本机代码 5 时发生了问题。

!ENTRY org.eclipse.core.resources 4 1 2024-10-26 21:22:04.374
!MESSAGE 刷新资源时发生了问题
!SUBENTRY 1 org.eclipse.core.resources 4 1 2024-10-26 21:22:04.374
!MESSAGE 自动刷新本机代码 5 时发生了问题。

!ENTRY org.eclipse.core.resources 4 1 2024-10-26 21:22:05.424
!MESSAGE 刷新资源时发生了问题
!SUBENTRY 1 org.eclipse.core.resources 4 1 2024-10-26 21:22:05.424
!MESSAGE 自动刷新本机代码 5 时发生了问题。

!ENTRY org.eclipse.core.resources 4 1 2024-10-26 21:22:06.425
!MESSAGE 刷新资源时发生了问题
!SUBENTRY 1 org.eclipse.core.resources 4 1 2024-10-26 21:22:06.425
!MESSAGE 自动刷新本机代码 5 时发生了问题。

!ENTRY org.eclipse.core.resources 4 1 2024-10-26 21:22:07.426
!MESSAGE 刷新资源时发生了问题
!SUBENTRY 1 org.eclipse.core.resources 4 1 2024-10-26 21:22:07.426
!MESSAGE 自动刷新本机代码 5 时发生了问题。

!ENTRY org.eclipse.core.resources 4 1 2024-10-26 21:22:08.427
!MESSAGE 刷新资源时发生了问题
!SUBENTRY 1 org.eclipse.core.resources 4 1 2024-10-26 21:22:08.427
!MESSAGE 自动刷新本机代码 5 时发生了问题。

!ENTRY org.eclipse.core.resources 4 1 2024-10-26 21:22:09.428
!MESSAGE 刷新资源时发生了问题
!SUBENTRY 1 org.eclipse.core.resources 4 1 2024-10-26 21:22:09.428
!MESSAGE 自动刷新本机代码 5 时发生了问题。

!ENTRY org.eclipse.core.resources 4 1 2024-10-26 21:22:10.429
!MESSAGE 刷新资源时发生了问题
!SUBENTRY 1 org.eclipse.core.resources 4 1 2024-10-26 21:22:10.429
!MESSAGE 自动刷新本机代码 5 时发生了问题。

!ENTRY org.eclipse.core.resources 4 1 2024-10-26 21:22:11.480
!MESSAGE 刷新资源时发生了问题
!SUBENTRY 1 org.eclipse.core.resources 4 1 2024-10-26 21:22:11.480
!MESSAGE 自动刷新本机代码 5 时发生了问题。

!ENTRY org.eclipse.core.resources 4 1 2024-10-26 21:22:12.481
!MESSAGE 刷新资源时发生了问题
!SUBENTRY 1 org.eclipse.core.resources 4 1 2024-10-26 21:22:12.481
!MESSAGE 自动刷新本机代码 5 时发生了问题。

!ENTRY org.eclipse.core.resources 4 1 2024-10-26 21:22:13.532
!MESSAGE 刷新资源时发生了问题
!SUBENTRY 1 org.eclipse.core.resources 4 1 2024-10-26 21:22:13.532
!MESSAGE 自动刷新本机代码 5 时发生了问题。

!ENTRY org.eclipse.core.resources 4 1 2024-10-26 21:22:14.533
!MESSAGE 刷新资源时发生了问题
!SUBENTRY 1 org.eclipse.core.resources 4 1 2024-10-26 21:22:14.533
!MESSAGE 自动刷新本机代码 5 时发生了问题。

!ENTRY org.eclipse.core.resources 4 1 2024-10-26 21:22:15.534
!MESSAGE 刷新资源时发生了问题
!SUBENTRY 1 org.eclipse.core.resources 4 1 2024-10-26 21:22:15.534
!MESSAGE 自动刷新本机代码 5 时发生了问题。

!ENTRY org.eclipse.core.resources 4 1 2024-10-26 21:22:16.556
!MESSAGE 刷新资源时发生了问题
!SUBENTRY 1 org.eclipse.core.resources 4 1 2024-10-26 21:22:16.556
!MESSAGE 自动刷新本机代码 5 时发生了问题。

!ENTRY org.eclipse.core.resources 4 1 2024-10-26 21:22:17.607
!MESSAGE 刷新资源时发生了问题
!SUBENTRY 1 org.eclipse.core.resources 4 1 2024-10-26 21:22:17.607
!MESSAGE 自动刷新本机代码 5 时发生了问题。

!ENTRY org.eclipse.core.resources 4 1 2024-10-26 21:22:18.658
!MESSAGE 刷新资源时发生了问题
!SUBENTRY 1 org.eclipse.core.resources 4 1 2024-10-26 21:22:18.658
!MESSAGE 自动刷新本机代码 5 时发生了问题。

!ENTRY org.eclipse.core.resources 4 1 2024-10-26 21:22:19.659
!MESSAGE 刷新资源时发生了问题
!SUBENTRY 1 org.eclipse.core.resources 4 1 2024-10-26 21:22:19.659
!MESSAGE 自动刷新本机代码 5 时发生了问题。

!ENTRY org.eclipse.core.resources 4 1 2024-10-26 21:22:20.709
!MESSAGE 刷新资源时发生了问题
!SUBENTRY 1 org.eclipse.core.resources 4 1 2024-10-26 21:22:20.709
!MESSAGE 自动刷新本机代码 5 时发生了问题。

!ENTRY org.eclipse.core.resources 4 1 2024-10-26 21:22:21.710
!MESSAGE 刷新资源时发生了问题
!SUBENTRY 1 org.eclipse.core.resources 4 1 2024-10-26 21:22:21.710
!MESSAGE 自动刷新本机代码 5 时发生了问题。

!ENTRY org.eclipse.core.resources 4 1 2024-10-26 21:22:22.711
!MESSAGE 刷新资源时发生了问题
!SUBENTRY 1 org.eclipse.core.resources 4 1 2024-10-26 21:22:22.711
!MESSAGE 自动刷新本机代码 5 时发生了问题。

!ENTRY org.eclipse.core.resources 4 1 2024-10-26 21:22:23.712
!MESSAGE 刷新资源时发生了问题
!SUBENTRY 1 org.eclipse.core.resources 4 1 2024-10-26 21:22:23.713
!MESSAGE 自动刷新本机代码 5 时发生了问题。

!ENTRY org.eclipse.core.resources 4 1 2024-10-26 21:22:24.714
!MESSAGE 刷新资源时发生了问题
!SUBENTRY 1 org.eclipse.core.resources 4 1 2024-10-26 21:22:24.714
!MESSAGE 自动刷新本机代码 5 时发生了问题。

!ENTRY org.eclipse.core.resources 4 1 2024-10-26 21:22:25.715
!MESSAGE 刷新资源时发生了问题
!SUBENTRY 1 org.eclipse.core.resources 4 1 2024-10-26 21:22:25.715
!MESSAGE 自动刷新本机代码 5 时发生了问题。

!ENTRY org.eclipse.core.resources 4 1 2024-10-26 21:22:26.762
!MESSAGE 刷新资源时发生了问题
!SUBENTRY 1 org.eclipse.core.resources 4 1 2024-10-26 21:22:26.762
!MESSAGE 自动刷新本机代码 5 时发生了问题。

!ENTRY org.eclipse.core.resources 4 1 2024-10-26 21:22:27.763
!MESSAGE 刷新资源时发生了问题
!SUBENTRY 1 org.eclipse.core.resources 4 1 2024-10-26 21:22:27.763
!MESSAGE 自动刷新本机代码 5 时发生了问题。

!ENTRY org.eclipse.core.resources 4 1 2024-10-26 21:22:28.764
!MESSAGE 刷新资源时发生了问题
!SUBENTRY 1 org.eclipse.core.resources 4 1 2024-10-26 21:22:28.764
!MESSAGE 自动刷新本机代码 5 时发生了问题。

!ENTRY org.eclipse.core.resources 4 1 2024-10-26 21:22:29.814
!MESSAGE 刷新资源时发生了问题
!SUBENTRY 1 org.eclipse.core.resources 4 1 2024-10-26 21:22:29.814
!MESSAGE 自动刷新本机代码 5 时发生了问题。

!ENTRY org.eclipse.core.resources 4 1 2024-10-26 21:22:30.818
!MESSAGE 刷新资源时发生了问题
!SUBENTRY 1 org.eclipse.core.resources 4 1 2024-10-26 21:22:30.818
!MESSAGE 自动刷新本机代码 5 时发生了问题。

!ENTRY org.eclipse.core.resources 4 1 2024-10-26 21:22:31.908
!MESSAGE 刷新资源时发生了问题
!SUBENTRY 1 org.eclipse.core.resources 4 1 2024-10-26 21:22:31.908
!MESSAGE 自动刷新本机代码 5 时发生了问题。

!ENTRY org.eclipse.core.resources 4 1 2024-10-26 21:22:32.910
!MESSAGE 刷新资源时发生了问题
!SUBENTRY 1 org.eclipse.core.resources 4 1 2024-10-26 21:22:32.910
!MESSAGE 自动刷新本机代码 5 时发生了问题。

!ENTRY org.eclipse.core.resources 4 1 2024-10-26 21:22:33.915
!MESSAGE 刷新资源时发生了问题
!SUBENTRY 1 org.eclipse.core.resources 4 1 2024-10-26 21:22:33.915
!MESSAGE 自动刷新本机代码 5 时发生了问题。

!ENTRY org.eclipse.core.resources 4 1 2024-10-26 21:22:34.929
!MESSAGE 刷新资源时发生了问题
!SUBENTRY 1 org.eclipse.core.resources 4 1 2024-10-26 21:22:34.929
!MESSAGE 自动刷新本机代码 5 时发生了问题。

!ENTRY org.eclipse.core.resources 4 1 2024-10-26 21:22:35.942
!MESSAGE 刷新资源时发生了问题
!SUBENTRY 1 org.eclipse.core.resources 4 1 2024-10-26 21:22:35.942
!MESSAGE 自动刷新本机代码 5 时发生了问题。

!ENTRY org.eclipse.core.resources 4 1 2024-10-26 21:22:36.958
!MESSAGE 刷新资源时发生了问题
!SUBENTRY 1 org.eclipse.core.resources 4 1 2024-10-26 21:22:36.958
!MESSAGE 自动刷新本机代码 5 时发生了问题。

!ENTRY org.eclipse.core.resources 4 1 2024-10-26 21:22:37.968
!MESSAGE 刷新资源时发生了问题
!SUBENTRY 1 org.eclipse.core.resources 4 1 2024-10-26 21:22:37.968
!MESSAGE 自动刷新本机代码 5 时发生了问题。

!ENTRY org.eclipse.core.resources 4 1 2024-10-26 21:22:38.972
!MESSAGE 刷新资源时发生了问题
!SUBENTRY 1 org.eclipse.core.resources 4 1 2024-10-26 21:22:38.972
!MESSAGE 自动刷新本机代码 5 时发生了问题。

!ENTRY org.eclipse.core.resources 4 1 2024-10-26 21:22:39.987
!MESSAGE 刷新资源时发生了问题
!SUBENTRY 1 org.eclipse.core.resources 4 1 2024-10-26 21:22:39.987
!MESSAGE 自动刷新本机代码 5 时发生了问题。

!ENTRY org.eclipse.core.resources 4 1 2024-10-26 21:22:40.992
!MESSAGE 刷新资源时发生了问题
!SUBENTRY 1 org.eclipse.core.resources 4 1 2024-10-26 21:22:40.992
!MESSAGE 自动刷新本机代码 5 时发生了问题。

!ENTRY org.eclipse.core.resources 4 1 2024-10-26 21:22:41.994
!MESSAGE 刷新资源时发生了问题
!SUBENTRY 1 org.eclipse.core.resources 4 1 2024-10-26 21:22:41.994
!MESSAGE 自动刷新本机代码 5 时发生了问题。

!ENTRY org.eclipse.core.resources 4 1 2024-10-26 21:22:42.997
!MESSAGE 刷新资源时发生了问题
!SUBENTRY 1 org.eclipse.core.resources 4 1 2024-10-26 21:22:42.997
!MESSAGE 自动刷新本机代码 5 时发生了问题。

!ENTRY org.eclipse.core.resources 4 1 2024-10-26 21:22:44.012
!MESSAGE 刷新资源时发生了问题
!SUBENTRY 1 org.eclipse.core.resources 4 1 2024-10-26 21:22:44.012
!MESSAGE 自动刷新本机代码 5 时发生了问题。

!ENTRY org.eclipse.core.resources 4 1 2024-10-26 21:22:45.027
!MESSAGE 刷新资源时发生了问题
!SUBENTRY 1 org.eclipse.core.resources 4 1 2024-10-26 21:22:45.027
!MESSAGE 自动刷新本机代码 5 时发生了问题。

!ENTRY org.eclipse.core.resources 4 1 2024-10-26 21:22:46.030
!MESSAGE 刷新资源时发生了问题
!SUBENTRY 1 org.eclipse.core.resources 4 1 2024-10-26 21:22:46.030
!MESSAGE 自动刷新本机代码 5 时发生了问题。

!ENTRY org.eclipse.core.resources 4 1 2024-10-26 21:22:47.034
!MESSAGE 刷新资源时发生了问题
!SUBENTRY 1 org.eclipse.core.resources 4 1 2024-10-26 21:22:47.034
!MESSAGE 自动刷新本机代码 5 时发生了问题。

!ENTRY org.eclipse.core.resources 4 1 2024-10-26 21:22:48.046
!MESSAGE 刷新资源时发生了问题
!SUBENTRY 1 org.eclipse.core.resources 4 1 2024-10-26 21:22:48.046
!MESSAGE 自动刷新本机代码 5 时发生了问题。

!ENTRY org.eclipse.core.resources 4 1 2024-10-26 21:22:49.049
!MESSAGE 刷新资源时发生了问题
!SUBENTRY 1 org.eclipse.core.resources 4 1 2024-10-26 21:22:49.049
!MESSAGE 自动刷新本机代码 5 时发生了问题。

!ENTRY org.eclipse.core.resources 4 1 2024-10-26 21:22:50.052
!MESSAGE 刷新资源时发生了问题
!SUBENTRY 1 org.eclipse.core.resources 4 1 2024-10-26 21:22:50.052
!MESSAGE 自动刷新本机代码 5 时发生了问题。

!ENTRY org.eclipse.core.resources 4 1 2024-10-26 21:22:51.054
!MESSAGE 刷新资源时发生了问题
!SUBENTRY 1 org.eclipse.core.resources 4 1 2024-10-26 21:22:51.054
!MESSAGE 自动刷新本机代码 5 时发生了问题。

!ENTRY org.eclipse.core.resources 4 1 2024-10-26 21:22:52.058
!MESSAGE 刷新资源时发生了问题
!SUBENTRY 1 org.eclipse.core.resources 4 1 2024-10-26 21:22:52.058
!MESSAGE 自动刷新本机代码 5 时发生了问题。

!ENTRY org.eclipse.core.resources 4 1 2024-10-26 21:22:53.073
!MESSAGE 刷新资源时发生了问题
!SUBENTRY 1 org.eclipse.core.resources 4 1 2024-10-26 21:22:53.073
!MESSAGE 自动刷新本机代码 5 时发生了问题。

!ENTRY org.eclipse.core.resources 4 1 2024-10-26 21:22:54.088
!MESSAGE 刷新资源时发生了问题
!SUBENTRY 1 org.eclipse.core.resources 4 1 2024-10-26 21:22:54.088
!MESSAGE 自动刷新本机代码 5 时发生了问题。

!ENTRY org.eclipse.core.resources 4 1 2024-10-26 21:22:55.089
!MESSAGE 刷新资源时发生了问题
!SUBENTRY 1 org.eclipse.core.resources 4 1 2024-10-26 21:22:55.089
!MESSAGE 自动刷新本机代码 5 时发生了问题。

!ENTRY org.eclipse.core.resources 4 1 2024-10-26 21:22:56.092
!MESSAGE 刷新资源时发生了问题
!SUBENTRY 1 org.eclipse.core.resources 4 1 2024-10-26 21:22:56.092
!MESSAGE 自动刷新本机代码 5 时发生了问题。

!ENTRY org.eclipse.core.resources 4 1 2024-10-26 21:22:57.101
!MESSAGE 刷新资源时发生了问题
!SUBENTRY 1 org.eclipse.core.resources 4 1 2024-10-26 21:22:57.101
!MESSAGE 自动刷新本机代码 5 时发生了问题。

!ENTRY org.eclipse.core.resources 4 1 2024-10-26 21:22:58.103
!MESSAGE 刷新资源时发生了问题
!SUBENTRY 1 org.eclipse.core.resources 4 1 2024-10-26 21:22:58.103
!MESSAGE 自动刷新本机代码 5 时发生了问题。

!ENTRY org.eclipse.core.resources 4 1 2024-10-26 21:22:59.117
!MESSAGE 刷新资源时发生了问题
!SUBENTRY 1 org.eclipse.core.resources 4 1 2024-10-26 21:22:59.117
!MESSAGE 自动刷新本机代码 5 时发生了问题。

!ENTRY org.eclipse.core.resources 4 1 2024-10-26 21:23:00.132
!MESSAGE 刷新资源时发生了问题
!SUBENTRY 1 org.eclipse.core.resources 4 1 2024-10-26 21:23:00.132
!MESSAGE 自动刷新本机代码 5 时发生了问题。

!ENTRY org.eclipse.core.resources 4 1 2024-10-26 21:23:01.133
!MESSAGE 刷新资源时发生了问题
!SUBENTRY 1 org.eclipse.core.resources 4 1 2024-10-26 21:23:01.133
!MESSAGE 自动刷新本机代码 5 时发生了问题。

!ENTRY org.eclipse.core.resources 4 1 2024-10-26 21:23:02.134
!MESSAGE 刷新资源时发生了问题
!SUBENTRY 1 org.eclipse.core.resources 4 1 2024-10-26 21:23:02.134
!MESSAGE 自动刷新本机代码 5 时发生了问题。

!ENTRY org.eclipse.core.resources 4 1 2024-10-26 21:23:03.194
!MESSAGE 刷新资源时发生了问题
!SUBENTRY 1 org.eclipse.core.resources 4 1 2024-10-26 21:23:03.194
!MESSAGE 自动刷新本机代码 5 时发生了问题。

!ENTRY org.eclipse.core.resources 4 1 2024-10-26 21:23:04.215
!MESSAGE 刷新资源时发生了问题
!SUBENTRY 1 org.eclipse.core.resources 4 1 2024-10-26 21:23:04.215
!MESSAGE 自动刷新本机代码 5 时发生了问题。

!ENTRY org.eclipse.core.resources 4 1 2024-10-26 21:23:05.226
!MESSAGE 刷新资源时发生了问题
!SUBENTRY 1 org.eclipse.core.resources 4 1 2024-10-26 21:23:05.226
!MESSAGE 自动刷新本机代码 5 时发生了问题。

!ENTRY org.eclipse.core.resources 4 1 2024-10-26 21:23:06.229
!MESSAGE 刷新资源时发生了问题
!SUBENTRY 1 org.eclipse.core.resources 4 1 2024-10-26 21:23:06.229
!MESSAGE 自动刷新本机代码 5 时发生了问题。

!ENTRY org.eclipse.core.resources 4 1 2024-10-26 21:23:07.242
!MESSAGE 刷新资源时发生了问题
!SUBENTRY 1 org.eclipse.core.resources 4 1 2024-10-26 21:23:07.242
!MESSAGE 自动刷新本机代码 5 时发生了问题。

!ENTRY org.eclipse.core.resources 4 1 2024-10-26 21:23:08.255
!MESSAGE 刷新资源时发生了问题
!SUBENTRY 1 org.eclipse.core.resources 4 1 2024-10-26 21:23:08.255
!MESSAGE 自动刷新本机代码 5 时发生了问题。

!ENTRY org.eclipse.core.resources 4 1 2024-10-26 21:23:09.270
!MESSAGE 刷新资源时发生了问题
!SUBENTRY 1 org.eclipse.core.resources 4 1 2024-10-26 21:23:09.270
!MESSAGE 自动刷新本机代码 5 时发生了问题。

!ENTRY org.eclipse.core.resources 4 1 2024-10-26 21:23:10.274
!MESSAGE 刷新资源时发生了问题
!SUBENTRY 1 org.eclipse.core.resources 4 1 2024-10-26 21:23:10.274
!MESSAGE 自动刷新本机代码 5 时发生了问题。

!ENTRY org.eclipse.core.resources 4 1 2024-10-26 21:23:11.277
!MESSAGE 刷新资源时发生了问题
!SUBENTRY 1 org.eclipse.core.resources 4 1 2024-10-26 21:23:11.277
!MESSAGE 自动刷新本机代码 5 时发生了问题。

!ENTRY org.eclipse.core.resources 4 1 2024-10-26 21:23:12.280
!MESSAGE 刷新资源时发生了问题
!SUBENTRY 1 org.eclipse.core.resources 4 1 2024-10-26 21:23:12.280
!MESSAGE 自动刷新本机代码 5 时发生了问题。

!ENTRY org.eclipse.core.resources 4 1 2024-10-26 21:23:13.295
!MESSAGE 刷新资源时发生了问题
!SUBENTRY 1 org.eclipse.core.resources 4 1 2024-10-26 21:23:13.295
!MESSAGE 自动刷新本机代码 5 时发生了问题。

!ENTRY org.eclipse.core.resources 4 1 2024-10-26 21:23:14.310
!MESSAGE 刷新资源时发生了问题
!SUBENTRY 1 org.eclipse.core.resources 4 1 2024-10-26 21:23:14.310
!MESSAGE 自动刷新本机代码 5 时发生了问题。

!ENTRY org.eclipse.core.resources 4 1 2024-10-26 21:23:15.314
!MESSAGE 刷新资源时发生了问题
!SUBENTRY 1 org.eclipse.core.resources 4 1 2024-10-26 21:23:15.314
!MESSAGE 自动刷新本机代码 5 时发生了问题。

!ENTRY org.eclipse.core.resources 4 1 2024-10-26 21:23:16.331
!MESSAGE 刷新资源时发生了问题
!SUBENTRY 1 org.eclipse.core.resources 4 1 2024-10-26 21:23:16.331
!MESSAGE 自动刷新本机代码 5 时发生了问题。

!ENTRY org.eclipse.core.resources 4 1 2024-10-26 21:23:17.343
!MESSAGE 刷新资源时发生了问题
!SUBENTRY 1 org.eclipse.core.resources 4 1 2024-10-26 21:23:17.343
!MESSAGE 自动刷新本机代码 5 时发生了问题。

!ENTRY org.eclipse.core.resources 4 1 2024-10-26 21:23:18.352
!MESSAGE 刷新资源时发生了问题
!SUBENTRY 1 org.eclipse.core.resources 4 1 2024-10-26 21:23:18.353
!MESSAGE 自动刷新本机代码 5 时发生了问题。

!ENTRY org.eclipse.core.resources 4 1 2024-10-26 21:23:19.363
!MESSAGE 刷新资源时发生了问题
!SUBENTRY 1 org.eclipse.core.resources 4 1 2024-10-26 21:23:19.363
!MESSAGE 自动刷新本机代码 5 时发生了问题。

!ENTRY org.eclipse.core.resources 4 1 2024-10-26 21:23:20.365
!MESSAGE 刷新资源时发生了问题
!SUBENTRY 1 org.eclipse.core.resources 4 1 2024-10-26 21:23:20.365
!MESSAGE 自动刷新本机代码 5 时发生了问题。

!ENTRY org.eclipse.core.resources 4 1 2024-10-26 21:23:21.369
!MESSAGE 刷新资源时发生了问题
!SUBENTRY 1 org.eclipse.core.resources 4 1 2024-10-26 21:23:21.369
!MESSAGE 自动刷新本机代码 5 时发生了问题。

!ENTRY org.eclipse.core.resources 4 1 2024-10-26 21:23:22.381
!MESSAGE 刷新资源时发生了问题
!SUBENTRY 1 org.eclipse.core.resources 4 1 2024-10-26 21:23:22.381
!MESSAGE 自动刷新本机代码 5 时发生了问题。

!ENTRY org.eclipse.core.resources 4 1 2024-10-26 21:23:23.385
!MESSAGE 刷新资源时发生了问题
!SUBENTRY 1 org.eclipse.core.resources 4 1 2024-10-26 21:23:23.385
!MESSAGE 自动刷新本机代码 5 时发生了问题。

!ENTRY org.eclipse.core.resources 4 1 2024-10-26 21:23:24.400
!MESSAGE 刷新资源时发生了问题
!SUBENTRY 1 org.eclipse.core.resources 4 1 2024-10-26 21:23:24.400
!MESSAGE 自动刷新本机代码 5 时发生了问题。

!ENTRY org.eclipse.core.resources 4 1 2024-10-26 21:23:25.403
!MESSAGE 刷新资源时发生了问题
!SUBENTRY 1 org.eclipse.core.resources 4 1 2024-10-26 21:23:25.403
!MESSAGE 自动刷新本机代码 5 时发生了问题。

!ENTRY org.eclipse.core.resources 4 1 2024-10-26 21:23:26.412
!MESSAGE 刷新资源时发生了问题
!SUBENTRY 1 org.eclipse.core.resources 4 1 2024-10-26 21:23:26.412
!MESSAGE 自动刷新本机代码 5 时发生了问题。

!ENTRY org.eclipse.core.resources 4 1 2024-10-26 21:23:27.425
!MESSAGE 刷新资源时发生了问题
!SUBENTRY 1 org.eclipse.core.resources 4 1 2024-10-26 21:23:27.425
!MESSAGE 自动刷新本机代码 5 时发生了问题。

!ENTRY org.eclipse.core.resources 4 1 2024-10-26 21:23:28.433
!MESSAGE 刷新资源时发生了问题
!SUBENTRY 1 org.eclipse.core.resources 4 1 2024-10-26 21:23:28.433
!MESSAGE 自动刷新本机代码 5 时发生了问题。

!ENTRY org.eclipse.core.resources 4 1 2024-10-26 21:23:29.447
!MESSAGE 刷新资源时发生了问题
!SUBENTRY 1 org.eclipse.core.resources 4 1 2024-10-26 21:23:29.447
!MESSAGE 自动刷新本机代码 5 时发生了问题。

!ENTRY org.eclipse.core.resources 4 1 2024-10-26 21:23:30.474
!MESSAGE 刷新资源时发生了问题
!SUBENTRY 1 org.eclipse.core.resources 4 1 2024-10-26 21:23:30.474
!MESSAGE 自动刷新本机代码 5 时发生了问题。

!ENTRY org.eclipse.core.resources 4 1 2024-10-26 21:23:31.511
!MESSAGE 刷新资源时发生了问题
!SUBENTRY 1 org.eclipse.core.resources 4 1 2024-10-26 21:23:31.511
!MESSAGE 自动刷新本机代码 5 时发生了问题。

!ENTRY org.eclipse.core.resources 4 1 2024-10-26 21:23:32.551
!MESSAGE 刷新资源时发生了问题
!SUBENTRY 1 org.eclipse.core.resources 4 1 2024-10-26 21:23:32.551
!MESSAGE 自动刷新本机代码 5 时发生了问题。

!ENTRY org.eclipse.core.resources 4 1 2024-10-26 21:23:33.566
!MESSAGE 刷新资源时发生了问题
!SUBENTRY 1 org.eclipse.core.resources 4 1 2024-10-26 21:23:33.566
!MESSAGE 自动刷新本机代码 5 时发生了问题。

!ENTRY org.eclipse.core.resources 4 1 2024-10-26 21:23:34.582
!MESSAGE 刷新资源时发生了问题
!SUBENTRY 1 org.eclipse.core.resources 4 1 2024-10-26 21:23:34.582
!MESSAGE 自动刷新本机代码 5 时发生了问题。

!ENTRY org.eclipse.core.resources 4 1 2024-10-26 21:23:35.598
!MESSAGE 刷新资源时发生了问题
!SUBENTRY 1 org.eclipse.core.resources 4 1 2024-10-26 21:23:35.598
!MESSAGE 自动刷新本机代码 5 时发生了问题。

!ENTRY org.eclipse.core.resources 4 1 2024-10-26 21:23:36.613
!MESSAGE 刷新资源时发生了问题
!SUBENTRY 1 org.eclipse.core.resources 4 1 2024-10-26 21:23:36.613
!MESSAGE 自动刷新本机代码 5 时发生了问题。

!ENTRY org.eclipse.core.resources 4 1 2024-10-26 21:23:37.643
!MESSAGE 刷新资源时发生了问题
!SUBENTRY 1 org.eclipse.core.resources 4 1 2024-10-26 21:23:37.643
!MESSAGE 自动刷新本机代码 5 时发生了问题。

!ENTRY org.eclipse.core.resources 4 1 2024-10-26 21:23:38.675
!MESSAGE 刷新资源时发生了问题
!SUBENTRY 1 org.eclipse.core.resources 4 1 2024-10-26 21:23:38.675
!MESSAGE 自动刷新本机代码 5 时发生了问题。

!ENTRY org.eclipse.core.resources 4 1 2024-10-26 21:23:39.687
!MESSAGE 刷新资源时发生了问题
!SUBENTRY 1 org.eclipse.core.resources 4 1 2024-10-26 21:23:39.687
!MESSAGE 自动刷新本机代码 5 时发生了问题。

!ENTRY org.eclipse.core.resources 4 1 2024-10-26 21:23:40.701
!MESSAGE 刷新资源时发生了问题
!SUBENTRY 1 org.eclipse.core.resources 4 1 2024-10-26 21:23:40.701
!MESSAGE 自动刷新本机代码 5 时发生了问题。

!ENTRY org.eclipse.core.resources 4 1 2024-10-26 21:23:41.778
!MESSAGE 刷新资源时发生了问题
!SUBENTRY 1 org.eclipse.core.resources 4 1 2024-10-26 21:23:41.778
!MESSAGE 自动刷新本机代码 5 时发生了问题。

!ENTRY org.eclipse.core.resources 4 1 2024-10-26 21:23:42.810
!MESSAGE 刷新资源时发生了问题
!SUBENTRY 1 org.eclipse.core.resources 4 1 2024-10-26 21:23:42.810
!MESSAGE 自动刷新本机代码 5 时发生了问题。

!ENTRY org.eclipse.core.resources 4 1 2024-10-26 21:23:43.874
!MESSAGE 刷新资源时发生了问题
!SUBENTRY 1 org.eclipse.core.resources 4 1 2024-10-26 21:23:43.874
!MESSAGE 自动刷新本机代码 5 时发生了问题。

!ENTRY org.eclipse.core.resources 4 1 2024-10-26 21:23:44.884
!MESSAGE 刷新资源时发生了问题
!SUBENTRY 1 org.eclipse.core.resources 4 1 2024-10-26 21:23:44.884
!MESSAGE 自动刷新本机代码 5 时发生了问题。

!ENTRY org.eclipse.core.resources 4 1 2024-10-26 21:23:45.965
!MESSAGE 刷新资源时发生了问题
!SUBENTRY 1 org.eclipse.core.resources 4 1 2024-10-26 21:23:45.965
!MESSAGE 自动刷新本机代码 5 时发生了问题。

!ENTRY org.eclipse.core.resources 4 1 2024-10-26 21:23:46.994
!MESSAGE 刷新资源时发生了问题
!SUBENTRY 1 org.eclipse.core.resources 4 1 2024-10-26 21:23:46.994
!MESSAGE 自动刷新本机代码 5 时发生了问题。

!ENTRY org.eclipse.core.resources 4 1 2024-10-26 21:23:48.077
!MESSAGE 刷新资源时发生了问题
!SUBENTRY 1 org.eclipse.core.resources 4 1 2024-10-26 21:23:48.077
!MESSAGE 自动刷新本机代码 5 时发生了问题。

!ENTRY org.eclipse.core.resources 4 1 2024-10-26 21:23:49.106
!MESSAGE 刷新资源时发生了问题
!SUBENTRY 1 org.eclipse.core.resources 4 1 2024-10-26 21:23:49.106
!MESSAGE 自动刷新本机代码 5 时发生了问题。

!ENTRY org.eclipse.core.resources 4 1 2024-10-26 21:23:50.107
!MESSAGE 刷新资源时发生了问题
!SUBENTRY 1 org.eclipse.core.resources 4 1 2024-10-26 21:23:50.107
!MESSAGE 自动刷新本机代码 5 时发生了问题。

!ENTRY org.eclipse.core.resources 4 1 2024-10-26 21:23:51.158
!MESSAGE 刷新资源时发生了问题
!SUBENTRY 1 org.eclipse.core.resources 4 1 2024-10-26 21:23:51.158
!MESSAGE 自动刷新本机代码 5 时发生了问题。

!ENTRY org.eclipse.core.resources 4 1 2024-10-26 21:23:52.159
!MESSAGE 刷新资源时发生了问题
!SUBENTRY 1 org.eclipse.core.resources 4 1 2024-10-26 21:23:52.159
!MESSAGE 自动刷新本机代码 5 时发生了问题。

!ENTRY org.eclipse.core.resources 4 1 2024-10-26 21:23:53.168
!MESSAGE 刷新资源时发生了问题
!SUBENTRY 1 org.eclipse.core.resources 4 1 2024-10-26 21:23:53.168
!MESSAGE 自动刷新本机代码 5 时发生了问题。

!ENTRY org.eclipse.core.resources 4 1 2024-10-26 21:23:54.229
!MESSAGE 刷新资源时发生了问题
!SUBENTRY 1 org.eclipse.core.resources 4 1 2024-10-26 21:23:54.229
!MESSAGE 自动刷新本机代码 5 时发生了问题。

!ENTRY org.eclipse.core.resources 4 1 2024-10-26 21:23:55.230
!MESSAGE 刷新资源时发生了问题
!SUBENTRY 1 org.eclipse.core.resources 4 1 2024-10-26 21:23:55.230
!MESSAGE 自动刷新本机代码 5 时发生了问题。

!ENTRY org.eclipse.core.resources 4 1 2024-10-26 21:23:56.234
!MESSAGE 刷新资源时发生了问题
!SUBENTRY 1 org.eclipse.core.resources 4 1 2024-10-26 21:23:56.234
!MESSAGE 自动刷新本机代码 5 时发生了问题。

!ENTRY org.eclipse.core.resources 4 1 2024-10-26 21:23:57.249
!MESSAGE 刷新资源时发生了问题
!SUBENTRY 1 org.eclipse.core.resources 4 1 2024-10-26 21:23:57.249
!MESSAGE 自动刷新本机代码 5 时发生了问题。

!ENTRY org.eclipse.core.resources 4 1 2024-10-26 21:23:58.261
!MESSAGE 刷新资源时发生了问题
!SUBENTRY 1 org.eclipse.core.resources 4 1 2024-10-26 21:23:58.261
!MESSAGE 自动刷新本机代码 5 时发生了问题。

!ENTRY org.eclipse.core.resources 4 1 2024-10-26 21:23:59.275
!MESSAGE 刷新资源时发生了问题
!SUBENTRY 1 org.eclipse.core.resources 4 1 2024-10-26 21:23:59.275
!MESSAGE 自动刷新本机代码 5 时发生了问题。

!ENTRY org.eclipse.core.resources 4 1 2024-10-26 21:24:00.289
!MESSAGE 刷新资源时发生了问题
!SUBENTRY 1 org.eclipse.core.resources 4 1 2024-10-26 21:24:00.289
!MESSAGE 自动刷新本机代码 5 时发生了问题。

!ENTRY org.eclipse.core.resources 4 1 2024-10-26 21:24:01.291
!MESSAGE 刷新资源时发生了问题
!SUBENTRY 1 org.eclipse.core.resources 4 1 2024-10-26 21:24:01.291
!MESSAGE 自动刷新本机代码 5 时发生了问题。

!ENTRY org.eclipse.core.resources 4 1 2024-10-26 21:24:02.352
!MESSAGE 刷新资源时发生了问题
!SUBENTRY 1 org.eclipse.core.resources 4 1 2024-10-26 21:24:02.352
!MESSAGE 自动刷新本机代码 5 时发生了问题。

!ENTRY org.eclipse.core.resources 4 1 2024-10-26 21:24:03.364
!MESSAGE 刷新资源时发生了问题
!SUBENTRY 1 org.eclipse.core.resources 4 1 2024-10-26 21:24:03.364
!MESSAGE 自动刷新本机代码 5 时发生了问题。

!ENTRY org.eclipse.core.resources 4 1 2024-10-26 21:24:04.380
!MESSAGE 刷新资源时发生了问题
!SUBENTRY 1 org.eclipse.core.resources 4 1 2024-10-26 21:24:04.380
!MESSAGE 自动刷新本机代码 5 时发生了问题。

!ENTRY org.eclipse.core.resources 4 1 2024-10-26 21:24:05.397
!MESSAGE 刷新资源时发生了问题
!SUBENTRY 1 org.eclipse.core.resources 4 1 2024-10-26 21:24:05.397
!MESSAGE 自动刷新本机代码 5 时发生了问题。

!ENTRY org.eclipse.core.resources 4 1 2024-10-26 21:24:06.398
!MESSAGE 刷新资源时发生了问题
!SUBENTRY 1 org.eclipse.core.resources 4 1 2024-10-26 21:24:06.398
!MESSAGE 自动刷新本机代码 5 时发生了问题。

!ENTRY org.eclipse.core.resources 4 1 2024-10-26 21:24:07.410
!MESSAGE 刷新资源时发生了问题
!SUBENTRY 1 org.eclipse.core.resources 4 1 2024-10-26 21:24:07.410
!MESSAGE 自动刷新本机代码 5 时发生了问题。

!ENTRY org.eclipse.core.resources 4 1 2024-10-26 21:24:08.426
!MESSAGE 刷新资源时发生了问题
!SUBENTRY 1 org.eclipse.core.resources 4 1 2024-10-26 21:24:08.426
!MESSAGE 自动刷新本机代码 5 时发生了问题。

!ENTRY org.eclipse.core.resources 4 1 2024-10-26 21:24:09.438
!MESSAGE 刷新资源时发生了问题
!SUBENTRY 1 org.eclipse.core.resources 4 1 2024-10-26 21:24:09.438
!MESSAGE 自动刷新本机代码 5 时发生了问题。

!ENTRY org.eclipse.core.resources 4 1 2024-10-26 21:24:10.439
!MESSAGE 刷新资源时发生了问题
!SUBENTRY 1 org.eclipse.core.resources 4 1 2024-10-26 21:24:10.439
!MESSAGE 自动刷新本机代码 5 时发生了问题。

!ENTRY org.eclipse.core.resources 4 1 2024-10-26 21:24:11.440
!MESSAGE 刷新资源时发生了问题
!SUBENTRY 1 org.eclipse.core.resources 4 1 2024-10-26 21:24:11.440
!MESSAGE 自动刷新本机代码 5 时发生了问题。

!ENTRY org.eclipse.core.resources 4 1 2024-10-26 21:24:12.444
!MESSAGE 刷新资源时发生了问题
!SUBENTRY 1 org.eclipse.core.resources 4 1 2024-10-26 21:24:12.444
!MESSAGE 自动刷新本机代码 5 时发生了问题。

!ENTRY org.eclipse.core.resources 4 1 2024-10-26 21:24:13.457
!MESSAGE 刷新资源时发生了问题
!SUBENTRY 1 org.eclipse.core.resources 4 1 2024-10-26 21:24:13.457
!MESSAGE 自动刷新本机代码 5 时发生了问题。

!ENTRY org.eclipse.core.resources 4 1 2024-10-26 21:24:14.469
!MESSAGE 刷新资源时发生了问题
!SUBENTRY 1 org.eclipse.core.resources 4 1 2024-10-26 21:24:14.469
!MESSAGE 自动刷新本机代码 5 时发生了问题。

!ENTRY org.eclipse.core.resources 4 1 2024-10-26 21:24:15.472
!MESSAGE 刷新资源时发生了问题
!SUBENTRY 1 org.eclipse.core.resources 4 1 2024-10-26 21:24:15.472
!MESSAGE 自动刷新本机代码 5 时发生了问题。

!ENTRY org.eclipse.core.resources 4 1 2024-10-26 21:24:16.475
!MESSAGE 刷新资源时发生了问题
!SUBENTRY 1 org.eclipse.core.resources 4 1 2024-10-26 21:24:16.475
!MESSAGE 自动刷新本机代码 5 时发生了问题。

!ENTRY org.eclipse.core.resources 4 1 2024-10-26 21:24:17.479
!MESSAGE 刷新资源时发生了问题
!SUBENTRY 1 org.eclipse.core.resources 4 1 2024-10-26 21:24:17.479
!MESSAGE 自动刷新本机代码 5 时发生了问题。

!ENTRY org.eclipse.core.resources 4 1 2024-10-26 21:24:18.482
!MESSAGE 刷新资源时发生了问题
!SUBENTRY 1 org.eclipse.core.resources 4 1 2024-10-26 21:24:18.482
!MESSAGE 自动刷新本机代码 5 时发生了问题。

!ENTRY org.eclipse.core.resources 4 1 2024-10-26 21:24:19.485
!MESSAGE 刷新资源时发生了问题
!SUBENTRY 1 org.eclipse.core.resources 4 1 2024-10-26 21:24:19.485
!MESSAGE 自动刷新本机代码 5 时发生了问题。

!ENTRY org.eclipse.core.resources 4 1 2024-10-26 21:24:20.496
!MESSAGE 刷新资源时发生了问题
!SUBENTRY 1 org.eclipse.core.resources 4 1 2024-10-26 21:24:20.496
!MESSAGE 自动刷新本机代码 5 时发生了问题。

!ENTRY org.eclipse.core.resources 4 1 2024-10-26 21:24:21.505
!MESSAGE 刷新资源时发生了问题
!SUBENTRY 1 org.eclipse.core.resources 4 1 2024-10-26 21:24:21.505
!MESSAGE 自动刷新本机代码 5 时发生了问题。

!ENTRY org.eclipse.core.resources 4 1 2024-10-26 21:24:22.513
!MESSAGE 刷新资源时发生了问题
!SUBENTRY 1 org.eclipse.core.resources 4 1 2024-10-26 21:24:22.513
!MESSAGE 自动刷新本机代码 5 时发生了问题。

!ENTRY org.eclipse.core.resources 4 1 2024-10-26 21:24:23.528
!MESSAGE 刷新资源时发生了问题
!SUBENTRY 1 org.eclipse.core.resources 4 1 2024-10-26 21:24:23.528
!MESSAGE 自动刷新本机代码 5 时发生了问题。

!ENTRY org.eclipse.core.resources 4 1 2024-10-26 21:24:24.589
!MESSAGE 刷新资源时发生了问题
!SUBENTRY 1 org.eclipse.core.resources 4 1 2024-10-26 21:24:24.589
!MESSAGE 自动刷新本机代码 5 时发生了问题。

!ENTRY org.eclipse.core.resources 4 1 2024-10-26 21:24:25.593
!MESSAGE 刷新资源时发生了问题
!SUBENTRY 1 org.eclipse.core.resources 4 1 2024-10-26 21:24:25.593
!MESSAGE 自动刷新本机代码 5 时发生了问题。

!ENTRY org.eclipse.core.resources 4 1 2024-10-26 21:24:26.596
!MESSAGE 刷新资源时发生了问题
!SUBENTRY 1 org.eclipse.core.resources 4 1 2024-10-26 21:24:26.596
!MESSAGE 自动刷新本机代码 5 时发生了问题。

!ENTRY org.eclipse.core.resources 4 1 2024-10-26 21:24:27.647
!MESSAGE 刷新资源时发生了问题
!SUBENTRY 1 org.eclipse.core.resources 4 1 2024-10-26 21:24:27.647
!MESSAGE 自动刷新本机代码 5 时发生了问题。

!ENTRY org.eclipse.core.resources 4 1 2024-10-26 21:24:28.698
!MESSAGE 刷新资源时发生了问题
!SUBENTRY 1 org.eclipse.core.resources 4 1 2024-10-26 21:24:28.698
!MESSAGE 自动刷新本机代码 5 时发生了问题。

!ENTRY org.eclipse.core.resources 4 1 2024-10-26 21:24:29.699
!MESSAGE 刷新资源时发生了问题
!SUBENTRY 1 org.eclipse.core.resources 4 1 2024-10-26 21:24:29.699
!MESSAGE 自动刷新本机代码 5 时发生了问题。

!ENTRY org.eclipse.core.resources 4 1 2024-10-26 21:24:30.750
!MESSAGE 刷新资源时发生了问题
!SUBENTRY 1 org.eclipse.core.resources 4 1 2024-10-26 21:24:30.750
!MESSAGE 自动刷新本机代码 5 时发生了问题。

!ENTRY org.eclipse.core.resources 4 1 2024-10-26 21:24:31.751
!MESSAGE 刷新资源时发生了问题
!SUBENTRY 1 org.eclipse.core.resources 4 1 2024-10-26 21:24:31.751
!MESSAGE 自动刷新本机代码 5 时发生了问题。

!ENTRY org.eclipse.core.resources 4 1 2024-10-26 21:24:32.802
!MESSAGE 刷新资源时发生了问题
!SUBENTRY 1 org.eclipse.core.resources 4 1 2024-10-26 21:24:32.802
!MESSAGE 自动刷新本机代码 5 时发生了问题。

!ENTRY org.eclipse.core.resources 4 1 2024-10-26 21:24:33.803
!MESSAGE 刷新资源时发生了问题
!SUBENTRY 1 org.eclipse.core.resources 4 1 2024-10-26 21:24:33.803
!MESSAGE 自动刷新本机代码 5 时发生了问题。

!ENTRY org.eclipse.core.resources 4 1 2024-10-26 21:24:34.854
!MESSAGE 刷新资源时发生了问题
!SUBENTRY 1 org.eclipse.core.resources 4 1 2024-10-26 21:24:34.854
!MESSAGE 自动刷新本机代码 5 时发生了问题。

!ENTRY org.eclipse.core.resources 4 1 2024-10-26 21:24:35.855
!MESSAGE 刷新资源时发生了问题
!SUBENTRY 1 org.eclipse.core.resources 4 1 2024-10-26 21:24:35.855
!MESSAGE 自动刷新本机代码 5 时发生了问题。

!ENTRY org.eclipse.core.resources 4 1 2024-10-26 21:24:36.856
!MESSAGE 刷新资源时发生了问题
!SUBENTRY 1 org.eclipse.core.resources 4 1 2024-10-26 21:24:36.856
!MESSAGE 自动刷新本机代码 5 时发生了问题。

!ENTRY org.eclipse.core.resources 4 1 2024-10-26 21:24:37.858
!MESSAGE 刷新资源时发生了问题
!SUBENTRY 1 org.eclipse.core.resources 4 1 2024-10-26 21:24:37.858
!MESSAGE 自动刷新本机代码 5 时发生了问题。

!ENTRY org.eclipse.core.resources 4 1 2024-10-26 21:24:38.909
!MESSAGE 刷新资源时发生了问题
!SUBENTRY 1 org.eclipse.core.resources 4 1 2024-10-26 21:24:38.909
!MESSAGE 自动刷新本机代码 5 时发生了问题。

!ENTRY org.eclipse.core.resources 4 1 2024-10-26 21:24:39.960
!MESSAGE 刷新资源时发生了问题
!SUBENTRY 1 org.eclipse.core.resources 4 1 2024-10-26 21:24:39.960
!MESSAGE 自动刷新本机代码 5 时发生了问题。

!ENTRY org.eclipse.core.resources 4 1 2024-10-26 21:24:40.961
!MESSAGE 刷新资源时发生了问题
!SUBENTRY 1 org.eclipse.core.resources 4 1 2024-10-26 21:24:40.961
!MESSAGE 自动刷新本机代码 5 时发生了问题。

!ENTRY org.eclipse.core.resources 4 1 2024-10-26 21:24:41.962
!MESSAGE 刷新资源时发生了问题
!SUBENTRY 1 org.eclipse.core.resources 4 1 2024-10-26 21:24:41.962
!MESSAGE 自动刷新本机代码 5 时发生了问题。

!ENTRY org.eclipse.core.resources 4 1 2024-10-26 21:24:43.012
!MESSAGE 刷新资源时发生了问题
!SUBENTRY 1 org.eclipse.core.resources 4 1 2024-10-26 21:24:43.012
!MESSAGE 自动刷新本机代码 5 时发生了问题。

!ENTRY org.eclipse.core.resources 4 1 2024-10-26 21:24:44.013
!MESSAGE 刷新资源时发生了问题
!SUBENTRY 1 org.eclipse.core.resources 4 1 2024-10-26 21:24:44.013
!MESSAGE 自动刷新本机代码 5 时发生了问题。

!ENTRY org.eclipse.core.resources 4 1 2024-10-26 21:24:45.015
!MESSAGE 刷新资源时发生了问题
!SUBENTRY 1 org.eclipse.core.resources 4 1 2024-10-26 21:24:45.016
!MESSAGE 自动刷新本机代码 5 时发生了问题。

!ENTRY org.eclipse.core.resources 4 1 2024-10-26 21:24:46.018
!MESSAGE 刷新资源时发生了问题
!SUBENTRY 1 org.eclipse.core.resources 4 1 2024-10-26 21:24:46.018
!MESSAGE 自动刷新本机代码 5 时发生了问题。

!ENTRY org.eclipse.core.resources 4 1 2024-10-26 21:24:47.020
!MESSAGE 刷新资源时发生了问题
!SUBENTRY 1 org.eclipse.core.resources 4 1 2024-10-26 21:24:47.020
!MESSAGE 自动刷新本机代码 5 时发生了问题。

!ENTRY org.eclipse.core.resources 4 1 2024-10-26 21:24:48.071
!MESSAGE 刷新资源时发生了问题
!SUBENTRY 1 org.eclipse.core.resources 4 1 2024-10-26 21:24:48.071
!MESSAGE 自动刷新本机代码 5 时发生了问题。

!ENTRY org.eclipse.core.resources 4 1 2024-10-26 21:24:49.076
!MESSAGE 刷新资源时发生了问题
!SUBENTRY 1 org.eclipse.core.resources 4 1 2024-10-26 21:24:49.076
!MESSAGE 自动刷新本机代码 5 时发生了问题。

!ENTRY org.eclipse.core.resources 4 1 2024-10-26 21:24:50.078
!MESSAGE 刷新资源时发生了问题
!SUBENTRY 1 org.eclipse.core.resources 4 1 2024-10-26 21:24:50.078
!MESSAGE 自动刷新本机代码 5 时发生了问题。

!ENTRY org.eclipse.core.resources 4 1 2024-10-26 21:24:51.081
!MESSAGE 刷新资源时发生了问题
!SUBENTRY 1 org.eclipse.core.resources 4 1 2024-10-26 21:24:51.081
!MESSAGE 自动刷新本机代码 5 时发生了问题。

!ENTRY org.eclipse.core.resources 4 1 2024-10-26 21:24:52.143
!MESSAGE 刷新资源时发生了问题
!SUBENTRY 1 org.eclipse.core.resources 4 1 2024-10-26 21:24:52.143
!MESSAGE 自动刷新本机代码 5 时发生了问题。

!ENTRY org.eclipse.core.resources 4 1 2024-10-26 21:24:53.148
!MESSAGE 刷新资源时发生了问题
!SUBENTRY 1 org.eclipse.core.resources 4 1 2024-10-26 21:24:53.148
!MESSAGE 自动刷新本机代码 5 时发生了问题。

!ENTRY org.eclipse.core.resources 4 1 2024-10-26 21:24:54.153
!MESSAGE 刷新资源时发生了问题
!SUBENTRY 1 org.eclipse.core.resources 4 1 2024-10-26 21:24:54.153
!MESSAGE 自动刷新本机代码 5 时发生了问题。

!ENTRY org.eclipse.core.resources 4 1 2024-10-26 21:24:55.167
!MESSAGE 刷新资源时发生了问题
!SUBENTRY 1 org.eclipse.core.resources 4 1 2024-10-26 21:24:55.167
!MESSAGE 自动刷新本机代码 5 时发生了问题。

!ENTRY org.eclipse.core.resources 4 1 2024-10-26 21:24:56.169
!MESSAGE 刷新资源时发生了问题
!SUBENTRY 1 org.eclipse.core.resources 4 1 2024-10-26 21:24:56.169
!MESSAGE 自动刷新本机代码 5 时发生了问题。

!ENTRY org.eclipse.core.resources 4 1 2024-10-26 21:24:57.181
!MESSAGE 刷新资源时发生了问题
!SUBENTRY 1 org.eclipse.core.resources 4 1 2024-10-26 21:24:57.181
!MESSAGE 自动刷新本机代码 5 时发生了问题。

!ENTRY org.eclipse.core.resources 4 1 2024-10-26 21:24:58.195
!MESSAGE 刷新资源时发生了问题
!SUBENTRY 1 org.eclipse.core.resources 4 1 2024-10-26 21:24:58.195
!MESSAGE 自动刷新本机代码 5 时发生了问题。

!ENTRY org.eclipse.core.resources 4 1 2024-10-26 21:24:59.200
!MESSAGE 刷新资源时发生了问题
!SUBENTRY 1 org.eclipse.core.resources 4 1 2024-10-26 21:24:59.200
!MESSAGE 自动刷新本机代码 5 时发生了问题。

!ENTRY org.eclipse.core.resources 4 1 2024-10-26 21:25:00.213
!MESSAGE 刷新资源时发生了问题
!SUBENTRY 1 org.eclipse.core.resources 4 1 2024-10-26 21:25:00.213
!MESSAGE 自动刷新本机代码 5 时发生了问题。

!ENTRY org.eclipse.core.resources 4 1 2024-10-26 21:25:01.217
!MESSAGE 刷新资源时发生了问题
!SUBENTRY 1 org.eclipse.core.resources 4 1 2024-10-26 21:25:01.217
!MESSAGE 自动刷新本机代码 5 时发生了问题。

!ENTRY org.eclipse.core.resources 4 1 2024-10-26 21:25:02.222
!MESSAGE 刷新资源时发生了问题
!SUBENTRY 1 org.eclipse.core.resources 4 1 2024-10-26 21:25:02.222
!MESSAGE 自动刷新本机代码 5 时发生了问题。

!ENTRY org.eclipse.core.resources 4 1 2024-10-26 21:25:03.224
!MESSAGE 刷新资源时发生了问题
!SUBENTRY 1 org.eclipse.core.resources 4 1 2024-10-26 21:25:03.224
!MESSAGE 自动刷新本机代码 5 时发生了问题。

!ENTRY org.eclipse.core.resources 4 1 2024-10-26 21:25:04.226
!MESSAGE 刷新资源时发生了问题
!SUBENTRY 1 org.eclipse.core.resources 4 1 2024-10-26 21:25:04.226
!MESSAGE 自动刷新本机代码 5 时发生了问题。

!ENTRY org.eclipse.core.resources 4 1 2024-10-26 21:25:05.241
!MESSAGE 刷新资源时发生了问题
!SUBENTRY 1 org.eclipse.core.resources 4 1 2024-10-26 21:25:05.241
!MESSAGE 自动刷新本机代码 5 时发生了问题。

!ENTRY org.eclipse.core.resources 4 1 2024-10-26 21:25:06.257
!MESSAGE 刷新资源时发生了问题
!SUBENTRY 1 org.eclipse.core.resources 4 1 2024-10-26 21:25:06.257
!MESSAGE 自动刷新本机代码 5 时发生了问题。

!ENTRY org.eclipse.core.resources 4 1 2024-10-26 21:25:07.272
!MESSAGE 刷新资源时发生了问题
!SUBENTRY 1 org.eclipse.core.resources 4 1 2024-10-26 21:25:07.272
!MESSAGE 自动刷新本机代码 5 时发生了问题。

!ENTRY org.eclipse.core.resources 4 1 2024-10-26 21:25:08.275
!MESSAGE 刷新资源时发生了问题
!SUBENTRY 1 org.eclipse.core.resources 4 1 2024-10-26 21:25:08.275
!MESSAGE 自动刷新本机代码 5 时发生了问题。

!ENTRY org.eclipse.core.resources 4 1 2024-10-26 21:25:09.278
!MESSAGE 刷新资源时发生了问题
!SUBENTRY 1 org.eclipse.core.resources 4 1 2024-10-26 21:25:09.278
!MESSAGE 自动刷新本机代码 5 时发生了问题。

!ENTRY org.eclipse.core.resources 4 1 2024-10-26 21:25:10.282
!MESSAGE 刷新资源时发生了问题
!SUBENTRY 1 org.eclipse.core.resources 4 1 2024-10-26 21:25:10.282
!MESSAGE 自动刷新本机代码 5 时发生了问题。

!ENTRY org.eclipse.core.resources 4 1 2024-10-26 21:25:11.344
!MESSAGE 刷新资源时发生了问题
!SUBENTRY 1 org.eclipse.core.resources 4 1 2024-10-26 21:25:11.344
!MESSAGE 自动刷新本机代码 5 时发生了问题。

!ENTRY org.eclipse.core.resources 4 1 2024-10-26 21:25:12.405
!MESSAGE 刷新资源时发生了问题
!SUBENTRY 1 org.eclipse.core.resources 4 1 2024-10-26 21:25:12.405
!MESSAGE 自动刷新本机代码 5 时发生了问题。

!ENTRY org.eclipse.core.resources 4 1 2024-10-26 21:25:13.407
!MESSAGE 刷新资源时发生了问题
!SUBENTRY 1 org.eclipse.core.resources 4 1 2024-10-26 21:25:13.407
!MESSAGE 自动刷新本机代码 5 时发生了问题。

!ENTRY org.eclipse.core.resources 4 1 2024-10-26 21:25:14.409
!MESSAGE 刷新资源时发生了问题
!SUBENTRY 1 org.eclipse.core.resources 4 1 2024-10-26 21:25:14.409
!MESSAGE 自动刷新本机代码 5 时发生了问题。

!ENTRY org.eclipse.core.resources 4 1 2024-10-26 21:25:15.422
!MESSAGE 刷新资源时发生了问题
!SUBENTRY 1 org.eclipse.core.resources 4 1 2024-10-26 21:25:15.422
!MESSAGE 自动刷新本机代码 5 时发生了问题。

!ENTRY org.eclipse.core.resources 4 1 2024-10-26 21:25:16.427
!MESSAGE 刷新资源时发生了问题
!SUBENTRY 1 org.eclipse.core.resources 4 1 2024-10-26 21:25:16.427
!MESSAGE 自动刷新本机代码 5 时发生了问题。

!ENTRY org.eclipse.core.resources 4 1 2024-10-26 21:25:17.432
!MESSAGE 刷新资源时发生了问题
!SUBENTRY 1 org.eclipse.core.resources 4 1 2024-10-26 21:25:17.432
!MESSAGE 自动刷新本机代码 5 时发生了问题。

!ENTRY org.eclipse.core.resources 4 1 2024-10-26 21:25:18.438
!MESSAGE 刷新资源时发生了问题
!SUBENTRY 1 org.eclipse.core.resources 4 1 2024-10-26 21:25:18.438
!MESSAGE 自动刷新本机代码 5 时发生了问题。

!ENTRY org.eclipse.core.resources 4 1 2024-10-26 21:25:19.453
!MESSAGE 刷新资源时发生了问题
!SUBENTRY 1 org.eclipse.core.resources 4 1 2024-10-26 21:25:19.453
!MESSAGE 自动刷新本机代码 5 时发生了问题。

!ENTRY org.eclipse.core.resources 4 1 2024-10-26 21:25:20.456
!MESSAGE 刷新资源时发生了问题
!SUBENTRY 1 org.eclipse.core.resources 4 1 2024-10-26 21:25:20.456
!MESSAGE 自动刷新本机代码 5 时发生了问题。

!ENTRY org.eclipse.core.resources 4 1 2024-10-26 21:25:21.469
!MESSAGE 刷新资源时发生了问题
!SUBENTRY 1 org.eclipse.core.resources 4 1 2024-10-26 21:25:21.469
!MESSAGE 自动刷新本机代码 5 时发生了问题。

!ENTRY org.eclipse.core.resources 4 1 2024-10-26 21:25:22.475
!MESSAGE 刷新资源时发生了问题
!SUBENTRY 1 org.eclipse.core.resources 4 1 2024-10-26 21:25:22.475
!MESSAGE 自动刷新本机代码 5 时发生了问题。

!ENTRY org.eclipse.core.resources 4 1 2024-10-26 21:25:23.487
!MESSAGE 刷新资源时发生了问题
!SUBENTRY 1 org.eclipse.core.resources 4 1 2024-10-26 21:25:23.487
!MESSAGE 自动刷新本机代码 5 时发生了问题。

!ENTRY org.eclipse.core.resources 4 1 2024-10-26 21:25:24.551
!MESSAGE 刷新资源时发生了问题
!SUBENTRY 1 org.eclipse.core.resources 4 1 2024-10-26 21:25:24.551
!MESSAGE 自动刷新本机代码 5 时发生了问题。

!ENTRY org.eclipse.core.resources 4 1 2024-10-26 21:25:25.630
!MESSAGE 刷新资源时发生了问题
!SUBENTRY 1 org.eclipse.core.resources 4 1 2024-10-26 21:25:25.630
!MESSAGE 自动刷新本机代码 5 时发生了问题。

!ENTRY org.eclipse.core.resources 4 1 2024-10-26 21:25:26.713
!MESSAGE 刷新资源时发生了问题
!SUBENTRY 1 org.eclipse.core.resources 4 1 2024-10-26 21:25:26.715
!MESSAGE 自动刷新本机代码 5 时发生了问题。

!ENTRY org.eclipse.core.resources 4 1 2024-10-26 21:25:27.731
!MESSAGE 刷新资源时发生了问题
!SUBENTRY 1 org.eclipse.core.resources 4 1 2024-10-26 21:25:27.731
!MESSAGE 自动刷新本机代码 5 时发生了问题。

!ENTRY org.eclipse.core.resources 4 1 2024-10-26 21:25:28.749
!MESSAGE 刷新资源时发生了问题
!SUBENTRY 1 org.eclipse.core.resources 4 1 2024-10-26 21:25:28.749
!MESSAGE 自动刷新本机代码 5 时发生了问题。

!ENTRY org.eclipse.core.resources 4 1 2024-10-26 21:25:29.779
!MESSAGE 刷新资源时发生了问题
!SUBENTRY 1 org.eclipse.core.resources 4 1 2024-10-26 21:25:29.779
!MESSAGE 自动刷新本机代码 5 时发生了问题。

!ENTRY org.eclipse.core.resources 4 1 2024-10-26 21:25:30.808
!MESSAGE 刷新资源时发生了问题
!SUBENTRY 1 org.eclipse.core.resources 4 1 2024-10-26 21:25:30.808
!MESSAGE 自动刷新本机代码 5 时发生了问题。

!ENTRY org.eclipse.core.resources 4 1 2024-10-26 21:25:31.819
!MESSAGE 刷新资源时发生了问题
!SUBENTRY 1 org.eclipse.core.resources 4 1 2024-10-26 21:25:31.819
!MESSAGE 自动刷新本机代码 5 时发生了问题。

!ENTRY org.eclipse.core.resources 4 1 2024-10-26 21:25:32.831
!MESSAGE 刷新资源时发生了问题
!SUBENTRY 1 org.eclipse.core.resources 4 1 2024-10-26 21:25:32.831
!MESSAGE 自动刷新本机代码 5 时发生了问题。

!ENTRY org.eclipse.core.resources 4 1 2024-10-26 21:25:33.865
!MESSAGE 刷新资源时发生了问题
!SUBENTRY 1 org.eclipse.core.resources 4 1 2024-10-26 21:25:33.865
!MESSAGE 自动刷新本机代码 5 时发生了问题。

!ENTRY org.eclipse.core.resources 4 1 2024-10-26 21:25:34.895
!MESSAGE 刷新资源时发生了问题
!SUBENTRY 1 org.eclipse.core.resources 4 1 2024-10-26 21:25:34.895
!MESSAGE 自动刷新本机代码 5 时发生了问题。

!ENTRY org.eclipse.core.resources 4 1 2024-10-26 21:25:35.923
!MESSAGE 刷新资源时发生了问题
!SUBENTRY 1 org.eclipse.core.resources 4 1 2024-10-26 21:25:35.923
!MESSAGE 自动刷新本机代码 5 时发生了问题。

!ENTRY org.eclipse.core.resources 4 1 2024-10-26 21:25:37.004
!MESSAGE 刷新资源时发生了问题
!SUBENTRY 1 org.eclipse.core.resources 4 1 2024-10-26 21:25:37.004
!MESSAGE 自动刷新本机代码 5 时发生了问题。

!ENTRY org.eclipse.core.resources 4 1 2024-10-26 21:25:38.007
!MESSAGE 刷新资源时发生了问题
!SUBENTRY 1 org.eclipse.core.resources 4 1 2024-10-26 21:25:38.007
!MESSAGE 自动刷新本机代码 5 时发生了问题。

!ENTRY org.eclipse.core.resources 4 1 2024-10-26 21:25:39.008
!MESSAGE 刷新资源时发生了问题
!SUBENTRY 1 org.eclipse.core.resources 4 1 2024-10-26 21:25:39.008
!MESSAGE 自动刷新本机代码 5 时发生了问题。

!ENTRY org.eclipse.core.resources 4 1 2024-10-26 21:25:40.016
!MESSAGE 刷新资源时发生了问题
!SUBENTRY 1 org.eclipse.core.resources 4 1 2024-10-26 21:25:40.016
!MESSAGE 自动刷新本机代码 5 时发生了问题。

!ENTRY org.eclipse.core.resources 4 1 2024-10-26 21:25:41.022
!MESSAGE 刷新资源时发生了问题
!SUBENTRY 1 org.eclipse.core.resources 4 1 2024-10-26 21:25:41.022
!MESSAGE 自动刷新本机代码 5 时发生了问题。

!ENTRY org.eclipse.core.resources 4 1 2024-10-26 21:25:42.023
!MESSAGE 刷新资源时发生了问题
!SUBENTRY 1 org.eclipse.core.resources 4 1 2024-10-26 21:25:42.023
!MESSAGE 自动刷新本机代码 5 时发生了问题。

!ENTRY org.eclipse.core.resources 4 1 2024-10-26 21:25:43.035
!MESSAGE 刷新资源时发生了问题
!SUBENTRY 1 org.eclipse.core.resources 4 1 2024-10-26 21:25:43.035
!MESSAGE 自动刷新本机代码 5 时发生了问题。

!ENTRY org.eclipse.core.resources 4 1 2024-10-26 21:25:44.050
!MESSAGE 刷新资源时发生了问题
!SUBENTRY 1 org.eclipse.core.resources 4 1 2024-10-26 21:25:44.050
!MESSAGE 自动刷新本机代码 5 时发生了问题。

!ENTRY org.eclipse.core.resources 4 1 2024-10-26 21:25:45.062
!MESSAGE 刷新资源时发生了问题
!SUBENTRY 1 org.eclipse.core.resources 4 1 2024-10-26 21:25:45.062
!MESSAGE 自动刷新本机代码 5 时发生了问题。

!ENTRY org.eclipse.core.resources 4 1 2024-10-26 21:25:46.078
!MESSAGE 刷新资源时发生了问题
!SUBENTRY 1 org.eclipse.core.resources 4 1 2024-10-26 21:25:46.078
!MESSAGE 自动刷新本机代码 5 时发生了问题。

!ENTRY org.eclipse.core.resources 4 1 2024-10-26 21:25:47.080
!MESSAGE 刷新资源时发生了问题
!SUBENTRY 1 org.eclipse.core.resources 4 1 2024-10-26 21:25:47.081
!MESSAGE 自动刷新本机代码 5 时发生了问题。

!ENTRY org.eclipse.core.resources 4 1 2024-10-26 21:25:48.095
!MESSAGE 刷新资源时发生了问题
!SUBENTRY 1 org.eclipse.core.resources 4 1 2024-10-26 21:25:48.095
!MESSAGE 自动刷新本机代码 5 时发生了问题。

!ENTRY org.eclipse.core.resources 4 1 2024-10-26 21:25:49.098
!MESSAGE 刷新资源时发生了问题
!SUBENTRY 1 org.eclipse.core.resources 4 1 2024-10-26 21:25:49.098
!MESSAGE 自动刷新本机代码 5 时发生了问题。

!ENTRY org.eclipse.core.resources 4 1 2024-10-26 21:25:50.113
!MESSAGE 刷新资源时发生了问题
!SUBENTRY 1 org.eclipse.core.resources 4 1 2024-10-26 21:25:50.113
!MESSAGE 自动刷新本机代码 5 时发生了问题。

!ENTRY org.eclipse.core.resources 4 1 2024-10-26 21:25:51.128
!MESSAGE 刷新资源时发生了问题
!SUBENTRY 1 org.eclipse.core.resources 4 1 2024-10-26 21:25:51.128
!MESSAGE 自动刷新本机代码 5 时发生了问题。

!ENTRY org.eclipse.core.resources 4 1 2024-10-26 21:25:52.139
!MESSAGE 刷新资源时发生了问题
!SUBENTRY 1 org.eclipse.core.resources 4 1 2024-10-26 21:25:52.139
!MESSAGE 自动刷新本机代码 5 时发生了问题。

!ENTRY org.eclipse.core.resources 4 1 2024-10-26 21:25:53.143
!MESSAGE 刷新资源时发生了问题
!SUBENTRY 1 org.eclipse.core.resources 4 1 2024-10-26 21:25:53.143
!MESSAGE 自动刷新本机代码 5 时发生了问题。

!ENTRY org.eclipse.core.resources 4 1 2024-10-26 21:25:54.145
!MESSAGE 刷新资源时发生了问题
!SUBENTRY 1 org.eclipse.core.resources 4 1 2024-10-26 21:25:54.145
!MESSAGE 自动刷新本机代码 5 时发生了问题。

!ENTRY org.eclipse.core.resources 4 1 2024-10-26 21:25:55.151
!MESSAGE 刷新资源时发生了问题
!SUBENTRY 1 org.eclipse.core.resources 4 1 2024-10-26 21:25:55.151
!MESSAGE 自动刷新本机代码 5 时发生了问题。

!ENTRY org.eclipse.core.resources 4 1 2024-10-26 21:25:56.153
!MESSAGE 刷新资源时发生了问题
!SUBENTRY 1 org.eclipse.core.resources 4 1 2024-10-26 21:25:56.153
!MESSAGE 自动刷新本机代码 5 时发生了问题。

!ENTRY org.eclipse.core.resources 4 1 2024-10-26 21:25:57.156
!MESSAGE 刷新资源时发生了问题
!SUBENTRY 1 org.eclipse.core.resources 4 1 2024-10-26 21:25:57.156
!MESSAGE 自动刷新本机代码 5 时发生了问题。

!ENTRY org.eclipse.core.resources 4 1 2024-10-26 21:25:58.160
!MESSAGE 刷新资源时发生了问题
!SUBENTRY 1 org.eclipse.core.resources 4 1 2024-10-26 21:25:58.160
!MESSAGE 自动刷新本机代码 5 时发生了问题。

!ENTRY org.eclipse.core.resources 4 1 2024-10-26 21:25:59.165
!MESSAGE 刷新资源时发生了问题
!SUBENTRY 1 org.eclipse.core.resources 4 1 2024-10-26 21:25:59.165
!MESSAGE 自动刷新本机代码 5 时发生了问题。

!ENTRY org.eclipse.core.resources 4 1 2024-10-26 21:26:00.168
!MESSAGE 刷新资源时发生了问题
!SUBENTRY 1 org.eclipse.core.resources 4 1 2024-10-26 21:26:00.168
!MESSAGE 自动刷新本机代码 5 时发生了问题。

!ENTRY org.eclipse.core.resources 4 1 2024-10-26 21:26:01.229
!MESSAGE 刷新资源时发生了问题
!SUBENTRY 1 org.eclipse.core.resources 4 1 2024-10-26 21:26:01.229
!MESSAGE 自动刷新本机代码 5 时发生了问题。

!ENTRY org.eclipse.core.resources 4 1 2024-10-26 21:26:02.232
!MESSAGE 刷新资源时发生了问题
!SUBENTRY 1 org.eclipse.core.resources 4 1 2024-10-26 21:26:02.232
!MESSAGE 自动刷新本机代码 5 时发生了问题。

!ENTRY org.eclipse.core.resources 4 1 2024-10-26 21:26:03.240
!MESSAGE 刷新资源时发生了问题
!SUBENTRY 1 org.eclipse.core.resources 4 1 2024-10-26 21:26:03.240
!MESSAGE 自动刷新本机代码 5 时发生了问题。

!ENTRY org.eclipse.core.resources 4 1 2024-10-26 21:26:04.244
!MESSAGE 刷新资源时发生了问题
!SUBENTRY 1 org.eclipse.core.resources 4 1 2024-10-26 21:26:04.244
!MESSAGE 自动刷新本机代码 5 时发生了问题。

!ENTRY org.eclipse.core.resources 4 1 2024-10-26 21:26:05.246
!MESSAGE 刷新资源时发生了问题
!SUBENTRY 1 org.eclipse.core.resources 4 1 2024-10-26 21:26:05.246
!MESSAGE 自动刷新本机代码 5 时发生了问题。

!ENTRY org.eclipse.core.resources 4 1 2024-10-26 21:26:06.256
!MESSAGE 刷新资源时发生了问题
!SUBENTRY 1 org.eclipse.core.resources 4 1 2024-10-26 21:26:06.256
!MESSAGE 自动刷新本机代码 5 时发生了问题。

!ENTRY org.eclipse.core.resources 4 1 2024-10-26 21:26:07.264
!MESSAGE 刷新资源时发生了问题
!SUBENTRY 1 org.eclipse.core.resources 4 1 2024-10-26 21:26:07.264
!MESSAGE 自动刷新本机代码 5 时发生了问题。

!ENTRY org.eclipse.core.resources 4 1 2024-10-26 21:26:08.278
!MESSAGE 刷新资源时发生了问题
!SUBENTRY 1 org.eclipse.core.resources 4 1 2024-10-26 21:26:08.278
!MESSAGE 自动刷新本机代码 5 时发生了问题。

!ENTRY org.eclipse.core.resources 4 1 2024-10-26 21:26:09.291
!MESSAGE 刷新资源时发生了问题
!SUBENTRY 1 org.eclipse.core.resources 4 1 2024-10-26 21:26:09.291
!MESSAGE 自动刷新本机代码 5 时发生了问题。

!ENTRY org.eclipse.core.resources 4 1 2024-10-26 21:26:10.308
!MESSAGE 刷新资源时发生了问题
!SUBENTRY 1 org.eclipse.core.resources 4 1 2024-10-26 21:26:10.308
!MESSAGE 自动刷新本机代码 5 时发生了问题。

!ENTRY org.eclipse.core.resources 4 1 2024-10-26 21:26:11.320
!MESSAGE 刷新资源时发生了问题
!SUBENTRY 1 org.eclipse.core.resources 4 1 2024-10-26 21:26:11.320
!MESSAGE 自动刷新本机代码 5 时发生了问题。

!ENTRY org.eclipse.core.resources 4 1 2024-10-26 21:26:12.326
!MESSAGE 刷新资源时发生了问题
!SUBENTRY 1 org.eclipse.core.resources 4 1 2024-10-26 21:26:12.326
!MESSAGE 自动刷新本机代码 5 时发生了问题。

!ENTRY org.eclipse.core.resources 4 1 2024-10-26 21:26:13.328
!MESSAGE 刷新资源时发生了问题
!SUBENTRY 1 org.eclipse.core.resources 4 1 2024-10-26 21:26:13.328
!MESSAGE 自动刷新本机代码 5 时发生了问题。

!ENTRY org.eclipse.core.resources 4 1 2024-10-26 21:26:14.334
!MESSAGE 刷新资源时发生了问题
!SUBENTRY 1 org.eclipse.core.resources 4 1 2024-10-26 21:26:14.334
!MESSAGE 自动刷新本机代码 5 时发生了问题。

!ENTRY org.eclipse.core.resources 4 1 2024-10-26 21:26:15.345
!MESSAGE 刷新资源时发生了问题
!SUBENTRY 1 org.eclipse.core.resources 4 1 2024-10-26 21:26:15.345
!MESSAGE 自动刷新本机代码 5 时发生了问题。

!ENTRY org.eclipse.core.resources 4 1 2024-10-26 21:26:16.357
!MESSAGE 刷新资源时发生了问题
!SUBENTRY 1 org.eclipse.core.resources 4 1 2024-10-26 21:26:16.357
!MESSAGE 自动刷新本机代码 5 时发生了问题。

!ENTRY org.eclipse.core.resources 4 1 2024-10-26 21:26:17.369
!MESSAGE 刷新资源时发生了问题
!SUBENTRY 1 org.eclipse.core.resources 4 1 2024-10-26 21:26:17.369
!MESSAGE 自动刷新本机代码 5 时发生了问题。

!ENTRY org.eclipse.core.resources 4 1 2024-10-26 21:26:18.380
!MESSAGE 刷新资源时发生了问题
!SUBENTRY 1 org.eclipse.core.resources 4 1 2024-10-26 21:26:18.380
!MESSAGE 自动刷新本机代码 5 时发生了问题。

!ENTRY org.eclipse.core.resources 4 1 2024-10-26 21:26:19.383
!MESSAGE 刷新资源时发生了问题
!SUBENTRY 1 org.eclipse.core.resources 4 1 2024-10-26 21:26:19.383
!MESSAGE 自动刷新本机代码 5 时发生了问题。

!ENTRY org.eclipse.core.resources 4 1 2024-10-26 21:26:20.386
!MESSAGE 刷新资源时发生了问题
!SUBENTRY 1 org.eclipse.core.resources 4 1 2024-10-26 21:26:20.386
!MESSAGE 自动刷新本机代码 5 时发生了问题。

!ENTRY org.eclipse.core.resources 4 1 2024-10-26 21:26:21.388
!MESSAGE 刷新资源时发生了问题
!SUBENTRY 1 org.eclipse.core.resources 4 1 2024-10-26 21:26:21.388
!MESSAGE 自动刷新本机代码 5 时发生了问题。

!ENTRY org.eclipse.core.resources 4 1 2024-10-26 21:26:22.403
!MESSAGE 刷新资源时发生了问题
!SUBENTRY 1 org.eclipse.core.resources 4 1 2024-10-26 21:26:22.403
!MESSAGE 自动刷新本机代码 5 时发生了问题。

!ENTRY org.eclipse.core.resources 4 1 2024-10-26 21:26:23.405
!MESSAGE 刷新资源时发生了问题
!SUBENTRY 1 org.eclipse.core.resources 4 1 2024-10-26 21:26:23.405
!MESSAGE 自动刷新本机代码 5 时发生了问题。

!ENTRY org.eclipse.core.resources 4 1 2024-10-26 21:26:24.417
!MESSAGE 刷新资源时发生了问题
!SUBENTRY 1 org.eclipse.core.resources 4 1 2024-10-26 21:26:24.417
!MESSAGE 自动刷新本机代码 5 时发生了问题。

!ENTRY org.eclipse.core.resources 4 1 2024-10-26 21:26:25.421
!MESSAGE 刷新资源时发生了问题
!SUBENTRY 1 org.eclipse.core.resources 4 1 2024-10-26 21:26:25.421
!MESSAGE 自动刷新本机代码 5 时发生了问题。

!ENTRY org.eclipse.core.resources 4 1 2024-10-26 21:26:26.422
!MESSAGE 刷新资源时发生了问题
!SUBENTRY 1 org.eclipse.core.resources 4 1 2024-10-26 21:26:26.422
!MESSAGE 自动刷新本机代码 5 时发生了问题。

!ENTRY org.eclipse.core.resources 4 1 2024-10-26 21:26:27.432
!MESSAGE 刷新资源时发生了问题
!SUBENTRY 1 org.eclipse.core.resources 4 1 2024-10-26 21:26:27.432
!MESSAGE 自动刷新本机代码 5 时发生了问题。

!ENTRY org.eclipse.core.resources 4 1 2024-10-26 21:26:28.445
!MESSAGE 刷新资源时发生了问题
!SUBENTRY 1 org.eclipse.core.resources 4 1 2024-10-26 21:26:28.445
!MESSAGE 自动刷新本机代码 5 时发生了问题。

!ENTRY org.eclipse.core.resources 4 1 2024-10-26 21:26:29.450
!MESSAGE 刷新资源时发生了问题
!SUBENTRY 1 org.eclipse.core.resources 4 1 2024-10-26 21:26:29.450
!MESSAGE 自动刷新本机代码 5 时发生了问题。

!ENTRY org.eclipse.core.resources 4 1 2024-10-26 21:26:30.462
!MESSAGE 刷新资源时发生了问题
!SUBENTRY 1 org.eclipse.core.resources 4 1 2024-10-26 21:26:30.462
!MESSAGE 自动刷新本机代码 5 时发生了问题。

!ENTRY org.eclipse.core.resources 4 1 2024-10-26 21:26:31.476
!MESSAGE 刷新资源时发生了问题
!SUBENTRY 1 org.eclipse.core.resources 4 1 2024-10-26 21:26:31.476
!MESSAGE 自动刷新本机代码 5 时发生了问题。

!ENTRY org.eclipse.core.resources 4 1 2024-10-26 21:26:32.485
!MESSAGE 刷新资源时发生了问题
!SUBENTRY 1 org.eclipse.core.resources 4 1 2024-10-26 21:26:32.485
!MESSAGE 自动刷新本机代码 5 时发生了问题。

!ENTRY org.eclipse.core.resources 4 1 2024-10-26 21:26:33.498
!MESSAGE 刷新资源时发生了问题
!SUBENTRY 1 org.eclipse.core.resources 4 1 2024-10-26 21:26:33.498
!MESSAGE 自动刷新本机代码 5 时发生了问题。

!ENTRY org.eclipse.core.resources 4 1 2024-10-26 21:26:34.514
!MESSAGE 刷新资源时发生了问题
!SUBENTRY 1 org.eclipse.core.resources 4 1 2024-10-26 21:26:34.514
!MESSAGE 自动刷新本机代码 5 时发生了问题。

!ENTRY org.eclipse.core.resources 4 1 2024-10-26 21:26:35.575
!MESSAGE 刷新资源时发生了问题
!SUBENTRY 1 org.eclipse.core.resources 4 1 2024-10-26 21:26:35.575
!MESSAGE 自动刷新本机代码 5 时发生了问题。

!ENTRY org.eclipse.core.resources 4 1 2024-10-26 21:26:36.589
!MESSAGE 刷新资源时发生了问题
!SUBENTRY 1 org.eclipse.core.resources 4 1 2024-10-26 21:26:36.589
!MESSAGE 自动刷新本机代码 5 时发生了问题。

!ENTRY org.eclipse.core.resources 4 1 2024-10-26 21:26:37.590
!MESSAGE 刷新资源时发生了问题
!SUBENTRY 1 org.eclipse.core.resources 4 1 2024-10-26 21:26:37.590
!MESSAGE 自动刷新本机代码 5 时发生了问题。

!ENTRY org.eclipse.core.resources 4 1 2024-10-26 21:26:38.604
!MESSAGE 刷新资源时发生了问题
!SUBENTRY 1 org.eclipse.core.resources 4 1 2024-10-26 21:26:38.604
!MESSAGE 自动刷新本机代码 5 时发生了问题。

!ENTRY org.eclipse.core.resources 4 1 2024-10-26 21:26:39.666
!MESSAGE 刷新资源时发生了问题
!SUBENTRY 1 org.eclipse.core.resources 4 1 2024-10-26 21:26:39.666
!MESSAGE 自动刷新本机代码 5 时发生了问题。

!ENTRY org.eclipse.core.resources 4 1 2024-10-26 21:26:40.667
!MESSAGE 刷新资源时发生了问题
!SUBENTRY 1 org.eclipse.core.resources 4 1 2024-10-26 21:26:40.667
!MESSAGE 自动刷新本机代码 5 时发生了问题。

!ENTRY org.eclipse.core.resources 4 1 2024-10-26 21:26:41.669
!MESSAGE 刷新资源时发生了问题
!SUBENTRY 1 org.eclipse.core.resources 4 1 2024-10-26 21:26:41.669
!MESSAGE 自动刷新本机代码 5 时发生了问题。

!ENTRY org.eclipse.core.resources 4 1 2024-10-26 21:26:42.685
!MESSAGE 刷新资源时发生了问题
!SUBENTRY 1 org.eclipse.core.resources 4 1 2024-10-26 21:26:42.685
!MESSAGE 自动刷新本机代码 5 时发生了问题。

!ENTRY org.eclipse.core.resources 4 1 2024-10-26 21:26:43.689
!MESSAGE 刷新资源时发生了问题
!SUBENTRY 1 org.eclipse.core.resources 4 1 2024-10-26 21:26:43.689
!MESSAGE 自动刷新本机代码 5 时发生了问题。

!ENTRY org.eclipse.core.resources 4 1 2024-10-26 21:26:44.703
!MESSAGE 刷新资源时发生了问题
!SUBENTRY 1 org.eclipse.core.resources 4 1 2024-10-26 21:26:44.703
!MESSAGE 自动刷新本机代码 5 时发生了问题。

!ENTRY org.eclipse.core.resources 4 1 2024-10-26 21:26:45.707
!MESSAGE 刷新资源时发生了问题
!SUBENTRY 1 org.eclipse.core.resources 4 1 2024-10-26 21:26:45.707
!MESSAGE 自动刷新本机代码 5 时发生了问题。

!ENTRY org.eclipse.core.resources 4 1 2024-10-26 21:26:46.708
!MESSAGE 刷新资源时发生了问题
!SUBENTRY 1 org.eclipse.core.resources 4 1 2024-10-26 21:26:46.708
!MESSAGE 自动刷新本机代码 5 时发生了问题。

!ENTRY org.eclipse.core.resources 4 1 2024-10-26 21:26:47.712
!MESSAGE 刷新资源时发生了问题
!SUBENTRY 1 org.eclipse.core.resources 4 1 2024-10-26 21:26:47.712
!MESSAGE 自动刷新本机代码 5 时发生了问题。

!ENTRY org.eclipse.core.resources 4 1 2024-10-26 21:26:48.727
!MESSAGE 刷新资源时发生了问题
!SUBENTRY 1 org.eclipse.core.resources 4 1 2024-10-26 21:26:48.727
!MESSAGE 自动刷新本机代码 5 时发生了问题。

!ENTRY org.eclipse.core.resources 4 1 2024-10-26 21:26:49.734
!MESSAGE 刷新资源时发生了问题
!SUBENTRY 1 org.eclipse.core.resources 4 1 2024-10-26 21:26:49.734
!MESSAGE 自动刷新本机代码 5 时发生了问题。

!ENTRY org.eclipse.core.resources 4 1 2024-10-26 21:26:50.747
!MESSAGE 刷新资源时发生了问题
!SUBENTRY 1 org.eclipse.core.resources 4 1 2024-10-26 21:26:50.747
!MESSAGE 自动刷新本机代码 5 时发生了问题。

!ENTRY org.eclipse.core.resources 4 1 2024-10-26 21:26:51.749
!MESSAGE 刷新资源时发生了问题
!SUBENTRY 1 org.eclipse.core.resources 4 1 2024-10-26 21:26:51.749
!MESSAGE 自动刷新本机代码 5 时发生了问题。

!ENTRY org.eclipse.core.resources 4 1 2024-10-26 21:26:52.762
!MESSAGE 刷新资源时发生了问题
!SUBENTRY 1 org.eclipse.core.resources 4 1 2024-10-26 21:26:52.762
!MESSAGE 自动刷新本机代码 5 时发生了问题。

!ENTRY org.eclipse.core.resources 4 1 2024-10-26 21:26:53.776
!MESSAGE 刷新资源时发生了问题
!SUBENTRY 1 org.eclipse.core.resources 4 1 2024-10-26 21:26:53.776
!MESSAGE 自动刷新本机代码 5 时发生了问题。

!ENTRY org.eclipse.core.resources 4 1 2024-10-26 21:26:54.790
!MESSAGE 刷新资源时发生了问题
!SUBENTRY 1 org.eclipse.core.resources 4 1 2024-10-26 21:26:54.790
!MESSAGE 自动刷新本机代码 5 时发生了问题。

!ENTRY org.eclipse.core.resources 4 1 2024-10-26 21:26:55.793
!MESSAGE 刷新资源时发生了问题
!SUBENTRY 1 org.eclipse.core.resources 4 1 2024-10-26 21:26:55.793
!MESSAGE 自动刷新本机代码 5 时发生了问题。

!ENTRY org.eclipse.core.resources 4 1 2024-10-26 21:26:56.794
!MESSAGE 刷新资源时发生了问题
!SUBENTRY 1 org.eclipse.core.resources 4 1 2024-10-26 21:26:56.794
!MESSAGE 自动刷新本机代码 5 时发生了问题。

!ENTRY org.eclipse.core.resources 4 1 2024-10-26 21:26:57.856
!MESSAGE 刷新资源时发生了问题
!SUBENTRY 1 org.eclipse.core.resources 4 1 2024-10-26 21:26:57.856
!MESSAGE 自动刷新本机代码 5 时发生了问题。

!ENTRY org.eclipse.core.resources 4 1 2024-10-26 21:26:58.872
!MESSAGE 刷新资源时发生了问题
!SUBENTRY 1 org.eclipse.core.resources 4 1 2024-10-26 21:26:58.872
!MESSAGE 自动刷新本机代码 5 时发生了问题。

!ENTRY org.eclipse.core.resources 4 1 2024-10-26 21:26:59.884
!MESSAGE 刷新资源时发生了问题
!SUBENTRY 1 org.eclipse.core.resources 4 1 2024-10-26 21:26:59.884
!MESSAGE 自动刷新本机代码 5 时发生了问题。

!ENTRY org.eclipse.core.resources 4 1 2024-10-26 21:27:00.888
!MESSAGE 刷新资源时发生了问题
!SUBENTRY 1 org.eclipse.core.resources 4 1 2024-10-26 21:27:00.888
!MESSAGE 自动刷新本机代码 5 时发生了问题。

!ENTRY org.eclipse.core.resources 4 1 2024-10-26 21:27:01.890
!MESSAGE 刷新资源时发生了问题
!SUBENTRY 1 org.eclipse.core.resources 4 1 2024-10-26 21:27:01.890
!MESSAGE 自动刷新本机代码 5 时发生了问题。

!ENTRY org.eclipse.core.resources 4 1 2024-10-26 21:27:02.906
!MESSAGE 刷新资源时发生了问题
!SUBENTRY 1 org.eclipse.core.resources 4 1 2024-10-26 21:27:02.906
!MESSAGE 自动刷新本机代码 5 时发生了问题。

!ENTRY org.eclipse.core.resources 4 1 2024-10-26 21:27:03.920
!MESSAGE 刷新资源时发生了问题
!SUBENTRY 1 org.eclipse.core.resources 4 1 2024-10-26 21:27:03.920
!MESSAGE 自动刷新本机代码 5 时发生了问题。

!ENTRY org.eclipse.core.resources 4 1 2024-10-26 21:27:04.985
!MESSAGE 刷新资源时发生了问题
!SUBENTRY 1 org.eclipse.core.resources 4 1 2024-10-26 21:27:04.985
!MESSAGE 自动刷新本机代码 5 时发生了问题。

!ENTRY org.eclipse.core.resources 4 1 2024-10-26 21:27:06.015
!MESSAGE 刷新资源时发生了问题
!SUBENTRY 1 org.eclipse.core.resources 4 1 2024-10-26 21:27:06.015
!MESSAGE 自动刷新本机代码 5 时发生了问题。

!ENTRY org.eclipse.core.resources 4 1 2024-10-26 21:27:07.044
!MESSAGE 刷新资源时发生了问题
!SUBENTRY 1 org.eclipse.core.resources 4 1 2024-10-26 21:27:07.044
!MESSAGE 自动刷新本机代码 5 时发生了问题。

!ENTRY org.eclipse.core.resources 4 1 2024-10-26 21:27:08.055
!MESSAGE 刷新资源时发生了问题
!SUBENTRY 1 org.eclipse.core.resources 4 1 2024-10-26 21:27:08.055
!MESSAGE 自动刷新本机代码 5 时发生了问题。

!ENTRY org.eclipse.core.resources 4 1 2024-10-26 21:27:09.068
!MESSAGE 刷新资源时发生了问题
!SUBENTRY 1 org.eclipse.core.resources 4 1 2024-10-26 21:27:09.068
!MESSAGE 自动刷新本机代码 5 时发生了问题。

!ENTRY org.eclipse.core.resources 4 1 2024-10-26 21:27:10.149
!MESSAGE 刷新资源时发生了问题
!SUBENTRY 1 org.eclipse.core.resources 4 1 2024-10-26 21:27:10.149
!MESSAGE 自动刷新本机代码 5 时发生了问题。

!ENTRY org.eclipse.core.resources 4 1 2024-10-26 21:27:11.178
!MESSAGE 刷新资源时发生了问题
!SUBENTRY 1 org.eclipse.core.resources 4 1 2024-10-26 21:27:11.178
!MESSAGE 自动刷新本机代码 5 时发生了问题。

!ENTRY org.eclipse.core.resources 4 1 2024-10-26 21:27:12.190
!MESSAGE 刷新资源时发生了问题
!SUBENTRY 1 org.eclipse.core.resources 4 1 2024-10-26 21:27:12.190
!MESSAGE 自动刷新本机代码 5 时发生了问题。

!ENTRY org.eclipse.core.resources 4 1 2024-10-26 21:27:13.220
!MESSAGE 刷新资源时发生了问题
!SUBENTRY 1 org.eclipse.core.resources 4 1 2024-10-26 21:27:13.220
!MESSAGE 自动刷新本机代码 5 时发生了问题。

!ENTRY org.eclipse.core.resources 4 1 2024-10-26 21:27:14.257
!MESSAGE 刷新资源时发生了问题
!SUBENTRY 1 org.eclipse.core.resources 4 1 2024-10-26 21:27:14.257
!MESSAGE 自动刷新本机代码 5 时发生了问题。

!ENTRY org.eclipse.core.resources 4 1 2024-10-26 21:27:15.393
!MESSAGE 刷新资源时发生了问题
!SUBENTRY 1 org.eclipse.core.resources 4 1 2024-10-26 21:27:15.393
!MESSAGE 自动刷新本机代码 5 时发生了问题。

!ENTRY org.eclipse.core.resources 4 1 2024-10-26 21:27:16.441
!MESSAGE 刷新资源时发生了问题
!SUBENTRY 1 org.eclipse.core.resources 4 1 2024-10-26 21:27:16.441
!MESSAGE 自动刷新本机代码 5 时发生了问题。

!ENTRY org.eclipse.core.resources 4 1 2024-10-26 21:27:17.471
!MESSAGE 刷新资源时发生了问题
!SUBENTRY 1 org.eclipse.core.resources 4 1 2024-10-26 21:27:17.471
!MESSAGE 自动刷新本机代码 5 时发生了问题。

!ENTRY org.eclipse.core.resources 4 1 2024-10-26 21:27:18.473
!MESSAGE 刷新资源时发生了问题
!SUBENTRY 1 org.eclipse.core.resources 4 1 2024-10-26 21:27:18.473
!MESSAGE 自动刷新本机代码 5 时发生了问题。

!ENTRY org.eclipse.core.resources 4 1 2024-10-26 21:27:19.524
!MESSAGE 刷新资源时发生了问题
!SUBENTRY 1 org.eclipse.core.resources 4 1 2024-10-26 21:27:19.524
!MESSAGE 自动刷新本机代码 5 时发生了问题。

!ENTRY org.eclipse.core.resources 4 1 2024-10-26 21:27:20.535
!MESSAGE 刷新资源时发生了问题
!SUBENTRY 1 org.eclipse.core.resources 4 1 2024-10-26 21:27:20.535
!MESSAGE 自动刷新本机代码 5 时发生了问题。

!ENTRY org.eclipse.core.resources 4 1 2024-10-26 21:27:21.536
!MESSAGE 刷新资源时发生了问题
!SUBENTRY 1 org.eclipse.core.resources 4 1 2024-10-26 21:27:21.536
!MESSAGE 自动刷新本机代码 5 时发生了问题。

!ENTRY org.eclipse.core.resources 4 1 2024-10-26 21:27:22.538
!MESSAGE 刷新资源时发生了问题
!SUBENTRY 1 org.eclipse.core.resources 4 1 2024-10-26 21:27:22.538
!MESSAGE 自动刷新本机代码 5 时发生了问题。

!ENTRY org.eclipse.core.resources 4 1 2024-10-26 21:27:23.539
!MESSAGE 刷新资源时发生了问题
!SUBENTRY 1 org.eclipse.core.resources 4 1 2024-10-26 21:27:23.539
!MESSAGE 自动刷新本机代码 5 时发生了问题。

!ENTRY org.eclipse.core.resources 4 1 2024-10-26 21:27:24.547
!MESSAGE 刷新资源时发生了问题
!SUBENTRY 1 org.eclipse.core.resources 4 1 2024-10-26 21:27:24.547
!MESSAGE 自动刷新本机代码 5 时发生了问题。

!ENTRY org.eclipse.core.resources 4 1 2024-10-26 21:27:25.609
!MESSAGE 刷新资源时发生了问题
!SUBENTRY 1 org.eclipse.core.resources 4 1 2024-10-26 21:27:25.609
!MESSAGE 自动刷新本机代码 5 时发生了问题。

!ENTRY org.eclipse.core.resources 4 1 2024-10-26 21:27:26.612
!MESSAGE 刷新资源时发生了问题
!SUBENTRY 1 org.eclipse.core.resources 4 1 2024-10-26 21:27:26.612
!MESSAGE 自动刷新本机代码 5 时发生了问题。

!ENTRY org.eclipse.core.resources 4 1 2024-10-26 21:27:27.616
!MESSAGE 刷新资源时发生了问题
!SUBENTRY 1 org.eclipse.core.resources 4 1 2024-10-26 21:27:27.616
!MESSAGE 自动刷新本机代码 5 时发生了问题。

!ENTRY org.eclipse.core.resources 4 1 2024-10-26 21:27:28.630
!MESSAGE 刷新资源时发生了问题
!SUBENTRY 1 org.eclipse.core.resources 4 1 2024-10-26 21:27:28.630
!MESSAGE 自动刷新本机代码 5 时发生了问题。

!ENTRY org.eclipse.core.resources 4 1 2024-10-26 21:27:29.631
!MESSAGE 刷新资源时发生了问题
!SUBENTRY 1 org.eclipse.core.resources 4 1 2024-10-26 21:27:29.631
!MESSAGE 自动刷新本机代码 5 时发生了问题。

!ENTRY org.eclipse.core.resources 4 1 2024-10-26 21:27:30.692
!MESSAGE 刷新资源时发生了问题
!SUBENTRY 1 org.eclipse.core.resources 4 1 2024-10-26 21:27:30.692
!MESSAGE 自动刷新本机代码 5 时发生了问题。

!ENTRY org.eclipse.core.resources 4 1 2024-10-26 21:27:31.705
!MESSAGE 刷新资源时发生了问题
!SUBENTRY 1 org.eclipse.core.resources 4 1 2024-10-26 21:27:31.705
!MESSAGE 自动刷新本机代码 5 时发生了问题。

!ENTRY org.eclipse.core.resources 4 1 2024-10-26 21:27:32.718
!MESSAGE 刷新资源时发生了问题
!SUBENTRY 1 org.eclipse.core.resources 4 1 2024-10-26 21:27:32.718
!MESSAGE 自动刷新本机代码 5 时发生了问题。

!ENTRY org.eclipse.core.resources 4 1 2024-10-26 21:27:33.730
!MESSAGE 刷新资源时发生了问题
!SUBENTRY 1 org.eclipse.core.resources 4 1 2024-10-26 21:27:33.730
!MESSAGE 自动刷新本机代码 5 时发生了问题。

!ENTRY org.eclipse.core.resources 4 1 2024-10-26 21:27:34.732
!MESSAGE 刷新资源时发生了问题
!SUBENTRY 1 org.eclipse.core.resources 4 1 2024-10-26 21:27:34.732
!MESSAGE 自动刷新本机代码 5 时发生了问题。

!ENTRY org.eclipse.core.resources 4 1 2024-10-26 21:27:35.742
!MESSAGE 刷新资源时发生了问题
!SUBENTRY 1 org.eclipse.core.resources 4 1 2024-10-26 21:27:35.742
!MESSAGE 自动刷新本机代码 5 时发生了问题。

!ENTRY org.eclipse.core.resources 4 1 2024-10-26 21:27:36.758
!MESSAGE 刷新资源时发生了问题
!SUBENTRY 1 org.eclipse.core.resources 4 1 2024-10-26 21:27:36.758
!MESSAGE 自动刷新本机代码 5 时发生了问题。

!ENTRY org.eclipse.core.resources 4 1 2024-10-26 21:27:37.762
!MESSAGE 刷新资源时发生了问题
!SUBENTRY 1 org.eclipse.core.resources 4 1 2024-10-26 21:27:37.762
!MESSAGE 自动刷新本机代码 5 时发生了问题。

!ENTRY org.eclipse.core.resources 4 1 2024-10-26 21:27:38.763
!MESSAGE 刷新资源时发生了问题
!SUBENTRY 1 org.eclipse.core.resources 4 1 2024-10-26 21:27:38.763
!MESSAGE 自动刷新本机代码 5 时发生了问题。

!ENTRY org.eclipse.core.resources 4 1 2024-10-26 21:27:39.764
!MESSAGE 刷新资源时发生了问题
!SUBENTRY 1 org.eclipse.core.resources 4 1 2024-10-26 21:27:39.764
!MESSAGE 自动刷新本机代码 5 时发生了问题。

!ENTRY org.eclipse.core.resources 4 1 2024-10-26 21:27:40.765
!MESSAGE 刷新资源时发生了问题
!SUBENTRY 1 org.eclipse.core.resources 4 1 2024-10-26 21:27:40.765
!MESSAGE 自动刷新本机代码 5 时发生了问题。

!ENTRY org.eclipse.core.resources 4 1 2024-10-26 21:27:41.814
!MESSAGE 刷新资源时发生了问题
!SUBENTRY 1 org.eclipse.core.resources 4 1 2024-10-26 21:27:41.814
!MESSAGE 自动刷新本机代码 5 时发生了问题。

!ENTRY org.eclipse.core.resources 4 1 2024-10-26 21:27:42.817
!MESSAGE 刷新资源时发生了问题
!SUBENTRY 1 org.eclipse.core.resources 4 1 2024-10-26 21:27:42.817
!MESSAGE 自动刷新本机代码 5 时发生了问题。

!ENTRY org.eclipse.core.resources 4 1 2024-10-26 21:27:43.818
!MESSAGE 刷新资源时发生了问题
!SUBENTRY 1 org.eclipse.core.resources 4 1 2024-10-26 21:27:43.818
!MESSAGE 自动刷新本机代码 5 时发生了问题。

!ENTRY org.eclipse.core.resources 4 1 2024-10-26 21:27:44.870
!MESSAGE 刷新资源时发生了问题
!SUBENTRY 1 org.eclipse.core.resources 4 1 2024-10-26 21:27:44.870
!MESSAGE 自动刷新本机代码 5 时发生了问题。

!ENTRY org.eclipse.core.resources 4 1 2024-10-26 21:27:45.921
!MESSAGE 刷新资源时发生了问题
!SUBENTRY 1 org.eclipse.core.resources 4 1 2024-10-26 21:27:45.921
!MESSAGE 自动刷新本机代码 5 时发生了问题。

!ENTRY org.eclipse.core.resources 4 1 2024-10-26 21:27:46.924
!MESSAGE 刷新资源时发生了问题
!SUBENTRY 1 org.eclipse.core.resources 4 1 2024-10-26 21:27:46.924
!MESSAGE 自动刷新本机代码 5 时发生了问题。

!ENTRY org.eclipse.core.resources 4 1 2024-10-26 21:27:47.925
!MESSAGE 刷新资源时发生了问题
!SUBENTRY 1 org.eclipse.core.resources 4 1 2024-10-26 21:27:47.925
!MESSAGE 自动刷新本机代码 5 时发生了问题。

!ENTRY org.eclipse.core.resources 4 1 2024-10-26 21:27:48.926
!MESSAGE 刷新资源时发生了问题
!SUBENTRY 1 org.eclipse.core.resources 4 1 2024-10-26 21:27:48.926
!MESSAGE 自动刷新本机代码 5 时发生了问题。

!ENTRY org.eclipse.core.resources 4 1 2024-10-26 21:27:49.927
!MESSAGE 刷新资源时发生了问题
!SUBENTRY 1 org.eclipse.core.resources 4 1 2024-10-26 21:27:49.927
!MESSAGE 自动刷新本机代码 5 时发生了问题。

!ENTRY org.eclipse.core.resources 4 1 2024-10-26 21:27:50.928
!MESSAGE 刷新资源时发生了问题
!SUBENTRY 1 org.eclipse.core.resources 4 1 2024-10-26 21:27:50.928
!MESSAGE 自动刷新本机代码 5 时发生了问题。

!ENTRY org.eclipse.core.resources 4 1 2024-10-26 21:27:51.978
!MESSAGE 刷新资源时发生了问题
!SUBENTRY 1 org.eclipse.core.resources 4 1 2024-10-26 21:27:51.978
!MESSAGE 自动刷新本机代码 5 时发生了问题。

!ENTRY org.eclipse.core.resources 4 1 2024-10-26 21:27:52.979
!MESSAGE 刷新资源时发生了问题
!SUBENTRY 1 org.eclipse.core.resources 4 1 2024-10-26 21:27:52.979
!MESSAGE 自动刷新本机代码 5 时发生了问题。

!ENTRY org.eclipse.core.resources 4 1 2024-10-26 21:27:54.030
!MESSAGE 刷新资源时发生了问题
!SUBENTRY 1 org.eclipse.core.resources 4 1 2024-10-26 21:27:54.030
!MESSAGE 自动刷新本机代码 5 时发生了问题。

!ENTRY org.eclipse.core.resources 4 1 2024-10-26 21:27:55.082
!MESSAGE 刷新资源时发生了问题
!SUBENTRY 1 org.eclipse.core.resources 4 1 2024-10-26 21:27:55.082
!MESSAGE 自动刷新本机代码 5 时发生了问题。

!ENTRY org.eclipse.core.resources 4 1 2024-10-26 21:27:56.083
!MESSAGE 刷新资源时发生了问题
!SUBENTRY 1 org.eclipse.core.resources 4 1 2024-10-26 21:27:56.083
!MESSAGE 自动刷新本机代码 5 时发生了问题。

!ENTRY org.eclipse.core.resources 4 1 2024-10-26 21:27:57.084
!MESSAGE 刷新资源时发生了问题
!SUBENTRY 1 org.eclipse.core.resources 4 1 2024-10-26 21:27:57.084
!MESSAGE 自动刷新本机代码 5 时发生了问题。

!ENTRY org.eclipse.core.resources 4 1 2024-10-26 21:27:58.135
!MESSAGE 刷新资源时发生了问题
!SUBENTRY 1 org.eclipse.core.resources 4 1 2024-10-26 21:27:58.135
!MESSAGE 自动刷新本机代码 5 时发生了问题。

!ENTRY org.eclipse.core.resources 4 1 2024-10-26 21:27:59.171
!MESSAGE 刷新资源时发生了问题
!SUBENTRY 1 org.eclipse.core.resources 4 1 2024-10-26 21:27:59.171
!MESSAGE 自动刷新本机代码 5 时发生了问题。

!ENTRY org.eclipse.core.resources 4 1 2024-10-26 21:28:00.172
!MESSAGE 刷新资源时发生了问题
!SUBENTRY 1 org.eclipse.core.resources 4 1 2024-10-26 21:28:00.172
!MESSAGE 自动刷新本机代码 5 时发生了问题。

!ENTRY org.eclipse.core.resources 4 1 2024-10-26 21:28:01.223
!MESSAGE 刷新资源时发生了问题
!SUBENTRY 1 org.eclipse.core.resources 4 1 2024-10-26 21:28:01.223
!MESSAGE 自动刷新本机代码 5 时发生了问题。

!ENTRY org.eclipse.core.resources 4 1 2024-10-26 21:28:02.273
!MESSAGE 刷新资源时发生了问题
!SUBENTRY 1 org.eclipse.core.resources 4 1 2024-10-26 21:28:02.274
!MESSAGE 自动刷新本机代码 5 时发生了问题。

!ENTRY org.eclipse.core.resources 4 1 2024-10-26 21:28:03.275
!MESSAGE 刷新资源时发生了问题
!SUBENTRY 1 org.eclipse.core.resources 4 1 2024-10-26 21:28:03.275
!MESSAGE 自动刷新本机代码 5 时发生了问题。

!ENTRY org.eclipse.core.resources 4 1 2024-10-26 21:28:04.276
!MESSAGE 刷新资源时发生了问题
!SUBENTRY 1 org.eclipse.core.resources 4 1 2024-10-26 21:28:04.276
!MESSAGE 自动刷新本机代码 5 时发生了问题。

!ENTRY org.eclipse.core.resources 4 1 2024-10-26 21:28:05.277
!MESSAGE 刷新资源时发生了问题
!SUBENTRY 1 org.eclipse.core.resources 4 1 2024-10-26 21:28:05.277
!MESSAGE 自动刷新本机代码 5 时发生了问题。

!ENTRY org.eclipse.core.resources 4 1 2024-10-26 21:28:06.328
!MESSAGE 刷新资源时发生了问题
!SUBENTRY 1 org.eclipse.core.resources 4 1 2024-10-26 21:28:06.328
!MESSAGE 自动刷新本机代码 5 时发生了问题。

!ENTRY org.eclipse.core.resources 4 1 2024-10-26 21:28:07.379
!MESSAGE 刷新资源时发生了问题
!SUBENTRY 1 org.eclipse.core.resources 4 1 2024-10-26 21:28:07.379
!MESSAGE 自动刷新本机代码 5 时发生了问题。

!ENTRY org.eclipse.core.resources 4 1 2024-10-26 21:28:08.380
!MESSAGE 刷新资源时发生了问题
!SUBENTRY 1 org.eclipse.core.resources 4 1 2024-10-26 21:28:08.380
!MESSAGE 自动刷新本机代码 5 时发生了问题。

!ENTRY org.eclipse.core.resources 4 1 2024-10-26 21:28:09.431
!MESSAGE 刷新资源时发生了问题
!SUBENTRY 1 org.eclipse.core.resources 4 1 2024-10-26 21:28:09.431
!MESSAGE 自动刷新本机代码 5 时发生了问题。

!ENTRY org.eclipse.core.resources 4 1 2024-10-26 21:28:10.482
!MESSAGE 刷新资源时发生了问题
!SUBENTRY 1 org.eclipse.core.resources 4 1 2024-10-26 21:28:10.482
!MESSAGE 自动刷新本机代码 5 时发生了问题。

!ENTRY org.eclipse.core.resources 4 1 2024-10-26 21:28:11.483
!MESSAGE 刷新资源时发生了问题
!SUBENTRY 1 org.eclipse.core.resources 4 1 2024-10-26 21:28:11.483
!MESSAGE 自动刷新本机代码 5 时发生了问题。

!ENTRY org.eclipse.core.resources 4 1 2024-10-26 21:28:12.534
!MESSAGE 刷新资源时发生了问题
!SUBENTRY 1 org.eclipse.core.resources 4 1 2024-10-26 21:28:12.534
!MESSAGE 自动刷新本机代码 5 时发生了问题。

!ENTRY org.eclipse.core.resources 4 1 2024-10-26 21:28:13.535
!MESSAGE 刷新资源时发生了问题
!SUBENTRY 1 org.eclipse.core.resources 4 1 2024-10-26 21:28:13.535
!MESSAGE 自动刷新本机代码 5 时发生了问题。

!ENTRY org.eclipse.core.resources 4 1 2024-10-26 21:28:14.537
!MESSAGE 刷新资源时发生了问题
!SUBENTRY 1 org.eclipse.core.resources 4 1 2024-10-26 21:28:14.537
!MESSAGE 自动刷新本机代码 5 时发生了问题。

!ENTRY org.eclipse.core.resources 4 1 2024-10-26 21:28:15.539
!MESSAGE 刷新资源时发生了问题
!SUBENTRY 1 org.eclipse.core.resources 4 1 2024-10-26 21:28:15.539
!MESSAGE 自动刷新本机代码 5 时发生了问题。

!ENTRY org.eclipse.core.resources 4 1 2024-10-26 21:28:16.590
!MESSAGE 刷新资源时发生了问题
!SUBENTRY 1 org.eclipse.core.resources 4 1 2024-10-26 21:28:16.590
!MESSAGE 自动刷新本机代码 5 时发生了问题。

!ENTRY org.eclipse.core.resources 4 1 2024-10-26 21:28:17.641
!MESSAGE 刷新资源时发生了问题
!SUBENTRY 1 org.eclipse.core.resources 4 1 2024-10-26 21:28:17.641
!MESSAGE 自动刷新本机代码 5 时发生了问题。

!ENTRY org.eclipse.core.resources 4 1 2024-10-26 21:28:18.642
!MESSAGE 刷新资源时发生了问题
!SUBENTRY 1 org.eclipse.core.resources 4 1 2024-10-26 21:28:18.642
!MESSAGE 自动刷新本机代码 5 时发生了问题。

!ENTRY org.eclipse.core.resources 4 1 2024-10-26 21:28:19.643
!MESSAGE 刷新资源时发生了问题
!SUBENTRY 1 org.eclipse.core.resources 4 1 2024-10-26 21:28:19.643
!MESSAGE 自动刷新本机代码 5 时发生了问题。

!ENTRY org.eclipse.core.resources 4 1 2024-10-26 21:28:20.695
!MESSAGE 刷新资源时发生了问题
!SUBENTRY 1 org.eclipse.core.resources 4 1 2024-10-26 21:28:20.695
!MESSAGE 自动刷新本机代码 5 时发生了问题。

!ENTRY org.eclipse.core.resources 4 1 2024-10-26 21:28:21.746
!MESSAGE 刷新资源时发生了问题
!SUBENTRY 1 org.eclipse.core.resources 4 1 2024-10-26 21:28:21.746
!MESSAGE 自动刷新本机代码 5 时发生了问题。

!ENTRY org.eclipse.core.resources 4 1 2024-10-26 21:28:22.748
!MESSAGE 刷新资源时发生了问题
!SUBENTRY 1 org.eclipse.core.resources 4 1 2024-10-26 21:28:22.748
!MESSAGE 自动刷新本机代码 5 时发生了问题。

!ENTRY org.eclipse.core.resources 4 1 2024-10-26 21:28:23.749
!MESSAGE 刷新资源时发生了问题
!SUBENTRY 1 org.eclipse.core.resources 4 1 2024-10-26 21:28:23.749
!MESSAGE 自动刷新本机代码 5 时发生了问题。

!ENTRY org.eclipse.core.resources 4 1 2024-10-26 21:28:24.750
!MESSAGE 刷新资源时发生了问题
!SUBENTRY 1 org.eclipse.core.resources 4 1 2024-10-26 21:28:24.750
!MESSAGE 自动刷新本机代码 5 时发生了问题。

!ENTRY org.eclipse.core.resources 4 1 2024-10-26 21:28:25.800
!MESSAGE 刷新资源时发生了问题
!SUBENTRY 1 org.eclipse.core.resources 4 1 2024-10-26 21:28:25.800
!MESSAGE 自动刷新本机代码 5 时发生了问题。

!ENTRY org.eclipse.core.resources 4 1 2024-10-26 21:28:26.801
!MESSAGE 刷新资源时发生了问题
!SUBENTRY 1 org.eclipse.core.resources 4 1 2024-10-26 21:28:26.801
!MESSAGE 自动刷新本机代码 5 时发生了问题。

!ENTRY org.eclipse.core.resources 4 1 2024-10-26 21:28:27.803
!MESSAGE 刷新资源时发生了问题
!SUBENTRY 1 org.eclipse.core.resources 4 1 2024-10-26 21:28:27.803
!MESSAGE 自动刷新本机代码 5 时发生了问题。

!ENTRY org.eclipse.core.resources 4 1 2024-10-26 21:28:28.804
!MESSAGE 刷新资源时发生了问题
!SUBENTRY 1 org.eclipse.core.resources 4 1 2024-10-26 21:28:28.804
!MESSAGE 自动刷新本机代码 5 时发生了问题。

!ENTRY org.eclipse.core.resources 4 1 2024-10-26 21:28:29.856
!MESSAGE 刷新资源时发生了问题
!SUBENTRY 1 org.eclipse.core.resources 4 1 2024-10-26 21:28:29.856
!MESSAGE 自动刷新本机代码 5 时发生了问题。

!ENTRY org.eclipse.core.resources 4 1 2024-10-26 21:28:30.857
!MESSAGE 刷新资源时发生了问题
!SUBENTRY 1 org.eclipse.core.resources 4 1 2024-10-26 21:28:30.857
!MESSAGE 自动刷新本机代码 5 时发生了问题。

!ENTRY org.eclipse.core.resources 4 1 2024-10-26 21:28:31.858
!MESSAGE 刷新资源时发生了问题
!SUBENTRY 1 org.eclipse.core.resources 4 1 2024-10-26 21:28:31.858
!MESSAGE 自动刷新本机代码 5 时发生了问题。

!ENTRY org.eclipse.core.resources 4 1 2024-10-26 21:28:32.908
!MESSAGE 刷新资源时发生了问题
!SUBENTRY 1 org.eclipse.core.resources 4 1 2024-10-26 21:28:32.908
!MESSAGE 自动刷新本机代码 5 时发生了问题。

!ENTRY org.eclipse.core.resources 4 1 2024-10-26 21:28:33.909
!MESSAGE 刷新资源时发生了问题
!SUBENTRY 1 org.eclipse.core.resources 4 1 2024-10-26 21:28:33.909
!MESSAGE 自动刷新本机代码 5 时发生了问题。

!ENTRY org.eclipse.core.resources 4 1 2024-10-26 21:28:34.959
!MESSAGE 刷新资源时发生了问题
!SUBENTRY 1 org.eclipse.core.resources 4 1 2024-10-26 21:28:34.959
!MESSAGE 自动刷新本机代码 5 时发生了问题。

!ENTRY org.eclipse.core.resources 4 1 2024-10-26 21:28:35.960
!MESSAGE 刷新资源时发生了问题
!SUBENTRY 1 org.eclipse.core.resources 4 1 2024-10-26 21:28:35.960
!MESSAGE 自动刷新本机代码 5 时发生了问题。

!ENTRY org.eclipse.core.resources 4 1 2024-10-26 21:28:36.961
!MESSAGE 刷新资源时发生了问题
!SUBENTRY 1 org.eclipse.core.resources 4 1 2024-10-26 21:28:36.961
!MESSAGE 自动刷新本机代码 5 时发生了问题。

!ENTRY org.eclipse.core.resources 4 1 2024-10-26 21:28:37.962
!MESSAGE 刷新资源时发生了问题
!SUBENTRY 1 org.eclipse.core.resources 4 1 2024-10-26 21:28:37.962
!MESSAGE 自动刷新本机代码 5 时发生了问题。

!ENTRY org.eclipse.core.resources 4 1 2024-10-26 21:28:38.963
!MESSAGE 刷新资源时发生了问题
!SUBENTRY 1 org.eclipse.core.resources 4 1 2024-10-26 21:28:38.963
!MESSAGE 自动刷新本机代码 5 时发生了问题。

!ENTRY org.eclipse.core.resources 4 1 2024-10-26 21:28:39.964
!MESSAGE 刷新资源时发生了问题
!SUBENTRY 1 org.eclipse.core.resources 4 1 2024-10-26 21:28:39.964
!MESSAGE 自动刷新本机代码 5 时发生了问题。

!ENTRY org.eclipse.core.resources 4 1 2024-10-26 21:28:41.015
!MESSAGE 刷新资源时发生了问题
!SUBENTRY 1 org.eclipse.core.resources 4 1 2024-10-26 21:28:41.015
!MESSAGE 自动刷新本机代码 5 时发生了问题。

!ENTRY org.eclipse.core.resources 4 1 2024-10-26 21:28:42.066
!MESSAGE 刷新资源时发生了问题
!SUBENTRY 1 org.eclipse.core.resources 4 1 2024-10-26 21:28:42.066
!MESSAGE 自动刷新本机代码 5 时发生了问题。

!ENTRY org.eclipse.core.resources 4 1 2024-10-26 21:28:43.117
!MESSAGE 刷新资源时发生了问题
!SUBENTRY 1 org.eclipse.core.resources 4 1 2024-10-26 21:28:43.117
!MESSAGE 自动刷新本机代码 5 时发生了问题。

!ENTRY org.eclipse.core.resources 4 1 2024-10-26 21:28:44.168
!MESSAGE 刷新资源时发生了问题
!SUBENTRY 1 org.eclipse.core.resources 4 1 2024-10-26 21:28:44.168
!MESSAGE 自动刷新本机代码 5 时发生了问题。

!ENTRY org.eclipse.core.resources 4 1 2024-10-26 21:28:45.169
!MESSAGE 刷新资源时发生了问题
!SUBENTRY 1 org.eclipse.core.resources 4 1 2024-10-26 21:28:45.169
!MESSAGE 自动刷新本机代码 5 时发生了问题。

!ENTRY org.eclipse.core.resources 4 1 2024-10-26 21:28:46.220
!MESSAGE 刷新资源时发生了问题
!SUBENTRY 1 org.eclipse.core.resources 4 1 2024-10-26 21:28:46.220
!MESSAGE 自动刷新本机代码 5 时发生了问题。

!ENTRY org.eclipse.core.resources 4 1 2024-10-26 21:28:47.221
!MESSAGE 刷新资源时发生了问题
!SUBENTRY 1 org.eclipse.core.resources 4 1 2024-10-26 21:28:47.221
!MESSAGE 自动刷新本机代码 5 时发生了问题。

!ENTRY org.eclipse.core.resources 4 1 2024-10-26 21:28:48.222
!MESSAGE 刷新资源时发生了问题
!SUBENTRY 1 org.eclipse.core.resources 4 1 2024-10-26 21:28:48.222
!MESSAGE 自动刷新本机代码 5 时发生了问题。

!ENTRY org.eclipse.core.resources 4 1 2024-10-26 21:28:49.272
!MESSAGE 刷新资源时发生了问题
!SUBENTRY 1 org.eclipse.core.resources 4 1 2024-10-26 21:28:49.272
!MESSAGE 自动刷新本机代码 5 时发生了问题。

!ENTRY org.eclipse.core.resources 4 1 2024-10-26 21:28:50.322
!MESSAGE 刷新资源时发生了问题
!SUBENTRY 1 org.eclipse.core.resources 4 1 2024-10-26 21:28:50.322
!MESSAGE 自动刷新本机代码 5 时发生了问题。

!ENTRY org.eclipse.core.resources 4 1 2024-10-26 21:28:51.324
!MESSAGE 刷新资源时发生了问题
!SUBENTRY 1 org.eclipse.core.resources 4 1 2024-10-26 21:28:51.324
!MESSAGE 自动刷新本机代码 5 时发生了问题。

!ENTRY org.eclipse.core.resources 4 1 2024-10-26 21:28:52.375
!MESSAGE 刷新资源时发生了问题
!SUBENTRY 1 org.eclipse.core.resources 4 1 2024-10-26 21:28:52.375
!MESSAGE 自动刷新本机代码 5 时发生了问题。

!ENTRY org.eclipse.core.resources 4 1 2024-10-26 21:28:53.425
!MESSAGE 刷新资源时发生了问题
!SUBENTRY 1 org.eclipse.core.resources 4 1 2024-10-26 21:28:53.425
!MESSAGE 自动刷新本机代码 5 时发生了问题。

!ENTRY org.eclipse.core.resources 4 1 2024-10-26 21:28:54.476
!MESSAGE 刷新资源时发生了问题
!SUBENTRY 1 org.eclipse.core.resources 4 1 2024-10-26 21:28:54.476
!MESSAGE 自动刷新本机代码 5 时发生了问题。

!ENTRY org.eclipse.core.resources 4 1 2024-10-26 21:28:55.477
!MESSAGE 刷新资源时发生了问题
!SUBENTRY 1 org.eclipse.core.resources 4 1 2024-10-26 21:28:55.477
!MESSAGE 自动刷新本机代码 5 时发生了问题。

!ENTRY org.eclipse.core.resources 4 1 2024-10-26 21:28:56.528
!MESSAGE 刷新资源时发生了问题
!SUBENTRY 1 org.eclipse.core.resources 4 1 2024-10-26 21:28:56.528
!MESSAGE 自动刷新本机代码 5 时发生了问题。

!ENTRY org.eclipse.core.resources 4 1 2024-10-26 21:28:57.529
!MESSAGE 刷新资源时发生了问题
!SUBENTRY 1 org.eclipse.core.resources 4 1 2024-10-26 21:28:57.529
!MESSAGE 自动刷新本机代码 5 时发生了问题。

!ENTRY org.eclipse.core.resources 4 1 2024-10-26 21:28:58.581
!MESSAGE 刷新资源时发生了问题
!SUBENTRY 1 org.eclipse.core.resources 4 1 2024-10-26 21:28:58.581
!MESSAGE 自动刷新本机代码 5 时发生了问题。

!ENTRY org.eclipse.core.resources 4 1 2024-10-26 21:28:59.582
!MESSAGE 刷新资源时发生了问题
!SUBENTRY 1 org.eclipse.core.resources 4 1 2024-10-26 21:28:59.582
!MESSAGE 自动刷新本机代码 5 时发生了问题。

!ENTRY org.eclipse.core.resources 4 1 2024-10-26 21:29:00.633
!MESSAGE 刷新资源时发生了问题
!SUBENTRY 1 org.eclipse.core.resources 4 1 2024-10-26 21:29:00.633
!MESSAGE 自动刷新本机代码 5 时发生了问题。

!ENTRY org.eclipse.core.resources 4 1 2024-10-26 21:29:01.684
!MESSAGE 刷新资源时发生了问题
!SUBENTRY 1 org.eclipse.core.resources 4 1 2024-10-26 21:29:01.684
!MESSAGE 自动刷新本机代码 5 时发生了问题。

!ENTRY org.eclipse.core.resources 4 1 2024-10-26 21:29:02.685
!MESSAGE 刷新资源时发生了问题
!SUBENTRY 1 org.eclipse.core.resources 4 1 2024-10-26 21:29:02.685
!MESSAGE 自动刷新本机代码 5 时发生了问题。

!ENTRY org.eclipse.core.resources 4 1 2024-10-26 21:29:03.735
!MESSAGE 刷新资源时发生了问题
!SUBENTRY 1 org.eclipse.core.resources 4 1 2024-10-26 21:29:03.735
!MESSAGE 自动刷新本机代码 5 时发生了问题。

!ENTRY org.eclipse.core.resources 4 1 2024-10-26 21:29:04.786
!MESSAGE 刷新资源时发生了问题
!SUBENTRY 1 org.eclipse.core.resources 4 1 2024-10-26 21:29:04.786
!MESSAGE 自动刷新本机代码 5 时发生了问题。

!ENTRY org.eclipse.core.resources 4 1 2024-10-26 21:29:05.787
!MESSAGE 刷新资源时发生了问题
!SUBENTRY 1 org.eclipse.core.resources 4 1 2024-10-26 21:29:05.787
!MESSAGE 自动刷新本机代码 5 时发生了问题。

!ENTRY org.eclipse.core.resources 4 1 2024-10-26 21:29:06.788
!MESSAGE 刷新资源时发生了问题
!SUBENTRY 1 org.eclipse.core.resources 4 1 2024-10-26 21:29:06.788
!MESSAGE 自动刷新本机代码 5 时发生了问题。

!ENTRY org.eclipse.core.resources 4 1 2024-10-26 21:29:07.838
!MESSAGE 刷新资源时发生了问题
!SUBENTRY 1 org.eclipse.core.resources 4 1 2024-10-26 21:29:07.838
!MESSAGE 自动刷新本机代码 5 时发生了问题。

!ENTRY org.eclipse.core.resources 4 1 2024-10-26 21:29:08.839
!MESSAGE 刷新资源时发生了问题
!SUBENTRY 1 org.eclipse.core.resources 4 1 2024-10-26 21:29:08.839
!MESSAGE 自动刷新本机代码 5 时发生了问题。

!ENTRY org.eclipse.core.resources 4 1 2024-10-26 21:29:09.890
!MESSAGE 刷新资源时发生了问题
!SUBENTRY 1 org.eclipse.core.resources 4 1 2024-10-26 21:29:09.890
!MESSAGE 自动刷新本机代码 5 时发生了问题。

!ENTRY org.eclipse.core.resources 4 1 2024-10-26 21:29:10.891
!MESSAGE 刷新资源时发生了问题
!SUBENTRY 1 org.eclipse.core.resources 4 1 2024-10-26 21:29:10.891
!MESSAGE 自动刷新本机代码 5 时发生了问题。

!ENTRY org.eclipse.core.resources 4 1 2024-10-26 21:29:11.892
!MESSAGE 刷新资源时发生了问题
!SUBENTRY 1 org.eclipse.core.resources 4 1 2024-10-26 21:29:11.892
!MESSAGE 自动刷新本机代码 5 时发生了问题。

!ENTRY org.eclipse.core.resources 4 1 2024-10-26 21:29:12.893
!MESSAGE 刷新资源时发生了问题
!SUBENTRY 1 org.eclipse.core.resources 4 1 2024-10-26 21:29:12.893
!MESSAGE 自动刷新本机代码 5 时发生了问题。

!ENTRY org.eclipse.core.resources 4 1 2024-10-26 21:29:13.944
!MESSAGE 刷新资源时发生了问题
!SUBENTRY 1 org.eclipse.core.resources 4 1 2024-10-26 21:29:13.944
!MESSAGE 自动刷新本机代码 5 时发生了问题。

!ENTRY org.eclipse.core.resources 4 1 2024-10-26 21:29:14.945
!MESSAGE 刷新资源时发生了问题
!SUBENTRY 1 org.eclipse.core.resources 4 1 2024-10-26 21:29:14.945
!MESSAGE 自动刷新本机代码 5 时发生了问题。

!ENTRY org.eclipse.core.resources 4 1 2024-10-26 21:29:15.996
!MESSAGE 刷新资源时发生了问题
!SUBENTRY 1 org.eclipse.core.resources 4 1 2024-10-26 21:29:15.996
!MESSAGE 自动刷新本机代码 5 时发生了问题。

!ENTRY org.eclipse.core.resources 4 1 2024-10-26 21:29:17.047
!MESSAGE 刷新资源时发生了问题
!SUBENTRY 1 org.eclipse.core.resources 4 1 2024-10-26 21:29:17.047
!MESSAGE 自动刷新本机代码 5 时发生了问题。

!ENTRY org.eclipse.core.resources 4 1 2024-10-26 21:29:18.048
!MESSAGE 刷新资源时发生了问题
!SUBENTRY 1 org.eclipse.core.resources 4 1 2024-10-26 21:29:18.048
!MESSAGE 自动刷新本机代码 5 时发生了问题。

!ENTRY org.eclipse.core.resources 4 1 2024-10-26 21:29:19.049
!MESSAGE 刷新资源时发生了问题
!SUBENTRY 1 org.eclipse.core.resources 4 1 2024-10-26 21:29:19.049
!MESSAGE 自动刷新本机代码 5 时发生了问题。

!ENTRY org.eclipse.core.resources 4 1 2024-10-26 21:29:20.100
!MESSAGE 刷新资源时发生了问题
!SUBENTRY 1 org.eclipse.core.resources 4 1 2024-10-26 21:29:20.100
!MESSAGE 自动刷新本机代码 5 时发生了问题。

!ENTRY org.eclipse.core.resources 4 1 2024-10-26 21:29:21.101
!MESSAGE 刷新资源时发生了问题
!SUBENTRY 1 org.eclipse.core.resources 4 1 2024-10-26 21:29:21.101
!MESSAGE 自动刷新本机代码 5 时发生了问题。

!ENTRY org.eclipse.core.resources 4 1 2024-10-26 21:29:22.153
!MESSAGE 刷新资源时发生了问题
!SUBENTRY 1 org.eclipse.core.resources 4 1 2024-10-26 21:29:22.153
!MESSAGE 自动刷新本机代码 5 时发生了问题。

!ENTRY org.eclipse.core.resources 4 1 2024-10-26 21:29:23.203
!MESSAGE 刷新资源时发生了问题
!SUBENTRY 1 org.eclipse.core.resources 4 1 2024-10-26 21:29:23.203
!MESSAGE 自动刷新本机代码 5 时发生了问题。

!ENTRY org.eclipse.core.resources 4 1 2024-10-26 21:29:24.204
!MESSAGE 刷新资源时发生了问题
!SUBENTRY 1 org.eclipse.core.resources 4 1 2024-10-26 21:29:24.204
!MESSAGE 自动刷新本机代码 5 时发生了问题。

!ENTRY org.eclipse.core.resources 4 1 2024-10-26 21:29:25.254
!MESSAGE 刷新资源时发生了问题
!SUBENTRY 1 org.eclipse.core.resources 4 1 2024-10-26 21:29:25.254
!MESSAGE 自动刷新本机代码 5 时发生了问题。

!ENTRY org.eclipse.core.resources 4 1 2024-10-26 21:29:26.255
!MESSAGE 刷新资源时发生了问题
!SUBENTRY 1 org.eclipse.core.resources 4 1 2024-10-26 21:29:26.255
!MESSAGE 自动刷新本机代码 5 时发生了问题。

!ENTRY org.eclipse.core.resources 4 1 2024-10-26 21:29:27.305
!MESSAGE 刷新资源时发生了问题
!SUBENTRY 1 org.eclipse.core.resources 4 1 2024-10-26 21:29:27.305
!MESSAGE 自动刷新本机代码 5 时发生了问题。

!ENTRY org.eclipse.core.resources 4 1 2024-10-26 21:29:28.306
!MESSAGE 刷新资源时发生了问题
!SUBENTRY 1 org.eclipse.core.resources 4 1 2024-10-26 21:29:28.306
!MESSAGE 自动刷新本机代码 5 时发生了问题。

!ENTRY org.eclipse.core.resources 4 1 2024-10-26 21:29:29.357
!MESSAGE 刷新资源时发生了问题
!SUBENTRY 1 org.eclipse.core.resources 4 1 2024-10-26 21:29:29.357
!MESSAGE 自动刷新本机代码 5 时发生了问题。

!ENTRY org.eclipse.core.resources 4 1 2024-10-26 21:29:30.409
!MESSAGE 刷新资源时发生了问题
!SUBENTRY 1 org.eclipse.core.resources 4 1 2024-10-26 21:29:30.409
!MESSAGE 自动刷新本机代码 5 时发生了问题。

!ENTRY org.eclipse.core.resources 4 1 2024-10-26 21:29:31.410
!MESSAGE 刷新资源时发生了问题
!SUBENTRY 1 org.eclipse.core.resources 4 1 2024-10-26 21:29:31.410
!MESSAGE 自动刷新本机代码 5 时发生了问题。

!ENTRY org.eclipse.core.resources 4 1 2024-10-26 21:29:32.411
!MESSAGE 刷新资源时发生了问题
!SUBENTRY 1 org.eclipse.core.resources 4 1 2024-10-26 21:29:32.411
!MESSAGE 自动刷新本机代码 5 时发生了问题。

!ENTRY org.eclipse.core.resources 4 1 2024-10-26 21:29:33.461
!MESSAGE 刷新资源时发生了问题
!SUBENTRY 1 org.eclipse.core.resources 4 1 2024-10-26 21:29:33.461
!MESSAGE 自动刷新本机代码 5 时发生了问题。

!ENTRY org.eclipse.core.resources 4 1 2024-10-26 21:29:34.512
!MESSAGE 刷新资源时发生了问题
!SUBENTRY 1 org.eclipse.core.resources 4 1 2024-10-26 21:29:34.512
!MESSAGE 自动刷新本机代码 5 时发生了问题。

!ENTRY org.eclipse.core.resources 4 1 2024-10-26 21:29:35.529
!MESSAGE 刷新资源时发生了问题
!SUBENTRY 1 org.eclipse.core.resources 4 1 2024-10-26 21:29:35.529
!MESSAGE 自动刷新本机代码 5 时发生了问题。

!ENTRY org.eclipse.core.resources 4 1 2024-10-26 21:29:36.531
!MESSAGE 刷新资源时发生了问题
!SUBENTRY 1 org.eclipse.core.resources 4 1 2024-10-26 21:29:36.532
!MESSAGE 自动刷新本机代码 5 时发生了问题。

!ENTRY org.eclipse.core.resources 4 1 2024-10-26 21:29:37.533
!MESSAGE 刷新资源时发生了问题
!SUBENTRY 1 org.eclipse.core.resources 4 1 2024-10-26 21:29:37.533
!MESSAGE 自动刷新本机代码 5 时发生了问题。

!ENTRY org.eclipse.core.resources 4 1 2024-10-26 21:29:38.552
!MESSAGE 刷新资源时发生了问题
!SUBENTRY 1 org.eclipse.core.resources 4 1 2024-10-26 21:29:38.552
!MESSAGE 自动刷新本机代码 5 时发生了问题。

!ENTRY org.eclipse.core.resources 4 1 2024-10-26 21:29:39.562
!MESSAGE 刷新资源时发生了问题
!SUBENTRY 1 org.eclipse.core.resources 4 1 2024-10-26 21:29:39.562
!MESSAGE 自动刷新本机代码 5 时发生了问题。

!ENTRY org.eclipse.core.resources 4 1 2024-10-26 21:29:40.574
!MESSAGE 刷新资源时发生了问题
!SUBENTRY 1 org.eclipse.core.resources 4 1 2024-10-26 21:29:40.574
!MESSAGE 自动刷新本机代码 5 时发生了问题。

!ENTRY org.eclipse.core.resources 4 1 2024-10-26 21:29:41.591
!MESSAGE 刷新资源时发生了问题
!SUBENTRY 1 org.eclipse.core.resources 4 1 2024-10-26 21:29:41.591
!MESSAGE 自动刷新本机代码 5 时发生了问题。

!ENTRY org.eclipse.core.resources 4 1 2024-10-26 21:29:42.662
!MESSAGE 刷新资源时发生了问题
!SUBENTRY 1 org.eclipse.core.resources 4 1 2024-10-26 21:29:42.662
!MESSAGE 自动刷新本机代码 5 时发生了问题。

!ENTRY org.eclipse.core.resources 4 1 2024-10-26 21:29:43.689
!MESSAGE 刷新资源时发生了问题
!SUBENTRY 1 org.eclipse.core.resources 4 1 2024-10-26 21:29:43.689
!MESSAGE 自动刷新本机代码 5 时发生了问题。

!ENTRY org.eclipse.core.resources 4 1 2024-10-26 21:29:44.723
!MESSAGE 刷新资源时发生了问题
!SUBENTRY 1 org.eclipse.core.resources 4 1 2024-10-26 21:29:44.723
!MESSAGE 自动刷新本机代码 5 时发生了问题。

!ENTRY org.eclipse.core.resources 4 1 2024-10-26 21:29:45.756
!MESSAGE 刷新资源时发生了问题
!SUBENTRY 1 org.eclipse.core.resources 4 1 2024-10-26 21:29:45.756
!MESSAGE 自动刷新本机代码 5 时发生了问题。

!ENTRY org.eclipse.core.resources 4 1 2024-10-26 21:29:46.817
!MESSAGE 刷新资源时发生了问题
!SUBENTRY 1 org.eclipse.core.resources 4 1 2024-10-26 21:29:46.817
!MESSAGE 自动刷新本机代码 5 时发生了问题。

!ENTRY org.eclipse.core.resources 4 1 2024-10-26 21:29:47.856
!MESSAGE 刷新资源时发生了问题
!SUBENTRY 1 org.eclipse.core.resources 4 1 2024-10-26 21:29:47.856
!MESSAGE 自动刷新本机代码 5 时发生了问题。

!ENTRY org.eclipse.core.resources 4 1 2024-10-26 21:29:48.885
!MESSAGE 刷新资源时发生了问题
!SUBENTRY 1 org.eclipse.core.resources 4 1 2024-10-26 21:29:48.885
!MESSAGE 自动刷新本机代码 5 时发生了问题。

!ENTRY org.eclipse.core.resources 4 1 2024-10-26 21:29:49.963
!MESSAGE 刷新资源时发生了问题
!SUBENTRY 1 org.eclipse.core.resources 4 1 2024-10-26 21:29:49.963
!MESSAGE 自动刷新本机代码 5 时发生了问题。

!ENTRY org.eclipse.core.resources 4 1 2024-10-26 21:29:50.976
!MESSAGE 刷新资源时发生了问题
!SUBENTRY 1 org.eclipse.core.resources 4 1 2024-10-26 21:29:50.976
!MESSAGE 自动刷新本机代码 5 时发生了问题。

!ENTRY org.eclipse.core.resources 4 1 2024-10-26 21:29:52.036
!MESSAGE 刷新资源时发生了问题
!SUBENTRY 1 org.eclipse.core.resources 4 1 2024-10-26 21:29:52.036
!MESSAGE 自动刷新本机代码 5 时发生了问题。

!ENTRY org.eclipse.core.resources 4 1 2024-10-26 21:29:53.121
!MESSAGE 刷新资源时发生了问题
!SUBENTRY 1 org.eclipse.core.resources 4 1 2024-10-26 21:29:53.121
!MESSAGE 自动刷新本机代码 5 时发生了问题。

!ENTRY org.eclipse.core.resources 4 1 2024-10-26 21:29:54.201
!MESSAGE 刷新资源时发生了问题
!SUBENTRY 1 org.eclipse.core.resources 4 1 2024-10-26 21:29:54.201
!MESSAGE 自动刷新本机代码 5 时发生了问题。

!ENTRY org.eclipse.core.resources 4 1 2024-10-26 21:29:55.231
!MESSAGE 刷新资源时发生了问题
!SUBENTRY 1 org.eclipse.core.resources 4 1 2024-10-26 21:29:55.231
!MESSAGE 自动刷新本机代码 5 时发生了问题。

!ENTRY org.eclipse.core.resources 4 1 2024-10-26 21:29:56.260
!MESSAGE 刷新资源时发生了问题
!SUBENTRY 1 org.eclipse.core.resources 4 1 2024-10-26 21:29:56.261
!MESSAGE 自动刷新本机代码 5 时发生了问题。

!ENTRY org.eclipse.core.resources 4 1 2024-10-26 21:29:57.265
!MESSAGE 刷新资源时发生了问题
!SUBENTRY 1 org.eclipse.core.resources 4 1 2024-10-26 21:29:57.265
!MESSAGE 自动刷新本机代码 5 时发生了问题。

!ENTRY org.eclipse.core.resources 4 1 2024-10-26 21:29:58.268
!MESSAGE 刷新资源时发生了问题
!SUBENTRY 1 org.eclipse.core.resources 4 1 2024-10-26 21:29:58.268
!MESSAGE 自动刷新本机代码 5 时发生了问题。

!ENTRY org.eclipse.core.resources 4 1 2024-10-26 21:29:59.283
!MESSAGE 刷新资源时发生了问题
!SUBENTRY 1 org.eclipse.core.resources 4 1 2024-10-26 21:29:59.283
!MESSAGE 自动刷新本机代码 5 时发生了问题。

!ENTRY org.eclipse.core.resources 4 1 2024-10-26 21:30:00.286
!MESSAGE 刷新资源时发生了问题
!SUBENTRY 1 org.eclipse.core.resources 4 1 2024-10-26 21:30:00.286
!MESSAGE 自动刷新本机代码 5 时发生了问题。

!ENTRY org.eclipse.core.resources 4 1 2024-10-26 21:30:01.300
!MESSAGE 刷新资源时发生了问题
!SUBENTRY 1 org.eclipse.core.resources 4 1 2024-10-26 21:30:01.300
!MESSAGE 自动刷新本机代码 5 时发生了问题。

!ENTRY org.eclipse.core.resources 4 1 2024-10-26 21:30:02.303
!MESSAGE 刷新资源时发生了问题
!SUBENTRY 1 org.eclipse.core.resources 4 1 2024-10-26 21:30:02.303
!MESSAGE 自动刷新本机代码 5 时发生了问题。

!ENTRY org.eclipse.core.resources 4 1 2024-10-26 21:30:03.307
!MESSAGE 刷新资源时发生了问题
!SUBENTRY 1 org.eclipse.core.resources 4 1 2024-10-26 21:30:03.307
!MESSAGE 自动刷新本机代码 5 时发生了问题。

!ENTRY org.eclipse.core.resources 4 1 2024-10-26 21:30:04.308
!MESSAGE 刷新资源时发生了问题
!SUBENTRY 1 org.eclipse.core.resources 4 1 2024-10-26 21:30:04.308
!MESSAGE 自动刷新本机代码 5 时发生了问题。

!ENTRY org.eclipse.core.resources 4 1 2024-10-26 21:30:05.322
!MESSAGE 刷新资源时发生了问题
!SUBENTRY 1 org.eclipse.core.resources 4 1 2024-10-26 21:30:05.322
!MESSAGE 自动刷新本机代码 5 时发生了问题。

!ENTRY org.eclipse.core.resources 4 1 2024-10-26 21:30:06.323
!MESSAGE 刷新资源时发生了问题
!SUBENTRY 1 org.eclipse.core.resources 4 1 2024-10-26 21:30:06.323
!MESSAGE 自动刷新本机代码 5 时发生了问题。

!ENTRY org.eclipse.core.resources 4 1 2024-10-26 21:30:07.326
!MESSAGE 刷新资源时发生了问题
!SUBENTRY 1 org.eclipse.core.resources 4 1 2024-10-26 21:30:07.326
!MESSAGE 自动刷新本机代码 5 时发生了问题。

!ENTRY org.eclipse.core.resources 4 1 2024-10-26 21:30:08.329
!MESSAGE 刷新资源时发生了问题
!SUBENTRY 1 org.eclipse.core.resources 4 1 2024-10-26 21:30:08.329
!MESSAGE 自动刷新本机代码 5 时发生了问题。

!ENTRY org.eclipse.core.resources 4 1 2024-10-26 21:30:09.334
!MESSAGE 刷新资源时发生了问题
!SUBENTRY 1 org.eclipse.core.resources 4 1 2024-10-26 21:30:09.334
!MESSAGE 自动刷新本机代码 5 时发生了问题。

!ENTRY org.eclipse.core.resources 4 1 2024-10-26 21:30:10.349
!MESSAGE 刷新资源时发生了问题
!SUBENTRY 1 org.eclipse.core.resources 4 1 2024-10-26 21:30:10.349
!MESSAGE 自动刷新本机代码 5 时发生了问题。

!ENTRY org.eclipse.core.resources 4 1 2024-10-26 21:30:11.352
!MESSAGE 刷新资源时发生了问题
!SUBENTRY 1 org.eclipse.core.resources 4 1 2024-10-26 21:30:11.352
!MESSAGE 自动刷新本机代码 5 时发生了问题。

!ENTRY org.eclipse.core.resources 4 1 2024-10-26 21:30:12.356
!MESSAGE 刷新资源时发生了问题
!SUBENTRY 1 org.eclipse.core.resources 4 1 2024-10-26 21:30:12.356
!MESSAGE 自动刷新本机代码 5 时发生了问题。

!ENTRY org.eclipse.core.resources 4 1 2024-10-26 21:30:13.358
!MESSAGE 刷新资源时发生了问题
!SUBENTRY 1 org.eclipse.core.resources 4 1 2024-10-26 21:30:13.358
!MESSAGE 自动刷新本机代码 5 时发生了问题。

!ENTRY org.eclipse.core.resources 4 1 2024-10-26 21:30:14.375
!MESSAGE 刷新资源时发生了问题
!SUBENTRY 1 org.eclipse.core.resources 4 1 2024-10-26 21:30:14.375
!MESSAGE 自动刷新本机代码 5 时发生了问题。

!ENTRY org.eclipse.core.resources 4 1 2024-10-26 21:30:15.378
!MESSAGE 刷新资源时发生了问题
!SUBENTRY 1 org.eclipse.core.resources 4 1 2024-10-26 21:30:15.378
!MESSAGE 自动刷新本机代码 5 时发生了问题。

!ENTRY org.eclipse.core.resources 4 1 2024-10-26 21:30:16.380
!MESSAGE 刷新资源时发生了问题
!SUBENTRY 1 org.eclipse.core.resources 4 1 2024-10-26 21:30:16.380
!MESSAGE 自动刷新本机代码 5 时发生了问题。

!ENTRY org.eclipse.core.resources 4 1 2024-10-26 21:30:17.381
!MESSAGE 刷新资源时发生了问题
!SUBENTRY 1 org.eclipse.core.resources 4 1 2024-10-26 21:30:17.381
!MESSAGE 自动刷新本机代码 5 时发生了问题。

!ENTRY org.eclipse.core.resources 4 1 2024-10-26 21:30:18.395
!MESSAGE 刷新资源时发生了问题
!SUBENTRY 1 org.eclipse.core.resources 4 1 2024-10-26 21:30:18.395
!MESSAGE 自动刷新本机代码 5 时发生了问题。

!ENTRY org.eclipse.core.resources 4 1 2024-10-26 21:30:19.398
!MESSAGE 刷新资源时发生了问题
!SUBENTRY 1 org.eclipse.core.resources 4 1 2024-10-26 21:30:19.398
!MESSAGE 自动刷新本机代码 5 时发生了问题。

!ENTRY org.eclipse.core.resources 4 1 2024-10-26 21:30:20.412
!MESSAGE 刷新资源时发生了问题
!SUBENTRY 1 org.eclipse.core.resources 4 1 2024-10-26 21:30:20.412
!MESSAGE 自动刷新本机代码 5 时发生了问题。

!ENTRY org.eclipse.core.resources 4 1 2024-10-26 21:30:21.413
!MESSAGE 刷新资源时发生了问题
!SUBENTRY 1 org.eclipse.core.resources 4 1 2024-10-26 21:30:21.413
!MESSAGE 自动刷新本机代码 5 时发生了问题。

!ENTRY org.eclipse.core.resources 4 1 2024-10-26 21:30:22.430
!MESSAGE 刷新资源时发生了问题
!SUBENTRY 1 org.eclipse.core.resources 4 1 2024-10-26 21:30:22.430
!MESSAGE 自动刷新本机代码 5 时发生了问题。

!ENTRY org.eclipse.core.resources 4 1 2024-10-26 21:30:23.440
!MESSAGE 刷新资源时发生了问题
!SUBENTRY 1 org.eclipse.core.resources 4 1 2024-10-26 21:30:23.440
!MESSAGE 自动刷新本机代码 5 时发生了问题。

!ENTRY org.eclipse.core.resources 4 1 2024-10-26 21:30:24.442
!MESSAGE 刷新资源时发生了问题
!SUBENTRY 1 org.eclipse.core.resources 4 1 2024-10-26 21:30:24.442
!MESSAGE 自动刷新本机代码 5 时发生了问题。

!ENTRY org.eclipse.core.resources 4 1 2024-10-26 21:30:25.447
!MESSAGE 刷新资源时发生了问题
!SUBENTRY 1 org.eclipse.core.resources 4 1 2024-10-26 21:30:25.447
!MESSAGE 自动刷新本机代码 5 时发生了问题。

!ENTRY org.eclipse.core.resources 4 1 2024-10-26 21:30:26.448
!MESSAGE 刷新资源时发生了问题
!SUBENTRY 1 org.eclipse.core.resources 4 1 2024-10-26 21:30:26.448
!MESSAGE 自动刷新本机代码 5 时发生了问题。

!ENTRY org.eclipse.core.resources 4 1 2024-10-26 21:30:27.450
!MESSAGE 刷新资源时发生了问题
!SUBENTRY 1 org.eclipse.core.resources 4 1 2024-10-26 21:30:27.450
!MESSAGE 自动刷新本机代码 5 时发生了问题。

!ENTRY org.eclipse.core.resources 4 1 2024-10-26 21:30:28.452
!MESSAGE 刷新资源时发生了问题
!SUBENTRY 1 org.eclipse.core.resources 4 1 2024-10-26 21:30:28.452
!MESSAGE 自动刷新本机代码 5 时发生了问题。

!ENTRY org.eclipse.core.resources 4 1 2024-10-26 21:30:29.461
!MESSAGE 刷新资源时发生了问题
!SUBENTRY 1 org.eclipse.core.resources 4 1 2024-10-26 21:30:29.461
!MESSAGE 自动刷新本机代码 5 时发生了问题。

!ENTRY org.eclipse.core.resources 4 1 2024-10-26 21:30:30.464
!MESSAGE 刷新资源时发生了问题
!SUBENTRY 1 org.eclipse.core.resources 4 1 2024-10-26 21:30:30.464
!MESSAGE 自动刷新本机代码 5 时发生了问题。

!ENTRY org.eclipse.core.resources 4 1 2024-10-26 21:30:31.480
!MESSAGE 刷新资源时发生了问题
!SUBENTRY 1 org.eclipse.core.resources 4 1 2024-10-26 21:30:31.480
!MESSAGE 自动刷新本机代码 5 时发生了问题。

!ENTRY org.eclipse.core.resources 4 1 2024-10-26 21:30:32.486
!MESSAGE 刷新资源时发生了问题
!SUBENTRY 1 org.eclipse.core.resources 4 1 2024-10-26 21:30:32.486
!MESSAGE 自动刷新本机代码 5 时发生了问题。

!ENTRY org.eclipse.core.resources 4 1 2024-10-26 21:30:33.488
!MESSAGE 刷新资源时发生了问题
!SUBENTRY 1 org.eclipse.core.resources 4 1 2024-10-26 21:30:33.488
!MESSAGE 自动刷新本机代码 5 时发生了问题。

!ENTRY org.eclipse.core.resources 4 1 2024-10-26 21:30:34.493
!MESSAGE 刷新资源时发生了问题
!SUBENTRY 1 org.eclipse.core.resources 4 1 2024-10-26 21:30:34.493
!MESSAGE 自动刷新本机代码 5 时发生了问题。

!ENTRY org.eclipse.core.resources 4 1 2024-10-26 21:30:35.496
!MESSAGE 刷新资源时发生了问题
!SUBENTRY 1 org.eclipse.core.resources 4 1 2024-10-26 21:30:35.496
!MESSAGE 自动刷新本机代码 5 时发生了问题。

!ENTRY org.eclipse.core.resources 4 1 2024-10-26 21:30:36.498
!MESSAGE 刷新资源时发生了问题
!SUBENTRY 1 org.eclipse.core.resources 4 1 2024-10-26 21:30:36.498
!MESSAGE 自动刷新本机代码 5 时发生了问题。

!ENTRY org.eclipse.core.resources 4 1 2024-10-26 21:30:37.513
!MESSAGE 刷新资源时发生了问题
!SUBENTRY 1 org.eclipse.core.resources 4 1 2024-10-26 21:30:37.513
!MESSAGE 自动刷新本机代码 5 时发生了问题。

!ENTRY org.eclipse.core.resources 4 1 2024-10-26 21:30:38.515
!MESSAGE 刷新资源时发生了问题
!SUBENTRY 1 org.eclipse.core.resources 4 1 2024-10-26 21:30:38.515
!MESSAGE 自动刷新本机代码 5 时发生了问题。

!ENTRY org.eclipse.core.resources 4 1 2024-10-26 21:30:39.529
!MESSAGE 刷新资源时发生了问题
!SUBENTRY 1 org.eclipse.core.resources 4 1 2024-10-26 21:30:39.529
!MESSAGE 自动刷新本机代码 5 时发生了问题。

!ENTRY org.eclipse.core.resources 4 1 2024-10-26 21:30:40.542
!MESSAGE 刷新资源时发生了问题
!SUBENTRY 1 org.eclipse.core.resources 4 1 2024-10-26 21:30:40.542
!MESSAGE 自动刷新本机代码 5 时发生了问题。

!ENTRY org.eclipse.core.resources 4 1 2024-10-26 21:30:41.550
!MESSAGE 刷新资源时发生了问题
!SUBENTRY 1 org.eclipse.core.resources 4 1 2024-10-26 21:30:41.550
!MESSAGE 自动刷新本机代码 5 时发生了问题。

!ENTRY org.eclipse.core.resources 4 1 2024-10-26 21:30:42.554
!MESSAGE 刷新资源时发生了问题
!SUBENTRY 1 org.eclipse.core.resources 4 1 2024-10-26 21:30:42.554
!MESSAGE 自动刷新本机代码 5 时发生了问题。

!ENTRY org.eclipse.core.resources 4 1 2024-10-26 21:30:43.567
!MESSAGE 刷新资源时发生了问题
!SUBENTRY 1 org.eclipse.core.resources 4 1 2024-10-26 21:30:43.567
!MESSAGE 自动刷新本机代码 5 时发生了问题。

!ENTRY org.eclipse.core.resources 4 1 2024-10-26 21:30:44.581
!MESSAGE 刷新资源时发生了问题
!SUBENTRY 1 org.eclipse.core.resources 4 1 2024-10-26 21:30:44.581
!MESSAGE 自动刷新本机代码 5 时发生了问题。

!ENTRY org.eclipse.core.resources 4 1 2024-10-26 21:30:45.583
!MESSAGE 刷新资源时发生了问题
!SUBENTRY 1 org.eclipse.core.resources 4 1 2024-10-26 21:30:45.583
!MESSAGE 自动刷新本机代码 5 时发生了问题。

!ENTRY org.eclipse.core.resources 4 1 2024-10-26 21:30:46.593
!MESSAGE 刷新资源时发生了问题
!SUBENTRY 1 org.eclipse.core.resources 4 1 2024-10-26 21:30:46.593
!MESSAGE 自动刷新本机代码 5 时发生了问题。

!ENTRY org.eclipse.core.resources 4 1 2024-10-26 21:30:47.599
!MESSAGE 刷新资源时发生了问题
!SUBENTRY 1 org.eclipse.core.resources 4 1 2024-10-26 21:30:47.599
!MESSAGE 自动刷新本机代码 5 时发生了问题。

!ENTRY org.eclipse.core.resources 4 1 2024-10-26 21:30:48.630
!MESSAGE 刷新资源时发生了问题
!SUBENTRY 1 org.eclipse.core.resources 4 1 2024-10-26 21:30:48.630
!MESSAGE 自动刷新本机代码 5 时发生了问题。

!ENTRY org.eclipse.core.resources 4 1 2024-10-26 21:30:49.633
!MESSAGE 刷新资源时发生了问题
!SUBENTRY 1 org.eclipse.core.resources 4 1 2024-10-26 21:30:49.633
!MESSAGE 自动刷新本机代码 5 时发生了问题。
!SUBENTRY 1 org.eclipse.core.resources 4 1 2024-10-26 21:30:49.633
!MESSAGE 自动刷新本机代码 5 时发生了问题。

!ENTRY org.eclipse.core.resources 4 1 2024-10-26 21:30:50.648
!MESSAGE 刷新资源时发生了问题
!SUBENTRY 1 org.eclipse.core.resources 4 1 2024-10-26 21:30:50.648
!MESSAGE 自动刷新本机代码 5 时发生了问题。
!SUBENTRY 1 org.eclipse.core.resources 4 1 2024-10-26 21:30:50.648
!MESSAGE 自动刷新本机代码 5 时发生了问题。

!ENTRY org.eclipse.core.resources 4 1 2024-10-26 21:30:51.652
!MESSAGE 刷新资源时发生了问题
!SUBENTRY 1 org.eclipse.core.resources 4 1 2024-10-26 21:30:51.652
!MESSAGE 自动刷新本机代码 5 时发生了问题。
!SUBENTRY 1 org.eclipse.core.resources 4 1 2024-10-26 21:30:51.652
!MESSAGE 自动刷新本机代码 5 时发生了问题。

!ENTRY org.eclipse.core.resources 4 1 2024-10-26 21:30:52.666
!MESSAGE 刷新资源时发生了问题
!SUBENTRY 1 org.eclipse.core.resources 4 1 2024-10-26 21:30:52.666
!MESSAGE 自动刷新本机代码 5 时发生了问题。
!SUBENTRY 1 org.eclipse.core.resources 4 1 2024-10-26 21:30:52.666
!MESSAGE 自动刷新本机代码 5 时发生了问题。

!ENTRY org.eclipse.core.resources 4 1 2024-10-26 21:30:53.671
!MESSAGE 刷新资源时发生了问题
!SUBENTRY 1 org.eclipse.core.resources 4 1 2024-10-26 21:30:53.671
!MESSAGE 自动刷新本机代码 5 时发生了问题。
!SUBENTRY 1 org.eclipse.core.resources 4 1 2024-10-26 21:30:53.671
!MESSAGE 自动刷新本机代码 5 时发生了问题。

!ENTRY org.eclipse.core.resources 4 1 2024-10-26 21:30:54.675
!MESSAGE 刷新资源时发生了问题
!SUBENTRY 1 org.eclipse.core.resources 4 1 2024-10-26 21:30:54.675
!MESSAGE 自动刷新本机代码 5 时发生了问题。
!SUBENTRY 1 org.eclipse.core.resources 4 1 2024-10-26 21:30:54.675
!MESSAGE 自动刷新本机代码 5 时发生了问题。

!ENTRY org.eclipse.core.resources 4 1 2024-10-26 21:30:55.688
!MESSAGE 刷新资源时发生了问题
!SUBENTRY 1 org.eclipse.core.resources 4 1 2024-10-26 21:30:55.688
!MESSAGE 自动刷新本机代码 5 时发生了问题。
!SUBENTRY 1 org.eclipse.core.resources 4 1 2024-10-26 21:30:55.688
!MESSAGE 自动刷新本机代码 5 时发生了问题。

!ENTRY org.eclipse.core.resources 4 1 2024-10-26 21:30:56.697
!MESSAGE 刷新资源时发生了问题
!SUBENTRY 1 org.eclipse.core.resources 4 1 2024-10-26 21:30:56.697
!MESSAGE 自动刷新本机代码 5 时发生了问题。
!SUBENTRY 1 org.eclipse.core.resources 4 1 2024-10-26 21:30:56.697
!MESSAGE 自动刷新本机代码 5 时发生了问题。

!ENTRY org.eclipse.core.resources 4 1 2024-10-26 21:30:57.703
!MESSAGE 刷新资源时发生了问题
!SUBENTRY 1 org.eclipse.core.resources 4 1 2024-10-26 21:30:57.703
!MESSAGE 自动刷新本机代码 5 时发生了问题。
!SUBENTRY 1 org.eclipse.core.resources 4 1 2024-10-26 21:30:57.703
!MESSAGE 自动刷新本机代码 5 时发生了问题。

!ENTRY org.eclipse.core.resources 4 1 2024-10-26 21:30:58.717
!MESSAGE 刷新资源时发生了问题
!SUBENTRY 1 org.eclipse.core.resources 4 1 2024-10-26 21:30:58.717
!MESSAGE 自动刷新本机代码 5 时发生了问题。
!SUBENTRY 1 org.eclipse.core.resources 4 1 2024-10-26 21:30:58.717
!MESSAGE 自动刷新本机代码 5 时发生了问题。

!ENTRY org.eclipse.core.resources 4 1 2024-10-26 21:30:59.718
!MESSAGE 刷新资源时发生了问题
!SUBENTRY 1 org.eclipse.core.resources 4 1 2024-10-26 21:30:59.718
!MESSAGE 自动刷新本机代码 5 时发生了问题。
!SUBENTRY 1 org.eclipse.core.resources 4 1 2024-10-26 21:30:59.718
!MESSAGE 自动刷新本机代码 5 时发生了问题。

!ENTRY org.eclipse.core.resources 4 1 2024-10-26 21:31:00.778
!MESSAGE 刷新资源时发生了问题
!SUBENTRY 1 org.eclipse.core.resources 4 1 2024-10-26 21:31:00.778
!MESSAGE 自动刷新本机代码 5 时发生了问题。
!SUBENTRY 1 org.eclipse.core.resources 4 1 2024-10-26 21:31:00.778
!MESSAGE 自动刷新本机代码 5 时发生了问题。

!ENTRY org.eclipse.core.resources 4 1 2024-10-26 21:31:01.782
!MESSAGE 刷新资源时发生了问题
!SUBENTRY 1 org.eclipse.core.resources 4 1 2024-10-26 21:31:01.782
!MESSAGE 自动刷新本机代码 5 时发生了问题。
!SUBENTRY 1 org.eclipse.core.resources 4 1 2024-10-26 21:31:01.782
!MESSAGE 自动刷新本机代码 5 时发生了问题。

!ENTRY org.eclipse.core.resources 4 1 2024-10-26 21:31:02.798
!MESSAGE 刷新资源时发生了问题
!SUBENTRY 1 org.eclipse.core.resources 4 1 2024-10-26 21:31:02.798
!MESSAGE 自动刷新本机代码 5 时发生了问题。
!SUBENTRY 1 org.eclipse.core.resources 4 1 2024-10-26 21:31:02.798
!MESSAGE 自动刷新本机代码 5 时发生了问题。

!ENTRY org.eclipse.core.resources 4 1 2024-10-26 21:31:03.804
!MESSAGE 刷新资源时发生了问题
!SUBENTRY 1 org.eclipse.core.resources 4 1 2024-10-26 21:31:03.804
!MESSAGE 自动刷新本机代码 5 时发生了问题。
!SUBENTRY 1 org.eclipse.core.resources 4 1 2024-10-26 21:31:03.804
!MESSAGE 自动刷新本机代码 5 时发生了问题。

!ENTRY org.eclipse.core.resources 4 1 2024-10-26 21:31:04.806
!MESSAGE 刷新资源时发生了问题
!SUBENTRY 1 org.eclipse.core.resources 4 1 2024-10-26 21:31:04.806
!MESSAGE 自动刷新本机代码 5 时发生了问题。
!SUBENTRY 1 org.eclipse.core.resources 4 1 2024-10-26 21:31:04.806
!MESSAGE 自动刷新本机代码 5 时发生了问题。

!ENTRY org.eclipse.core.resources 4 1 2024-10-26 21:31:05.857
!MESSAGE 刷新资源时发生了问题
!SUBENTRY 1 org.eclipse.core.resources 4 1 2024-10-26 21:31:05.857
!MESSAGE 自动刷新本机代码 5 时发生了问题。
!SUBENTRY 1 org.eclipse.core.resources 4 1 2024-10-26 21:31:05.857
!MESSAGE 自动刷新本机代码 5 时发生了问题。

!ENTRY org.eclipse.core.resources 4 1 2024-10-26 21:31:06.858
!MESSAGE 刷新资源时发生了问题
!SUBENTRY 1 org.eclipse.core.resources 4 1 2024-10-26 21:31:06.858
!MESSAGE 自动刷新本机代码 5 时发生了问题。
!SUBENTRY 1 org.eclipse.core.resources 4 1 2024-10-26 21:31:06.858
!MESSAGE 自动刷新本机代码 5 时发生了问题。

!ENTRY org.eclipse.core.resources 4 1 2024-10-26 21:31:07.877
!MESSAGE 刷新资源时发生了问题
!SUBENTRY 1 org.eclipse.core.resources 4 1 2024-10-26 21:31:07.877
!MESSAGE 自动刷新本机代码 5 时发生了问题。
!SUBENTRY 1 org.eclipse.core.resources 4 1 2024-10-26 21:31:07.877
!MESSAGE 自动刷新本机代码 5 时发生了问题。

!ENTRY org.eclipse.core.resources 4 1 2024-10-26 21:31:08.878
!MESSAGE 刷新资源时发生了问题
!SUBENTRY 1 org.eclipse.core.resources 4 1 2024-10-26 21:31:08.878
!MESSAGE 自动刷新本机代码 5 时发生了问题。
!SUBENTRY 1 org.eclipse.core.resources 4 1 2024-10-26 21:31:08.878
!MESSAGE 自动刷新本机代码 5 时发生了问题。

!ENTRY org.eclipse.core.resources 4 1 2024-10-26 21:31:09.929
!MESSAGE 刷新资源时发生了问题
!SUBENTRY 1 org.eclipse.core.resources 4 1 2024-10-26 21:31:09.929
!MESSAGE 自动刷新本机代码 5 时发生了问题。
!SUBENTRY 1 org.eclipse.core.resources 4 1 2024-10-26 21:31:09.929
!MESSAGE 自动刷新本机代码 5 时发生了问题。

!ENTRY org.eclipse.core.resources 4 1 2024-10-26 21:31:10.930
!MESSAGE 刷新资源时发生了问题
!SUBENTRY 1 org.eclipse.core.resources 4 1 2024-10-26 21:31:10.930
!MESSAGE 自动刷新本机代码 5 时发生了问题。
!SUBENTRY 1 org.eclipse.core.resources 4 1 2024-10-26 21:31:10.930
!MESSAGE 自动刷新本机代码 5 时发生了问题。

!ENTRY org.eclipse.core.resources 4 1 2024-10-26 21:31:11.934
!MESSAGE 刷新资源时发生了问题
!SUBENTRY 1 org.eclipse.core.resources 4 1 2024-10-26 21:31:11.934
!MESSAGE 自动刷新本机代码 5 时发生了问题。
!SUBENTRY 1 org.eclipse.core.resources 4 1 2024-10-26 21:31:11.934
!MESSAGE 自动刷新本机代码 5 时发生了问题。

!ENTRY org.eclipse.core.resources 4 1 2024-10-26 21:31:12.935
!MESSAGE 刷新资源时发生了问题
!SUBENTRY 1 org.eclipse.core.resources 4 1 2024-10-26 21:31:12.935
!MESSAGE 自动刷新本机代码 5 时发生了问题。
!SUBENTRY 1 org.eclipse.core.resources 4 1 2024-10-26 21:31:12.935
!MESSAGE 自动刷新本机代码 5 时发生了问题。

!ENTRY org.eclipse.core.resources 4 1 2024-10-26 21:31:13.936
!MESSAGE 刷新资源时发生了问题
!SUBENTRY 1 org.eclipse.core.resources 4 1 2024-10-26 21:31:13.936
!MESSAGE 自动刷新本机代码 5 时发生了问题。
!SUBENTRY 1 org.eclipse.core.resources 4 1 2024-10-26 21:31:13.936
!MESSAGE 自动刷新本机代码 5 时发生了问题。

!ENTRY org.eclipse.core.resources 4 1 2024-10-26 21:31:14.987
!MESSAGE 刷新资源时发生了问题
!SUBENTRY 1 org.eclipse.core.resources 4 1 2024-10-26 21:31:14.987
!MESSAGE 自动刷新本机代码 5 时发生了问题。
!SUBENTRY 1 org.eclipse.core.resources 4 1 2024-10-26 21:31:14.987
!MESSAGE 自动刷新本机代码 5 时发生了问题。

!ENTRY org.eclipse.core.resources 4 1 2024-10-26 21:31:15.988
!MESSAGE 刷新资源时发生了问题
!SUBENTRY 1 org.eclipse.core.resources 4 1 2024-10-26 21:31:15.988
!MESSAGE 自动刷新本机代码 5 时发生了问题。
!SUBENTRY 1 org.eclipse.core.resources 4 1 2024-10-26 21:31:15.988
!MESSAGE 自动刷新本机代码 5 时发生了问题。

!ENTRY org.eclipse.core.resources 4 1 2024-10-26 21:31:16.989
!MESSAGE 刷新资源时发生了问题
!SUBENTRY 1 org.eclipse.core.resources 4 1 2024-10-26 21:31:16.989
!MESSAGE 自动刷新本机代码 5 时发生了问题。
!SUBENTRY 1 org.eclipse.core.resources 4 1 2024-10-26 21:31:16.989
!MESSAGE 自动刷新本机代码 5 时发生了问题。

!ENTRY org.eclipse.core.resources 4 1 2024-10-26 21:31:17.991
!MESSAGE 刷新资源时发生了问题
!SUBENTRY 1 org.eclipse.core.resources 4 1 2024-10-26 21:31:17.991
!MESSAGE 自动刷新本机代码 5 时发生了问题。
!SUBENTRY 1 org.eclipse.core.resources 4 1 2024-10-26 21:31:17.991
!MESSAGE 自动刷新本机代码 5 时发生了问题。

!ENTRY org.eclipse.core.resources 4 1 2024-10-26 21:31:18.992
!MESSAGE 刷新资源时发生了问题
!SUBENTRY 1 org.eclipse.core.resources 4 1 2024-10-26 21:31:18.992
!MESSAGE 自动刷新本机代码 5 时发生了问题。
!SUBENTRY 1 org.eclipse.core.resources 4 1 2024-10-26 21:31:18.992
!MESSAGE 自动刷新本机代码 5 时发生了问题。

!ENTRY org.eclipse.core.resources 4 1 2024-10-26 21:31:19.994
!MESSAGE 刷新资源时发生了问题
!SUBENTRY 1 org.eclipse.core.resources 4 1 2024-10-26 21:31:19.994
!MESSAGE 自动刷新本机代码 5 时发生了问题。
!SUBENTRY 1 org.eclipse.core.resources 4 1 2024-10-26 21:31:19.994
!MESSAGE 自动刷新本机代码 5 时发生了问题。

!ENTRY org.eclipse.core.resources 4 1 2024-10-26 21:31:20.995
!MESSAGE 刷新资源时发生了问题
!SUBENTRY 1 org.eclipse.core.resources 4 1 2024-10-26 21:31:20.995
!MESSAGE 自动刷新本机代码 5 时发生了问题。
!SUBENTRY 1 org.eclipse.core.resources 4 1 2024-10-26 21:31:20.995
!MESSAGE 自动刷新本机代码 5 时发生了问题。

!ENTRY org.eclipse.core.resources 4 1 2024-10-26 21:31:22.026
!MESSAGE 刷新资源时发生了问题
!SUBENTRY 1 org.eclipse.core.resources 4 1 2024-10-26 21:31:22.026
!MESSAGE 自动刷新本机代码 5 时发生了问题。
!SUBENTRY 1 org.eclipse.core.resources 4 1 2024-10-26 21:31:22.026
!MESSAGE 自动刷新本机代码 5 时发生了问题。

!ENTRY org.eclipse.core.resources 4 1 2024-10-26 21:31:23.076
!MESSAGE 刷新资源时发生了问题
!SUBENTRY 1 org.eclipse.core.resources 4 1 2024-10-26 21:31:23.076
!MESSAGE 自动刷新本机代码 5 时发生了问题。
!SUBENTRY 1 org.eclipse.core.resources 4 1 2024-10-26 21:31:23.076
!MESSAGE 自动刷新本机代码 5 时发生了问题。

!ENTRY org.eclipse.core.resources 4 1 2024-10-26 21:31:24.077
!MESSAGE 刷新资源时发生了问题
!SUBENTRY 1 org.eclipse.core.resources 4 1 2024-10-26 21:31:24.077
!MESSAGE 自动刷新本机代码 5 时发生了问题。
!SUBENTRY 1 org.eclipse.core.resources 4 1 2024-10-26 21:31:24.077
!MESSAGE 自动刷新本机代码 5 时发生了问题。

!ENTRY org.eclipse.core.resources 4 1 2024-10-26 21:31:25.078
!MESSAGE 刷新资源时发生了问题
!SUBENTRY 1 org.eclipse.core.resources 4 1 2024-10-26 21:31:25.078
!MESSAGE 自动刷新本机代码 5 时发生了问题。
!SUBENTRY 1 org.eclipse.core.resources 4 1 2024-10-26 21:31:25.078
!MESSAGE 自动刷新本机代码 5 时发生了问题。

!ENTRY org.eclipse.core.resources 4 1 2024-10-26 21:31:26.088
!MESSAGE 刷新资源时发生了问题
!SUBENTRY 1 org.eclipse.core.resources 4 1 2024-10-26 21:31:26.088
!MESSAGE 自动刷新本机代码 5 时发生了问题。
!SUBENTRY 1 org.eclipse.core.resources 4 1 2024-10-26 21:31:26.088
!MESSAGE 自动刷新本机代码 5 时发生了问题。

!ENTRY org.eclipse.core.resources 4 1 2024-10-26 21:31:27.139
!MESSAGE 刷新资源时发生了问题
!SUBENTRY 1 org.eclipse.core.resources 4 1 2024-10-26 21:31:27.139
!MESSAGE 自动刷新本机代码 5 时发生了问题。
!SUBENTRY 1 org.eclipse.core.resources 4 1 2024-10-26 21:31:27.140
!MESSAGE 自动刷新本机代码 5 时发生了问题。

!ENTRY org.eclipse.core.resources 4 1 2024-10-26 21:31:28.191
!MESSAGE 刷新资源时发生了问题
!SUBENTRY 1 org.eclipse.core.resources 4 1 2024-10-26 21:31:28.191
!MESSAGE 自动刷新本机代码 5 时发生了问题。
!SUBENTRY 1 org.eclipse.core.resources 4 1 2024-10-26 21:31:28.191
!MESSAGE 自动刷新本机代码 5 时发生了问题。

!ENTRY org.eclipse.core.resources 4 1 2024-10-26 21:31:29.192
!MESSAGE 刷新资源时发生了问题
!SUBENTRY 1 org.eclipse.core.resources 4 1 2024-10-26 21:31:29.192
!MESSAGE 自动刷新本机代码 5 时发生了问题。
!SUBENTRY 1 org.eclipse.core.resources 4 1 2024-10-26 21:31:29.192
!MESSAGE 自动刷新本机代码 5 时发生了问题。

!ENTRY org.eclipse.core.resources 4 1 2024-10-26 21:31:30.242
!MESSAGE 刷新资源时发生了问题
!SUBENTRY 1 org.eclipse.core.resources 4 1 2024-10-26 21:31:30.242
!MESSAGE 自动刷新本机代码 5 时发生了问题。
!SUBENTRY 1 org.eclipse.core.resources 4 1 2024-10-26 21:31:30.242
!MESSAGE 自动刷新本机代码 5 时发生了问题。

!ENTRY org.eclipse.core.resources 4 1 2024-10-26 21:31:31.244
!MESSAGE 刷新资源时发生了问题
!SUBENTRY 1 org.eclipse.core.resources 4 1 2024-10-26 21:31:31.244
!MESSAGE 自动刷新本机代码 5 时发生了问题。
!SUBENTRY 1 org.eclipse.core.resources 4 1 2024-10-26 21:31:31.244
!MESSAGE 自动刷新本机代码 5 时发生了问题。

!ENTRY org.eclipse.core.resources 4 1 2024-10-26 21:31:32.246
!MESSAGE 刷新资源时发生了问题
!SUBENTRY 1 org.eclipse.core.resources 4 1 2024-10-26 21:31:32.246
!MESSAGE 自动刷新本机代码 5 时发生了问题。
!SUBENTRY 1 org.eclipse.core.resources 4 1 2024-10-26 21:31:32.246
!MESSAGE 自动刷新本机代码 5 时发生了问题。

!ENTRY org.eclipse.core.resources 4 1 2024-10-26 21:31:33.247
!MESSAGE 刷新资源时发生了问题
!SUBENTRY 1 org.eclipse.core.resources 4 1 2024-10-26 21:31:33.247
!MESSAGE 自动刷新本机代码 5 时发生了问题。
!SUBENTRY 1 org.eclipse.core.resources 4 1 2024-10-26 21:31:33.247
!MESSAGE 自动刷新本机代码 5 时发生了问题。

!ENTRY org.eclipse.core.resources 4 1 2024-10-26 21:31:34.248
!MESSAGE 刷新资源时发生了问题
!SUBENTRY 1 org.eclipse.core.resources 4 1 2024-10-26 21:31:34.248
!MESSAGE 自动刷新本机代码 5 时发生了问题。
!SUBENTRY 1 org.eclipse.core.resources 4 1 2024-10-26 21:31:34.248
!MESSAGE 自动刷新本机代码 5 时发生了问题。

!ENTRY org.eclipse.core.resources 4 1 2024-10-26 21:31:35.249
!MESSAGE 刷新资源时发生了问题
!SUBENTRY 1 org.eclipse.core.resources 4 1 2024-10-26 21:31:35.249
!MESSAGE 自动刷新本机代码 5 时发生了问题。
!SUBENTRY 1 org.eclipse.core.resources 4 1 2024-10-26 21:31:35.249
!MESSAGE 自动刷新本机代码 5 时发生了问题。

!ENTRY org.eclipse.core.resources 4 1 2024-10-26 21:31:36.300
!MESSAGE 刷新资源时发生了问题
!SUBENTRY 1 org.eclipse.core.resources 4 1 2024-10-26 21:31:36.300
!MESSAGE 自动刷新本机代码 5 时发生了问题。
!SUBENTRY 1 org.eclipse.core.resources 4 1 2024-10-26 21:31:36.300
!MESSAGE 自动刷新本机代码 5 时发生了问题。

!ENTRY org.eclipse.core.resources 4 1 2024-10-26 21:31:37.301
!MESSAGE 刷新资源时发生了问题
!SUBENTRY 1 org.eclipse.core.resources 4 1 2024-10-26 21:31:37.301
!MESSAGE 自动刷新本机代码 5 时发生了问题。
!SUBENTRY 1 org.eclipse.core.resources 4 1 2024-10-26 21:31:37.301
!MESSAGE 自动刷新本机代码 5 时发生了问题。

!ENTRY org.eclipse.core.resources 4 1 2024-10-26 21:31:38.302
!MESSAGE 刷新资源时发生了问题
!SUBENTRY 1 org.eclipse.core.resources 4 1 2024-10-26 21:31:38.302
!MESSAGE 自动刷新本机代码 5 时发生了问题。
!SUBENTRY 1 org.eclipse.core.resources 4 1 2024-10-26 21:31:38.302
!MESSAGE 自动刷新本机代码 5 时发生了问题。

!ENTRY org.eclipse.core.resources 4 1 2024-10-26 21:31:39.303
!MESSAGE 刷新资源时发生了问题
!SUBENTRY 1 org.eclipse.core.resources 4 1 2024-10-26 21:31:39.303
!MESSAGE 自动刷新本机代码 5 时发生了问题。
!SUBENTRY 1 org.eclipse.core.resources 4 1 2024-10-26 21:31:39.303
!MESSAGE 自动刷新本机代码 5 时发生了问题。

!ENTRY org.eclipse.core.resources 4 1 2024-10-26 21:31:40.314
!MESSAGE 刷新资源时发生了问题
!SUBENTRY 1 org.eclipse.core.resources 4 1 2024-10-26 21:31:40.314
!MESSAGE 自动刷新本机代码 5 时发生了问题。
!SUBENTRY 1 org.eclipse.core.resources 4 1 2024-10-26 21:31:40.314
!MESSAGE 自动刷新本机代码 5 时发生了问题。

!ENTRY org.eclipse.core.resources 4 1 2024-10-26 21:31:41.321
!MESSAGE 刷新资源时发生了问题
!SUBENTRY 1 org.eclipse.core.resources 4 1 2024-10-26 21:31:41.321
!MESSAGE 自动刷新本机代码 5 时发生了问题。
!SUBENTRY 1 org.eclipse.core.resources 4 1 2024-10-26 21:31:41.321
!MESSAGE 自动刷新本机代码 5 时发生了问题。

!ENTRY org.eclipse.core.resources 4 1 2024-10-26 21:31:42.335
!MESSAGE 刷新资源时发生了问题
!SUBENTRY 1 org.eclipse.core.resources 4 1 2024-10-26 21:31:42.335
!MESSAGE 自动刷新本机代码 5 时发生了问题。
!SUBENTRY 1 org.eclipse.core.resources 4 1 2024-10-26 21:31:42.335
!MESSAGE 自动刷新本机代码 5 时发生了问题。

!ENTRY org.eclipse.core.resources 4 1 2024-10-26 21:31:43.349
!MESSAGE 刷新资源时发生了问题
!SUBENTRY 1 org.eclipse.core.resources 4 1 2024-10-26 21:31:43.349
!MESSAGE 自动刷新本机代码 5 时发生了问题。
!SUBENTRY 1 org.eclipse.core.resources 4 1 2024-10-26 21:31:43.349
!MESSAGE 自动刷新本机代码 5 时发生了问题。

!ENTRY org.eclipse.core.resources 4 1 2024-10-26 21:31:44.359
!MESSAGE 刷新资源时发生了问题
!SUBENTRY 1 org.eclipse.core.resources 4 1 2024-10-26 21:31:44.359
!MESSAGE 自动刷新本机代码 5 时发生了问题。
!SUBENTRY 1 org.eclipse.core.resources 4 1 2024-10-26 21:31:44.359
!MESSAGE 自动刷新本机代码 5 时发生了问题。

!ENTRY org.eclipse.core.resources 4 1 2024-10-26 21:31:45.363
!MESSAGE 刷新资源时发生了问题
!SUBENTRY 1 org.eclipse.core.resources 4 1 2024-10-26 21:31:45.363
!MESSAGE 自动刷新本机代码 5 时发生了问题。
!SUBENTRY 1 org.eclipse.core.resources 4 1 2024-10-26 21:31:45.363
!MESSAGE 自动刷新本机代码 5 时发生了问题。

!ENTRY org.eclipse.core.resources 4 1 2024-10-26 21:31:46.366
!MESSAGE 刷新资源时发生了问题
!SUBENTRY 1 org.eclipse.core.resources 4 1 2024-10-26 21:31:46.366
!MESSAGE 自动刷新本机代码 5 时发生了问题。
!SUBENTRY 1 org.eclipse.core.resources 4 1 2024-10-26 21:31:46.366
!MESSAGE 自动刷新本机代码 5 时发生了问题。

!ENTRY org.eclipse.core.resources 4 1 2024-10-26 21:31:47.377
!MESSAGE 刷新资源时发生了问题
!SUBENTRY 1 org.eclipse.core.resources 4 1 2024-10-26 21:31:47.377
!MESSAGE 自动刷新本机代码 5 时发生了问题。
!SUBENTRY 1 org.eclipse.core.resources 4 1 2024-10-26 21:31:47.377
!MESSAGE 自动刷新本机代码 5 时发生了问题。

!ENTRY org.eclipse.core.resources 4 1 2024-10-26 21:31:48.380
!MESSAGE 刷新资源时发生了问题
!SUBENTRY 1 org.eclipse.core.resources 4 1 2024-10-26 21:31:48.380
!MESSAGE 自动刷新本机代码 5 时发生了问题。
!SUBENTRY 1 org.eclipse.core.resources 4 1 2024-10-26 21:31:48.380
!MESSAGE 自动刷新本机代码 5 时发生了问题。

!ENTRY org.eclipse.core.resources 4 1 2024-10-26 21:31:49.384
!MESSAGE 刷新资源时发生了问题
!SUBENTRY 1 org.eclipse.core.resources 4 1 2024-10-26 21:31:49.384
!MESSAGE 自动刷新本机代码 5 时发生了问题。
!SUBENTRY 1 org.eclipse.core.resources 4 1 2024-10-26 21:31:49.384
!MESSAGE 自动刷新本机代码 5 时发生了问题。

!ENTRY org.eclipse.core.resources 4 1 2024-10-26 21:31:50.397
!MESSAGE 刷新资源时发生了问题
!SUBENTRY 1 org.eclipse.core.resources 4 1 2024-10-26 21:31:50.397
!MESSAGE 自动刷新本机代码 5 时发生了问题。
!SUBENTRY 1 org.eclipse.core.resources 4 1 2024-10-26 21:31:50.397
!MESSAGE 自动刷新本机代码 5 时发生了问题。

!ENTRY org.eclipse.core.resources 4 1 2024-10-26 21:31:51.401
!MESSAGE 刷新资源时发生了问题
!SUBENTRY 1 org.eclipse.core.resources 4 1 2024-10-26 21:31:51.401
!MESSAGE 自动刷新本机代码 5 时发生了问题。
!SUBENTRY 1 org.eclipse.core.resources 4 1 2024-10-26 21:31:51.401
!MESSAGE 自动刷新本机代码 5 时发生了问题。

!ENTRY org.eclipse.core.resources 4 1 2024-10-26 21:31:52.415
!MESSAGE 刷新资源时发生了问题
!SUBENTRY 1 org.eclipse.core.resources 4 1 2024-10-26 21:31:52.415
!MESSAGE 自动刷新本机代码 5 时发生了问题。
!SUBENTRY 1 org.eclipse.core.resources 4 1 2024-10-26 21:31:52.415
!MESSAGE 自动刷新本机代码 5 时发生了问题。

!ENTRY org.eclipse.core.resources 4 1 2024-10-26 21:31:53.427
!MESSAGE 刷新资源时发生了问题
!SUBENTRY 1 org.eclipse.core.resources 4 1 2024-10-26 21:31:53.427
!MESSAGE 自动刷新本机代码 5 时发生了问题。
!SUBENTRY 1 org.eclipse.core.resources 4 1 2024-10-26 21:31:53.427
!MESSAGE 自动刷新本机代码 5 时发生了问题。

!ENTRY org.eclipse.core.resources 4 1 2024-10-26 21:31:54.430
!MESSAGE 刷新资源时发生了问题
!SUBENTRY 1 org.eclipse.core.resources 4 1 2024-10-26 21:31:54.430
!MESSAGE 自动刷新本机代码 5 时发生了问题。
!SUBENTRY 1 org.eclipse.core.resources 4 1 2024-10-26 21:31:54.430
!MESSAGE 自动刷新本机代码 5 时发生了问题。

!ENTRY org.eclipse.core.resources 4 1 2024-10-26 21:31:55.444
!MESSAGE 刷新资源时发生了问题
!SUBENTRY 1 org.eclipse.core.resources 4 1 2024-10-26 21:31:55.444
!MESSAGE 自动刷新本机代码 5 时发生了问题。
!SUBENTRY 1 org.eclipse.core.resources 4 1 2024-10-26 21:31:55.444
!MESSAGE 自动刷新本机代码 5 时发生了问题。

!ENTRY org.eclipse.core.resources 4 1 2024-10-26 21:31:56.460
!MESSAGE 刷新资源时发生了问题
!SUBENTRY 1 org.eclipse.core.resources 4 1 2024-10-26 21:31:56.460
!MESSAGE 自动刷新本机代码 5 时发生了问题。
!SUBENTRY 1 org.eclipse.core.resources 4 1 2024-10-26 21:31:56.460
!MESSAGE 自动刷新本机代码 5 时发生了问题。

!ENTRY org.eclipse.core.resources 4 1 2024-10-26 21:31:57.477
!MESSAGE 刷新资源时发生了问题
!SUBENTRY 1 org.eclipse.core.resources 4 1 2024-10-26 21:31:57.477
!MESSAGE 自动刷新本机代码 5 时发生了问题。
!SUBENTRY 1 org.eclipse.core.resources 4 1 2024-10-26 21:31:57.477
!MESSAGE 自动刷新本机代码 5 时发生了问题。

!ENTRY org.eclipse.core.resources 4 1 2024-10-26 21:31:58.480
!MESSAGE 刷新资源时发生了问题
!SUBENTRY 1 org.eclipse.core.resources 4 1 2024-10-26 21:31:58.480
!MESSAGE 自动刷新本机代码 5 时发生了问题。
!SUBENTRY 1 org.eclipse.core.resources 4 1 2024-10-26 21:31:58.480
!MESSAGE 自动刷新本机代码 5 时发生了问题。

!ENTRY org.eclipse.core.resources 4 1 2024-10-26 21:31:59.496
!MESSAGE 刷新资源时发生了问题
!SUBENTRY 1 org.eclipse.core.resources 4 1 2024-10-26 21:31:59.496
!MESSAGE 自动刷新本机代码 5 时发生了问题。
!SUBENTRY 1 org.eclipse.core.resources 4 1 2024-10-26 21:31:59.496
!MESSAGE 自动刷新本机代码 5 时发生了问题。

!ENTRY org.eclipse.core.resources 4 1 2024-10-26 21:32:00.500
!MESSAGE 刷新资源时发生了问题
!SUBENTRY 1 org.eclipse.core.resources 4 1 2024-10-26 21:32:00.500
!MESSAGE 自动刷新本机代码 5 时发生了问题。
!SUBENTRY 1 org.eclipse.core.resources 4 1 2024-10-26 21:32:00.500
!MESSAGE 自动刷新本机代码 5 时发生了问题。

!ENTRY org.eclipse.core.resources 4 1 2024-10-26 21:32:01.503
!MESSAGE 刷新资源时发生了问题
!SUBENTRY 1 org.eclipse.core.resources 4 1 2024-10-26 21:32:01.503
!MESSAGE 自动刷新本机代码 5 时发生了问题。
!SUBENTRY 1 org.eclipse.core.resources 4 1 2024-10-26 21:32:01.503
!MESSAGE 自动刷新本机代码 5 时发生了问题。

!ENTRY org.eclipse.core.resources 4 1 2024-10-26 21:32:02.509
!MESSAGE 刷新资源时发生了问题
!SUBENTRY 1 org.eclipse.core.resources 4 1 2024-10-26 21:32:02.509
!MESSAGE 自动刷新本机代码 5 时发生了问题。
!SUBENTRY 1 org.eclipse.core.resources 4 1 2024-10-26 21:32:02.509
!MESSAGE 自动刷新本机代码 5 时发生了问题。

!ENTRY org.eclipse.core.resources 4 1 2024-10-26 21:32:03.513
!MESSAGE 刷新资源时发生了问题
!SUBENTRY 1 org.eclipse.core.resources 4 1 2024-10-26 21:32:03.513
!MESSAGE 自动刷新本机代码 5 时发生了问题。
!SUBENTRY 1 org.eclipse.core.resources 4 1 2024-10-26 21:32:03.513
!MESSAGE 自动刷新本机代码 5 时发生了问题。

!ENTRY org.eclipse.core.resources 4 1 2024-10-26 21:32:04.516
!MESSAGE 刷新资源时发生了问题
!SUBENTRY 1 org.eclipse.core.resources 4 1 2024-10-26 21:32:04.516
!MESSAGE 自动刷新本机代码 5 时发生了问题。
!SUBENTRY 1 org.eclipse.core.resources 4 1 2024-10-26 21:32:04.516
!MESSAGE 自动刷新本机代码 5 时发生了问题。

!ENTRY org.eclipse.core.resources 4 1 2024-10-26 21:32:05.528
!MESSAGE 刷新资源时发生了问题
!SUBENTRY 1 org.eclipse.core.resources 4 1 2024-10-26 21:32:05.528
!MESSAGE 自动刷新本机代码 5 时发生了问题。
!SUBENTRY 1 org.eclipse.core.resources 4 1 2024-10-26 21:32:05.528
!MESSAGE 自动刷新本机代码 5 时发生了问题。

!ENTRY org.eclipse.core.resources 4 1 2024-10-26 21:32:06.540
!MESSAGE 刷新资源时发生了问题
!SUBENTRY 1 org.eclipse.core.resources 4 1 2024-10-26 21:32:06.540
!MESSAGE 自动刷新本机代码 5 时发生了问题。
!SUBENTRY 1 org.eclipse.core.resources 4 1 2024-10-26 21:32:06.540
!MESSAGE 自动刷新本机代码 5 时发生了问题。

!ENTRY org.eclipse.core.resources 4 1 2024-10-26 21:32:07.614
!MESSAGE 刷新资源时发生了问题
!SUBENTRY 1 org.eclipse.core.resources 4 1 2024-10-26 21:32:07.614
!MESSAGE 自动刷新本机代码 5 时发生了问题。
!SUBENTRY 1 org.eclipse.core.resources 4 1 2024-10-26 21:32:07.614
!MESSAGE 自动刷新本机代码 5 时发生了问题。

!ENTRY org.eclipse.core.resources 4 1 2024-10-26 21:32:08.618
!MESSAGE 刷新资源时发生了问题
!SUBENTRY 1 org.eclipse.core.resources 4 1 2024-10-26 21:32:08.618
!MESSAGE 自动刷新本机代码 5 时发生了问题。
!SUBENTRY 1 org.eclipse.core.resources 4 1 2024-10-26 21:32:08.618
!MESSAGE 自动刷新本机代码 5 时发生了问题。

!ENTRY org.eclipse.core.resources 4 1 2024-10-26 21:32:09.634
!MESSAGE 刷新资源时发生了问题
!SUBENTRY 1 org.eclipse.core.resources 4 1 2024-10-26 21:32:09.634
!MESSAGE 自动刷新本机代码 5 时发生了问题。
!SUBENTRY 1 org.eclipse.core.resources 4 1 2024-10-26 21:32:09.634
!MESSAGE 自动刷新本机代码 5 时发生了问题。

!ENTRY org.eclipse.core.resources 4 1 2024-10-26 21:32:10.636
!MESSAGE 刷新资源时发生了问题
!SUBENTRY 1 org.eclipse.core.resources 4 1 2024-10-26 21:32:10.636
!MESSAGE 自动刷新本机代码 5 时发生了问题。
!SUBENTRY 1 org.eclipse.core.resources 4 1 2024-10-26 21:32:10.636
!MESSAGE 自动刷新本机代码 5 时发生了问题。

!ENTRY org.eclipse.core.resources 4 1 2024-10-26 21:32:11.647
!MESSAGE 刷新资源时发生了问题
!SUBENTRY 1 org.eclipse.core.resources 4 1 2024-10-26 21:32:11.647
!MESSAGE 自动刷新本机代码 5 时发生了问题。
!SUBENTRY 1 org.eclipse.core.resources 4 1 2024-10-26 21:32:11.647
!MESSAGE 自动刷新本机代码 5 时发生了问题。

!ENTRY org.eclipse.core.resources 4 1 2024-10-26 21:32:12.660
!MESSAGE 刷新资源时发生了问题
!SUBENTRY 1 org.eclipse.core.resources 4 1 2024-10-26 21:32:12.660
!MESSAGE 自动刷新本机代码 5 时发生了问题。
!SUBENTRY 1 org.eclipse.core.resources 4 1 2024-10-26 21:32:12.660
!MESSAGE 自动刷新本机代码 5 时发生了问题。

!ENTRY org.eclipse.core.resources 4 1 2024-10-26 21:32:13.672
!MESSAGE 刷新资源时发生了问题
!SUBENTRY 1 org.eclipse.core.resources 4 1 2024-10-26 21:32:13.672
!MESSAGE 自动刷新本机代码 5 时发生了问题。
!SUBENTRY 1 org.eclipse.core.resources 4 1 2024-10-26 21:32:13.672
!MESSAGE 自动刷新本机代码 5 时发生了问题。

!ENTRY org.eclipse.core.resources 4 1 2024-10-26 21:32:14.687
!MESSAGE 刷新资源时发生了问题
!SUBENTRY 1 org.eclipse.core.resources 4 1 2024-10-26 21:32:14.687
!MESSAGE 自动刷新本机代码 5 时发生了问题。
!SUBENTRY 1 org.eclipse.core.resources 4 1 2024-10-26 21:32:14.687
!MESSAGE 自动刷新本机代码 5 时发生了问题。

!ENTRY org.eclipse.core.resources 4 1 2024-10-26 21:32:15.694
!MESSAGE 刷新资源时发生了问题
!SUBENTRY 1 org.eclipse.core.resources 4 1 2024-10-26 21:32:15.694
!MESSAGE 自动刷新本机代码 5 时发生了问题。
!SUBENTRY 1 org.eclipse.core.resources 4 1 2024-10-26 21:32:15.694
!MESSAGE 自动刷新本机代码 5 时发生了问题。

!ENTRY org.eclipse.core.resources 4 1 2024-10-26 21:32:16.709
!MESSAGE 刷新资源时发生了问题
!SUBENTRY 1 org.eclipse.core.resources 4 1 2024-10-26 21:32:16.709
!MESSAGE 自动刷新本机代码 5 时发生了问题。
!SUBENTRY 1 org.eclipse.core.resources 4 1 2024-10-26 21:32:16.709
!MESSAGE 自动刷新本机代码 5 时发生了问题。

!ENTRY org.eclipse.core.resources 4 1 2024-10-26 21:32:17.723
!MESSAGE 刷新资源时发生了问题
!SUBENTRY 1 org.eclipse.core.resources 4 1 2024-10-26 21:32:17.723
!MESSAGE 自动刷新本机代码 5 时发生了问题。
!SUBENTRY 1 org.eclipse.core.resources 4 1 2024-10-26 21:32:17.723
!MESSAGE 自动刷新本机代码 5 时发生了问题。

!ENTRY org.eclipse.core.resources 4 1 2024-10-26 21:32:18.725
!MESSAGE 刷新资源时发生了问题
!SUBENTRY 1 org.eclipse.core.resources 4 1 2024-10-26 21:32:18.725
!MESSAGE 自动刷新本机代码 5 时发生了问题。
!SUBENTRY 1 org.eclipse.core.resources 4 1 2024-10-26 21:32:18.725
!MESSAGE 自动刷新本机代码 5 时发生了问题。

!ENTRY org.eclipse.core.resources 4 1 2024-10-26 21:32:19.740
!MESSAGE 刷新资源时发生了问题
!SUBENTRY 1 org.eclipse.core.resources 4 1 2024-10-26 21:32:19.740
!MESSAGE 自动刷新本机代码 5 时发生了问题。
!SUBENTRY 1 org.eclipse.core.resources 4 1 2024-10-26 21:32:19.740
!MESSAGE 自动刷新本机代码 5 时发生了问题。

!ENTRY org.eclipse.core.resources 4 1 2024-10-26 21:32:20.752
!MESSAGE 刷新资源时发生了问题
!SUBENTRY 1 org.eclipse.core.resources 4 1 2024-10-26 21:32:20.752
!MESSAGE 自动刷新本机代码 5 时发生了问题。
!SUBENTRY 1 org.eclipse.core.resources 4 1 2024-10-26 21:32:20.752
!MESSAGE 自动刷新本机代码 5 时发生了问题。

!ENTRY org.eclipse.core.resources 4 1 2024-10-26 21:32:21.758
!MESSAGE 刷新资源时发生了问题
!SUBENTRY 1 org.eclipse.core.resources 4 1 2024-10-26 21:32:21.758
!MESSAGE 自动刷新本机代码 5 时发生了问题。
!SUBENTRY 1 org.eclipse.core.resources 4 1 2024-10-26 21:32:21.758
!MESSAGE 自动刷新本机代码 5 时发生了问题。

!ENTRY org.eclipse.core.resources 4 1 2024-10-26 21:32:22.772
!MESSAGE 刷新资源时发生了问题
!SUBENTRY 1 org.eclipse.core.resources 4 1 2024-10-26 21:32:22.772
!MESSAGE 自动刷新本机代码 5 时发生了问题。
!SUBENTRY 1 org.eclipse.core.resources 4 1 2024-10-26 21:32:22.772
!MESSAGE 自动刷新本机代码 5 时发生了问题。

!ENTRY org.eclipse.core.resources 4 1 2024-10-26 21:32:23.774
!MESSAGE 刷新资源时发生了问题
!SUBENTRY 1 org.eclipse.core.resources 4 1 2024-10-26 21:32:23.774
!MESSAGE 自动刷新本机代码 5 时发生了问题。
!SUBENTRY 1 org.eclipse.core.resources 4 1 2024-10-26 21:32:23.774
!MESSAGE 自动刷新本机代码 5 时发生了问题。

!ENTRY org.eclipse.core.resources 4 1 2024-10-26 21:32:24.788
!MESSAGE 刷新资源时发生了问题
!SUBENTRY 1 org.eclipse.core.resources 4 1 2024-10-26 21:32:24.788
!MESSAGE 自动刷新本机代码 5 时发生了问题。

!ENTRY org.eclipse.core.resources 4 1 2024-10-26 21:32:25.792
!MESSAGE 刷新资源时发生了问题
!SUBENTRY 1 org.eclipse.core.resources 4 1 2024-10-26 21:32:25.792
!MESSAGE 自动刷新本机代码 5 时发生了问题。

!ENTRY org.eclipse.core.resources 4 1 2024-10-26 21:32:26.804
!MESSAGE 刷新资源时发生了问题
!SUBENTRY 1 org.eclipse.core.resources 4 1 2024-10-26 21:32:26.804
!MESSAGE 自动刷新本机代码 5 时发生了问题。

!ENTRY org.eclipse.core.resources 4 1 2024-10-26 21:32:27.866
!MESSAGE 刷新资源时发生了问题
!SUBENTRY 1 org.eclipse.core.resources 4 1 2024-10-26 21:32:27.866
!MESSAGE 自动刷新本机代码 5 时发生了问题。

!ENTRY org.eclipse.core.resources 4 1 2024-10-26 21:32:28.879
!MESSAGE 刷新资源时发生了问题
!SUBENTRY 1 org.eclipse.core.resources 4 1 2024-10-26 21:32:28.879
!MESSAGE 自动刷新本机代码 5 时发生了问题。

!ENTRY org.eclipse.core.resources 4 1 2024-10-26 21:32:29.890
!MESSAGE 刷新资源时发生了问题
!SUBENTRY 1 org.eclipse.core.resources 4 1 2024-10-26 21:32:29.890
!MESSAGE 自动刷新本机代码 5 时发生了问题。

!ENTRY org.eclipse.core.resources 4 1 2024-10-26 21:32:30.900
!MESSAGE 刷新资源时发生了问题
!SUBENTRY 1 org.eclipse.core.resources 4 1 2024-10-26 21:32:30.900
!MESSAGE 自动刷新本机代码 5 时发生了问题。

!ENTRY org.eclipse.core.resources 4 1 2024-10-26 21:32:31.902
!MESSAGE 刷新资源时发生了问题
!SUBENTRY 1 org.eclipse.core.resources 4 1 2024-10-26 21:32:31.902
!MESSAGE 自动刷新本机代码 5 时发生了问题。

!ENTRY org.eclipse.core.resources 4 1 2024-10-26 21:32:32.905
!MESSAGE 刷新资源时发生了问题
!SUBENTRY 1 org.eclipse.core.resources 4 1 2024-10-26 21:32:32.905
!MESSAGE 自动刷新本机代码 5 时发生了问题。

!ENTRY org.eclipse.core.resources 4 1 2024-10-26 21:32:33.916
!MESSAGE 刷新资源时发生了问题
!SUBENTRY 1 org.eclipse.core.resources 4 1 2024-10-26 21:32:33.916
!MESSAGE 自动刷新本机代码 5 时发生了问题。

!ENTRY org.eclipse.core.resources 4 1 2024-10-26 21:32:34.932
!MESSAGE 刷新资源时发生了问题
!SUBENTRY 1 org.eclipse.core.resources 4 1 2024-10-26 21:32:34.932
!MESSAGE 自动刷新本机代码 5 时发生了问题。

!ENTRY org.eclipse.core.resources 4 1 2024-10-26 21:32:35.944
!MESSAGE 刷新资源时发生了问题
!SUBENTRY 1 org.eclipse.core.resources 4 1 2024-10-26 21:32:35.944
!MESSAGE 自动刷新本机代码 5 时发生了问题。

!ENTRY org.eclipse.core.resources 4 1 2024-10-26 21:32:36.949
!MESSAGE 刷新资源时发生了问题
!SUBENTRY 1 org.eclipse.core.resources 4 1 2024-10-26 21:32:36.949
!MESSAGE 自动刷新本机代码 5 时发生了问题。

!ENTRY org.eclipse.core.resources 4 1 2024-10-26 21:32:37.955
!MESSAGE 刷新资源时发生了问题
!SUBENTRY 1 org.eclipse.core.resources 4 1 2024-10-26 21:32:37.955
!MESSAGE 自动刷新本机代码 5 时发生了问题。

!ENTRY org.eclipse.core.resources 4 1 2024-10-26 21:32:38.969
!MESSAGE 刷新资源时发生了问题
!SUBENTRY 1 org.eclipse.core.resources 4 1 2024-10-26 21:32:38.969
!MESSAGE 自动刷新本机代码 5 时发生了问题。

!ENTRY org.eclipse.core.resources 4 1 2024-10-26 21:32:39.985
!MESSAGE 刷新资源时发生了问题
!SUBENTRY 1 org.eclipse.core.resources 4 1 2024-10-26 21:32:39.985
!MESSAGE 自动刷新本机代码 5 时发生了问题。

!ENTRY org.eclipse.core.resources 4 1 2024-10-26 21:32:40.996
!MESSAGE 刷新资源时发生了问题
!SUBENTRY 1 org.eclipse.core.resources 4 1 2024-10-26 21:32:40.996
!MESSAGE 自动刷新本机代码 5 时发生了问题。

!ENTRY org.eclipse.core.resources 4 1 2024-10-26 21:32:41.998
!MESSAGE 刷新资源时发生了问题
!SUBENTRY 1 org.eclipse.core.resources 4 1 2024-10-26 21:32:41.998
!MESSAGE 自动刷新本机代码 5 时发生了问题。

!ENTRY org.eclipse.core.resources 4 1 2024-10-26 21:32:42.999
!MESSAGE 刷新资源时发生了问题
!SUBENTRY 1 org.eclipse.core.resources 4 1 2024-10-26 21:32:42.999
!MESSAGE 自动刷新本机代码 5 时发生了问题。

!ENTRY org.eclipse.core.resources 4 1 2024-10-26 21:32:44.014
!MESSAGE 刷新资源时发生了问题
!SUBENTRY 1 org.eclipse.core.resources 4 1 2024-10-26 21:32:44.014
!MESSAGE 自动刷新本机代码 5 时发生了问题。

!ENTRY org.eclipse.core.resources 4 1 2024-10-26 21:32:45.017
!MESSAGE 刷新资源时发生了问题
!SUBENTRY 1 org.eclipse.core.resources 4 1 2024-10-26 21:32:45.017
!MESSAGE 自动刷新本机代码 5 时发生了问题。

!ENTRY org.eclipse.core.resources 4 1 2024-10-26 21:32:46.033
!MESSAGE 刷新资源时发生了问题
!SUBENTRY 1 org.eclipse.core.resources 4 1 2024-10-26 21:32:46.033
!MESSAGE 自动刷新本机代码 5 时发生了问题。

!ENTRY org.eclipse.core.resources 4 1 2024-10-26 21:32:47.036
!MESSAGE 刷新资源时发生了问题
!SUBENTRY 1 org.eclipse.core.resources 4 1 2024-10-26 21:32:47.036
!MESSAGE 自动刷新本机代码 5 时发生了问题。

!ENTRY org.eclipse.core.resources 4 1 2024-10-26 21:32:48.049
!MESSAGE 刷新资源时发生了问题
!SUBENTRY 1 org.eclipse.core.resources 4 1 2024-10-26 21:32:48.049
!MESSAGE 自动刷新本机代码 5 时发生了问题。

!ENTRY org.eclipse.core.resources 4 1 2024-10-26 21:32:49.053
!MESSAGE 刷新资源时发生了问题
!SUBENTRY 1 org.eclipse.core.resources 4 1 2024-10-26 21:32:49.053
!MESSAGE 自动刷新本机代码 5 时发生了问题。

!ENTRY org.eclipse.core.resources 4 1 2024-10-26 21:32:50.063
!MESSAGE 刷新资源时发生了问题
!SUBENTRY 1 org.eclipse.core.resources 4 1 2024-10-26 21:32:50.063
!MESSAGE 自动刷新本机代码 5 时发生了问题。

!ENTRY org.eclipse.core.resources 4 1 2024-10-26 21:32:51.078
!MESSAGE 刷新资源时发生了问题
!SUBENTRY 1 org.eclipse.core.resources 4 1 2024-10-26 21:32:51.078
!MESSAGE 自动刷新本机代码 5 时发生了问题。

!ENTRY org.eclipse.core.resources 4 1 2024-10-26 21:32:52.079
!MESSAGE 刷新资源时发生了问题
!SUBENTRY 1 org.eclipse.core.resources 4 1 2024-10-26 21:32:52.079
!MESSAGE 自动刷新本机代码 5 时发生了问题。

!ENTRY org.eclipse.core.resources 4 1 2024-10-26 21:32:53.083
!MESSAGE 刷新资源时发生了问题
!SUBENTRY 1 org.eclipse.core.resources 4 1 2024-10-26 21:32:53.083
!MESSAGE 自动刷新本机代码 5 时发生了问题。

!ENTRY org.eclipse.core.resources 4 1 2024-10-26 21:32:54.089
!MESSAGE 刷新资源时发生了问题
!SUBENTRY 1 org.eclipse.core.resources 4 1 2024-10-26 21:32:54.089
!MESSAGE 自动刷新本机代码 5 时发生了问题。

!ENTRY org.eclipse.core.resources 4 1 2024-10-26 21:32:55.096
!MESSAGE 刷新资源时发生了问题
!SUBENTRY 1 org.eclipse.core.resources 4 1 2024-10-26 21:32:55.096
!MESSAGE 自动刷新本机代码 5 时发生了问题。

!ENTRY org.eclipse.core.resources 4 1 2024-10-26 21:32:56.157
!MESSAGE 刷新资源时发生了问题
!SUBENTRY 1 org.eclipse.core.resources 4 1 2024-10-26 21:32:56.157
!MESSAGE 自动刷新本机代码 5 时发生了问题。

!ENTRY org.eclipse.core.resources 4 1 2024-10-26 21:32:57.163
!MESSAGE 刷新资源时发生了问题
!SUBENTRY 1 org.eclipse.core.resources 4 1 2024-10-26 21:32:57.163
!MESSAGE 自动刷新本机代码 5 时发生了问题。

!ENTRY org.eclipse.core.resources 4 1 2024-10-26 21:32:58.175
!MESSAGE 刷新资源时发生了问题
!SUBENTRY 1 org.eclipse.core.resources 4 1 2024-10-26 21:32:58.175
!MESSAGE 自动刷新本机代码 5 时发生了问题。

!ENTRY org.eclipse.core.resources 4 1 2024-10-26 21:32:59.188
!MESSAGE 刷新资源时发生了问题
!SUBENTRY 1 org.eclipse.core.resources 4 1 2024-10-26 21:32:59.188
!MESSAGE 自动刷新本机代码 5 时发生了问题。

!ENTRY org.eclipse.core.resources 4 1 2024-10-26 21:33:00.249
!MESSAGE 刷新资源时发生了问题
!SUBENTRY 1 org.eclipse.core.resources 4 1 2024-10-26 21:33:00.249
!MESSAGE 自动刷新本机代码 5 时发生了问题。

!ENTRY org.eclipse.core.resources 4 1 2024-10-26 21:33:01.259
!MESSAGE 刷新资源时发生了问题
!SUBENTRY 1 org.eclipse.core.resources 4 1 2024-10-26 21:33:01.259
!MESSAGE 自动刷新本机代码 5 时发生了问题。

!ENTRY org.eclipse.core.resources 4 1 2024-10-26 21:33:02.273
!MESSAGE 刷新资源时发生了问题
!SUBENTRY 1 org.eclipse.core.resources 4 1 2024-10-26 21:33:02.273
!MESSAGE 自动刷新本机代码 5 时发生了问题。

!ENTRY org.eclipse.core.resources 4 1 2024-10-26 21:33:03.276
!MESSAGE 刷新资源时发生了问题
!SUBENTRY 1 org.eclipse.core.resources 4 1 2024-10-26 21:33:03.276
!MESSAGE 自动刷新本机代码 5 时发生了问题。

!ENTRY org.eclipse.core.resources 4 1 2024-10-26 21:33:04.278
!MESSAGE 刷新资源时发生了问题
!SUBENTRY 1 org.eclipse.core.resources 4 1 2024-10-26 21:33:04.278
!MESSAGE 自动刷新本机代码 5 时发生了问题。

!ENTRY org.eclipse.core.resources 4 1 2024-10-26 21:33:05.286
!MESSAGE 刷新资源时发生了问题
!SUBENTRY 1 org.eclipse.core.resources 4 1 2024-10-26 21:33:05.286
!MESSAGE 自动刷新本机代码 5 时发生了问题。

!ENTRY org.eclipse.core.resources 4 1 2024-10-26 21:33:06.296
!MESSAGE 刷新资源时发生了问题
!SUBENTRY 1 org.eclipse.core.resources 4 1 2024-10-26 21:33:06.296
!MESSAGE 自动刷新本机代码 5 时发生了问题。

!ENTRY org.eclipse.core.resources 4 1 2024-10-26 21:33:07.298
!MESSAGE 刷新资源时发生了问题
!SUBENTRY 1 org.eclipse.core.resources 4 1 2024-10-26 21:33:07.298
!MESSAGE 自动刷新本机代码 5 时发生了问题。

!ENTRY org.eclipse.core.resources 4 1 2024-10-26 21:33:08.314
!MESSAGE 刷新资源时发生了问题
!SUBENTRY 1 org.eclipse.core.resources 4 1 2024-10-26 21:33:08.314
!MESSAGE 自动刷新本机代码 5 时发生了问题。

!ENTRY org.eclipse.core.resources 4 1 2024-10-26 21:33:09.326
!MESSAGE 刷新资源时发生了问题
!SUBENTRY 1 org.eclipse.core.resources 4 1 2024-10-26 21:33:09.326
!MESSAGE 自动刷新本机代码 5 时发生了问题。

!ENTRY org.eclipse.core.resources 4 1 2024-10-26 21:33:10.338
!MESSAGE 刷新资源时发生了问题
!SUBENTRY 1 org.eclipse.core.resources 4 1 2024-10-26 21:33:10.338
!MESSAGE 自动刷新本机代码 5 时发生了问题。

!ENTRY org.eclipse.core.resources 4 1 2024-10-26 21:33:11.352
!MESSAGE 刷新资源时发生了问题
!SUBENTRY 1 org.eclipse.core.resources 4 1 2024-10-26 21:33:11.352
!MESSAGE 自动刷新本机代码 5 时发生了问题。

!ENTRY org.eclipse.core.resources 4 1 2024-10-26 21:33:12.365
!MESSAGE 刷新资源时发生了问题
!SUBENTRY 1 org.eclipse.core.resources 4 1 2024-10-26 21:33:12.365
!MESSAGE 自动刷新本机代码 5 时发生了问题。

!ENTRY org.eclipse.core.resources 4 1 2024-10-26 21:33:13.425
!MESSAGE 刷新资源时发生了问题
!SUBENTRY 1 org.eclipse.core.resources 4 1 2024-10-26 21:33:13.425
!MESSAGE 自动刷新本机代码 5 时发生了问题。

!ENTRY org.eclipse.core.resources 4 1 2024-10-26 21:33:14.428
!MESSAGE 刷新资源时发生了问题
!SUBENTRY 1 org.eclipse.core.resources 4 1 2024-10-26 21:33:14.428
!MESSAGE 自动刷新本机代码 5 时发生了问题。

!ENTRY org.eclipse.core.resources 4 1 2024-10-26 21:33:15.433
!MESSAGE 刷新资源时发生了问题
!SUBENTRY 1 org.eclipse.core.resources 4 1 2024-10-26 21:33:15.433
!MESSAGE 自动刷新本机代码 5 时发生了问题。

!ENTRY org.eclipse.core.resources 4 1 2024-10-26 21:33:16.494
!MESSAGE 刷新资源时发生了问题
!SUBENTRY 1 org.eclipse.core.resources 4 1 2024-10-26 21:33:16.494
!MESSAGE 自动刷新本机代码 5 时发生了问题。

!ENTRY org.eclipse.core.resources 4 1 2024-10-26 21:33:17.497
!MESSAGE 刷新资源时发生了问题
!SUBENTRY 1 org.eclipse.core.resources 4 1 2024-10-26 21:33:17.497
!MESSAGE 自动刷新本机代码 5 时发生了问题。

!ENTRY org.eclipse.core.resources 4 1 2024-10-26 21:33:18.513
!MESSAGE 刷新资源时发生了问题
!SUBENTRY 1 org.eclipse.core.resources 4 1 2024-10-26 21:33:18.513
!MESSAGE 自动刷新本机代码 5 时发生了问题。

!ENTRY org.eclipse.core.resources 4 1 2024-10-26 21:33:19.527
!MESSAGE 刷新资源时发生了问题
!SUBENTRY 1 org.eclipse.core.resources 4 1 2024-10-26 21:33:19.527
!MESSAGE 自动刷新本机代码 5 时发生了问题。

!ENTRY org.eclipse.core.resources 4 1 2024-10-26 21:33:20.539
!MESSAGE 刷新资源时发生了问题
!SUBENTRY 1 org.eclipse.core.resources 4 1 2024-10-26 21:33:20.539
!MESSAGE 自动刷新本机代码 5 时发生了问题。

!ENTRY org.eclipse.core.resources 4 1 2024-10-26 21:33:21.551
!MESSAGE 刷新资源时发生了问题
!SUBENTRY 1 org.eclipse.core.resources 4 1 2024-10-26 21:33:21.551
!MESSAGE 自动刷新本机代码 5 时发生了问题。

!ENTRY org.eclipse.core.resources 4 1 2024-10-26 21:33:22.572
!MESSAGE 刷新资源时发生了问题
!SUBENTRY 1 org.eclipse.core.resources 4 1 2024-10-26 21:33:22.572
!MESSAGE 自动刷新本机代码 5 时发生了问题。

!ENTRY org.eclipse.core.resources 4 1 2024-10-26 21:33:23.590
!MESSAGE 刷新资源时发生了问题
!SUBENTRY 1 org.eclipse.core.resources 4 1 2024-10-26 21:33:23.590
!MESSAGE 自动刷新本机代码 5 时发生了问题。

!ENTRY org.eclipse.core.resources 4 1 2024-10-26 21:33:24.608
!MESSAGE 刷新资源时发生了问题
!SUBENTRY 1 org.eclipse.core.resources 4 1 2024-10-26 21:33:24.608
!MESSAGE 自动刷新本机代码 5 时发生了问题。

!ENTRY org.eclipse.core.resources 4 1 2024-10-26 21:33:25.654
!MESSAGE 刷新资源时发生了问题
!SUBENTRY 1 org.eclipse.core.resources 4 1 2024-10-26 21:33:25.654
!MESSAGE 自动刷新本机代码 5 时发生了问题。

!ENTRY org.eclipse.core.resources 4 1 2024-10-26 21:33:26.695
!MESSAGE 刷新资源时发生了问题
!SUBENTRY 1 org.eclipse.core.resources 4 1 2024-10-26 21:33:26.695
!MESSAGE 自动刷新本机代码 5 时发生了问题。

!ENTRY org.eclipse.core.resources 4 1 2024-10-26 21:33:27.719
!MESSAGE 刷新资源时发生了问题
!SUBENTRY 1 org.eclipse.core.resources 4 1 2024-10-26 21:33:27.719
!MESSAGE 自动刷新本机代码 5 时发生了问题。

!ENTRY org.eclipse.core.resources 4 1 2024-10-26 21:33:28.748
!MESSAGE 刷新资源时发生了问题
!SUBENTRY 1 org.eclipse.core.resources 4 1 2024-10-26 21:33:28.748
!MESSAGE 自动刷新本机代码 5 时发生了问题。

!ENTRY org.eclipse.core.resources 4 1 2024-10-26 21:33:29.791
!MESSAGE 刷新资源时发生了问题
!SUBENTRY 1 org.eclipse.core.resources 4 1 2024-10-26 21:33:29.791
!MESSAGE 自动刷新本机代码 5 时发生了问题。

!ENTRY org.eclipse.core.resources 4 1 2024-10-26 21:33:30.817
!MESSAGE 刷新资源时发生了问题
!SUBENTRY 1 org.eclipse.core.resources 4 1 2024-10-26 21:33:30.817
!MESSAGE 自动刷新本机代码 5 时发生了问题。

!ENTRY org.eclipse.core.resources 4 1 2024-10-26 21:33:31.851
!MESSAGE 刷新资源时发生了问题
!SUBENTRY 1 org.eclipse.core.resources 4 1 2024-10-26 21:33:31.851
!MESSAGE 自动刷新本机代码 5 时发生了问题。

!ENTRY org.eclipse.core.resources 4 1 2024-10-26 21:33:32.889
!MESSAGE 刷新资源时发生了问题
!SUBENTRY 1 org.eclipse.core.resources 4 1 2024-10-26 21:33:32.889
!MESSAGE 自动刷新本机代码 5 时发生了问题。

!ENTRY org.eclipse.core.resources 4 1 2024-10-26 21:33:33.891
!MESSAGE 刷新资源时发生了问题
!SUBENTRY 1 org.eclipse.core.resources 4 1 2024-10-26 21:33:33.891
!MESSAGE 自动刷新本机代码 5 时发生了问题。

!ENTRY org.eclipse.core.resources 4 1 2024-10-26 21:33:34.936
!MESSAGE 刷新资源时发生了问题
!SUBENTRY 1 org.eclipse.core.resources 4 1 2024-10-26 21:33:34.936
!MESSAGE 自动刷新本机代码 5 时发生了问题。

!ENTRY org.eclipse.core.resources 4 1 2024-10-26 21:33:36.008
!MESSAGE 刷新资源时发生了问题
!SUBENTRY 1 org.eclipse.core.resources 4 1 2024-10-26 21:33:36.008
!MESSAGE 自动刷新本机代码 5 时发生了问题。

!ENTRY org.eclipse.core.resources 4 1 2024-10-26 21:33:37.029
!MESSAGE 刷新资源时发生了问题
!SUBENTRY 1 org.eclipse.core.resources 4 1 2024-10-26 21:33:37.029
!MESSAGE 自动刷新本机代码 5 时发生了问题。

!ENTRY org.eclipse.core.resources 4 1 2024-10-26 21:33:38.048
!MESSAGE 刷新资源时发生了问题
!SUBENTRY 1 org.eclipse.core.resources 4 1 2024-10-26 21:33:38.048
!MESSAGE 自动刷新本机代码 5 时发生了问题。

!ENTRY org.eclipse.core.resources 4 1 2024-10-26 21:33:39.070
!MESSAGE 刷新资源时发生了问题
!SUBENTRY 1 org.eclipse.core.resources 4 1 2024-10-26 21:33:39.070
!MESSAGE 自动刷新本机代码 5 时发生了问题。

!ENTRY org.eclipse.core.resources 4 1 2024-10-26 21:33:40.099
!MESSAGE 刷新资源时发生了问题
!SUBENTRY 1 org.eclipse.core.resources 4 1 2024-10-26 21:33:40.099
!MESSAGE 自动刷新本机代码 5 时发生了问题。

!ENTRY org.eclipse.core.resources 4 1 2024-10-26 21:33:41.114
!MESSAGE 刷新资源时发生了问题
!SUBENTRY 1 org.eclipse.core.resources 4 1 2024-10-26 21:33:41.114
!MESSAGE 自动刷新本机代码 5 时发生了问题。

!ENTRY org.eclipse.core.resources 4 1 2024-10-26 21:33:42.141
!MESSAGE 刷新资源时发生了问题
!SUBENTRY 1 org.eclipse.core.resources 4 1 2024-10-26 21:33:42.141
!MESSAGE 自动刷新本机代码 5 时发生了问题。

!ENTRY org.eclipse.core.resources 4 1 2024-10-26 21:33:43.184
!MESSAGE 刷新资源时发生了问题
!SUBENTRY 1 org.eclipse.core.resources 4 1 2024-10-26 21:33:43.184
!MESSAGE 自动刷新本机代码 5 时发生了问题。

!ENTRY org.eclipse.core.resources 4 1 2024-10-26 21:33:44.217
!MESSAGE 刷新资源时发生了问题
!SUBENTRY 1 org.eclipse.core.resources 4 1 2024-10-26 21:33:44.217
!MESSAGE 自动刷新本机代码 5 时发生了问题。

!ENTRY org.eclipse.core.resources 4 1 2024-10-26 21:33:45.224
!MESSAGE 刷新资源时发生了问题
!SUBENTRY 1 org.eclipse.core.resources 4 1 2024-10-26 21:33:45.224
!MESSAGE 自动刷新本机代码 5 时发生了问题。

!ENTRY org.eclipse.core.resources 4 1 2024-10-26 21:33:46.272
!MESSAGE 刷新资源时发生了问题
!SUBENTRY 1 org.eclipse.core.resources 4 1 2024-10-26 21:33:46.272
!MESSAGE 自动刷新本机代码 5 时发生了问题。

!ENTRY org.eclipse.core.resources 4 1 2024-10-26 21:33:47.390
!MESSAGE 刷新资源时发生了问题
!SUBENTRY 1 org.eclipse.core.resources 4 1 2024-10-26 21:33:47.390
!MESSAGE 自动刷新本机代码 5 时发生了问题。

!ENTRY org.eclipse.core.resources 4 1 2024-10-26 21:33:48.394
!MESSAGE 刷新资源时发生了问题
!SUBENTRY 1 org.eclipse.core.resources 4 1 2024-10-26 21:33:48.394
!MESSAGE 自动刷新本机代码 5 时发生了问题。

!ENTRY org.eclipse.core.resources 4 1 2024-10-26 21:33:49.398
!MESSAGE 刷新资源时发生了问题
!SUBENTRY 1 org.eclipse.core.resources 4 1 2024-10-26 21:33:49.398
!MESSAGE 自动刷新本机代码 5 时发生了问题。

!ENTRY org.eclipse.core.resources 4 1 2024-10-26 21:33:50.412
!MESSAGE 刷新资源时发生了问题
!SUBENTRY 1 org.eclipse.core.resources 4 1 2024-10-26 21:33:50.412
!MESSAGE 自动刷新本机代码 5 时发生了问题。

!ENTRY org.eclipse.core.resources 4 1 2024-10-26 21:33:51.413
!MESSAGE 刷新资源时发生了问题
!SUBENTRY 1 org.eclipse.core.resources 4 1 2024-10-26 21:33:51.413
!MESSAGE 自动刷新本机代码 5 时发生了问题。

!ENTRY org.eclipse.core.resources 4 1 2024-10-26 21:33:52.420
!MESSAGE 刷新资源时发生了问题
!SUBENTRY 1 org.eclipse.core.resources 4 1 2024-10-26 21:33:52.420
!MESSAGE 自动刷新本机代码 5 时发生了问题。

!ENTRY org.eclipse.core.resources 4 1 2024-10-26 21:33:53.421
!MESSAGE 刷新资源时发生了问题
!SUBENTRY 1 org.eclipse.core.resources 4 1 2024-10-26 21:33:53.421
!MESSAGE 自动刷新本机代码 5 时发生了问题。

!ENTRY org.eclipse.core.resources 4 1 2024-10-26 21:33:54.423
!MESSAGE 刷新资源时发生了问题
!SUBENTRY 1 org.eclipse.core.resources 4 1 2024-10-26 21:33:54.423
!MESSAGE 自动刷新本机代码 5 时发生了问题。

!ENTRY org.eclipse.core.resources 4 1 2024-10-26 21:33:55.437
!MESSAGE 刷新资源时发生了问题
!SUBENTRY 1 org.eclipse.core.resources 4 1 2024-10-26 21:33:55.437
!MESSAGE 自动刷新本机代码 5 时发生了问题。

!ENTRY org.eclipse.core.resources 4 1 2024-10-26 21:33:56.452
!MESSAGE 刷新资源时发生了问题
!SUBENTRY 1 org.eclipse.core.resources 4 1 2024-10-26 21:33:56.452
!MESSAGE 自动刷新本机代码 5 时发生了问题。

!ENTRY org.eclipse.core.resources 4 1 2024-10-26 21:33:57.453
!MESSAGE 刷新资源时发生了问题
!SUBENTRY 1 org.eclipse.core.resources 4 1 2024-10-26 21:33:57.453
!MESSAGE 自动刷新本机代码 5 时发生了问题。

!ENTRY org.eclipse.core.resources 4 1 2024-10-26 21:33:58.515
!MESSAGE 刷新资源时发生了问题
!SUBENTRY 1 org.eclipse.core.resources 4 1 2024-10-26 21:33:58.515
!MESSAGE 自动刷新本机代码 5 时发生了问题。

!ENTRY org.eclipse.core.resources 4 1 2024-10-26 21:33:59.528
!MESSAGE 刷新资源时发生了问题
!SUBENTRY 1 org.eclipse.core.resources 4 1 2024-10-26 21:33:59.528
!MESSAGE 自动刷新本机代码 5 时发生了问题。

!ENTRY org.eclipse.core.resources 4 1 2024-10-26 21:34:00.541
!MESSAGE 刷新资源时发生了问题
!SUBENTRY 1 org.eclipse.core.resources 4 1 2024-10-26 21:34:00.541
!MESSAGE 自动刷新本机代码 5 时发生了问题。

!ENTRY org.eclipse.core.resources 4 1 2024-10-26 21:34:01.555
!MESSAGE 刷新资源时发生了问题
!SUBENTRY 1 org.eclipse.core.resources 4 1 2024-10-26 21:34:01.555
!MESSAGE 自动刷新本机代码 5 时发生了问题。

!ENTRY org.eclipse.core.resources 4 1 2024-10-26 21:34:02.556
!MESSAGE 刷新资源时发生了问题
!SUBENTRY 1 org.eclipse.core.resources 4 1 2024-10-26 21:34:02.556
!MESSAGE 自动刷新本机代码 5 时发生了问题。

!ENTRY org.eclipse.core.resources 4 1 2024-10-26 21:34:03.558
!MESSAGE 刷新资源时发生了问题
!SUBENTRY 1 org.eclipse.core.resources 4 1 2024-10-26 21:34:03.558
!MESSAGE 自动刷新本机代码 5 时发生了问题。

!ENTRY org.eclipse.core.resources 4 1 2024-10-26 21:34:04.560
!MESSAGE 刷新资源时发生了问题
!SUBENTRY 1 org.eclipse.core.resources 4 1 2024-10-26 21:34:04.560
!MESSAGE 自动刷新本机代码 5 时发生了问题。

!ENTRY org.eclipse.core.resources 4 1 2024-10-26 21:34:05.575
!MESSAGE 刷新资源时发生了问题
!SUBENTRY 1 org.eclipse.core.resources 4 1 2024-10-26 21:34:05.575
!MESSAGE 自动刷新本机代码 5 时发生了问题。

!ENTRY org.eclipse.core.resources 4 1 2024-10-26 21:34:06.576
!MESSAGE 刷新资源时发生了问题
!SUBENTRY 1 org.eclipse.core.resources 4 1 2024-10-26 21:34:06.576
!MESSAGE 自动刷新本机代码 5 时发生了问题。

!ENTRY org.eclipse.core.resources 4 1 2024-10-26 21:34:07.578
!MESSAGE 刷新资源时发生了问题
!SUBENTRY 1 org.eclipse.core.resources 4 1 2024-10-26 21:34:07.578
!MESSAGE 自动刷新本机代码 5 时发生了问题。

!ENTRY org.eclipse.core.resources 4 1 2024-10-26 21:34:08.579
!MESSAGE 刷新资源时发生了问题
!SUBENTRY 1 org.eclipse.core.resources 4 1 2024-10-26 21:34:08.579
!MESSAGE 自动刷新本机代码 5 时发生了问题。

!ENTRY org.eclipse.core.resources 4 1 2024-10-26 21:34:09.594
!MESSAGE 刷新资源时发生了问题
!SUBENTRY 1 org.eclipse.core.resources 4 1 2024-10-26 21:34:09.594
!MESSAGE 自动刷新本机代码 5 时发生了问题。

!ENTRY org.eclipse.core.resources 4 1 2024-10-26 21:34:10.595
!MESSAGE 刷新资源时发生了问题
!SUBENTRY 1 org.eclipse.core.resources 4 1 2024-10-26 21:34:10.595
!MESSAGE 自动刷新本机代码 5 时发生了问题。

!ENTRY org.eclipse.core.resources 4 1 2024-10-26 21:34:11.598
!MESSAGE 刷新资源时发生了问题
!SUBENTRY 1 org.eclipse.core.resources 4 1 2024-10-26 21:34:11.598
!MESSAGE 自动刷新本机代码 5 时发生了问题。

!ENTRY org.eclipse.core.resources 4 1 2024-10-26 21:34:12.611
!MESSAGE 刷新资源时发生了问题
!SUBENTRY 1 org.eclipse.core.resources 4 1 2024-10-26 21:34:12.611
!MESSAGE 自动刷新本机代码 5 时发生了问题。

!ENTRY org.eclipse.core.resources 4 1 2024-10-26 21:34:13.625
!MESSAGE 刷新资源时发生了问题
!SUBENTRY 1 org.eclipse.core.resources 4 1 2024-10-26 21:34:13.625
!MESSAGE 自动刷新本机代码 5 时发生了问题。

!ENTRY org.eclipse.core.resources 4 1 2024-10-26 21:34:14.635
!MESSAGE 刷新资源时发生了问题
!SUBENTRY 1 org.eclipse.core.resources 4 1 2024-10-26 21:34:14.635
!MESSAGE 自动刷新本机代码 5 时发生了问题。

!ENTRY org.eclipse.core.resources 4 1 2024-10-26 21:34:15.647
!MESSAGE 刷新资源时发生了问题
!SUBENTRY 1 org.eclipse.core.resources 4 1 2024-10-26 21:34:15.647
!MESSAGE 自动刷新本机代码 5 时发生了问题。

!ENTRY org.eclipse.core.resources 4 1 2024-10-26 21:34:16.708
!MESSAGE 刷新资源时发生了问题
!SUBENTRY 1 org.eclipse.core.resources 4 1 2024-10-26 21:34:16.708
!MESSAGE 自动刷新本机代码 5 时发生了问题。

!ENTRY org.eclipse.core.resources 4 1 2024-10-26 21:34:17.757
!MESSAGE 刷新资源时发生了问题
!SUBENTRY 1 org.eclipse.core.resources 4 1 2024-10-26 21:34:17.757
!MESSAGE 自动刷新本机代码 5 时发生了问题。

!ENTRY org.eclipse.core.resources 4 1 2024-10-26 21:34:18.771
!MESSAGE 刷新资源时发生了问题
!SUBENTRY 1 org.eclipse.core.resources 4 1 2024-10-26 21:34:18.771
!MESSAGE 自动刷新本机代码 5 时发生了问题。

!ENTRY org.eclipse.core.resources 4 1 2024-10-26 21:34:19.802
!MESSAGE 刷新资源时发生了问题
!SUBENTRY 1 org.eclipse.core.resources 4 1 2024-10-26 21:34:19.802
!MESSAGE 自动刷新本机代码 5 时发生了问题。

!ENTRY org.eclipse.core.resources 4 1 2024-10-26 21:34:20.866
!MESSAGE 刷新资源时发生了问题
!SUBENTRY 1 org.eclipse.core.resources 4 1 2024-10-26 21:34:20.866
!MESSAGE 自动刷新本机代码 5 时发生了问题。

!ENTRY org.eclipse.core.resources 4 1 2024-10-26 21:34:21.877
!MESSAGE 刷新资源时发生了问题
!SUBENTRY 1 org.eclipse.core.resources 4 1 2024-10-26 21:34:21.877
!MESSAGE 自动刷新本机代码 5 时发生了问题。

!ENTRY org.eclipse.core.resources 4 1 2024-10-26 21:34:22.891
!MESSAGE 刷新资源时发生了问题
!SUBENTRY 1 org.eclipse.core.resources 4 1 2024-10-26 21:34:22.891
!MESSAGE 自动刷新本机代码 5 时发生了问题。

!ENTRY org.eclipse.core.resources 4 1 2024-10-26 21:34:23.972
!MESSAGE 刷新资源时发生了问题
!SUBENTRY 1 org.eclipse.core.resources 4 1 2024-10-26 21:34:23.972
!MESSAGE 自动刷新本机代码 5 时发生了问题。

!ENTRY org.eclipse.core.resources 4 1 2024-10-26 21:34:25.003
!MESSAGE 刷新资源时发生了问题
!SUBENTRY 1 org.eclipse.core.resources 4 1 2024-10-26 21:34:25.003
!MESSAGE 自动刷新本机代码 5 时发生了问题。

!ENTRY org.eclipse.core.resources 4 1 2024-10-26 21:34:26.036
!MESSAGE 刷新资源时发生了问题
!SUBENTRY 1 org.eclipse.core.resources 4 1 2024-10-26 21:34:26.036
!MESSAGE 自动刷新本机代码 5 时发生了问题。

!ENTRY org.eclipse.core.resources 4 1 2024-10-26 21:34:27.067
!MESSAGE 刷新资源时发生了问题
!SUBENTRY 1 org.eclipse.core.resources 4 1 2024-10-26 21:34:27.068
!MESSAGE 自动刷新本机代码 5 时发生了问题。

!ENTRY org.eclipse.core.resources 4 1 2024-10-26 21:34:28.069
!MESSAGE 刷新资源时发生了问题
!SUBENTRY 1 org.eclipse.core.resources 4 1 2024-10-26 21:34:28.069
!MESSAGE 自动刷新本机代码 5 时发生了问题。

!ENTRY org.eclipse.core.resources 4 1 2024-10-26 21:34:29.070
!MESSAGE 刷新资源时发生了问题
!SUBENTRY 1 org.eclipse.core.resources 4 1 2024-10-26 21:34:29.070
!MESSAGE 自动刷新本机代码 5 时发生了问题。

!ENTRY org.eclipse.core.resources 4 1 2024-10-26 21:34:30.121
!MESSAGE 刷新资源时发生了问题
!SUBENTRY 1 org.eclipse.core.resources 4 1 2024-10-26 21:34:30.121
!MESSAGE 自动刷新本机代码 5 时发生了问题。

!ENTRY org.eclipse.core.resources 4 1 2024-10-26 21:34:31.122
!MESSAGE 刷新资源时发生了问题
!SUBENTRY 1 org.eclipse.core.resources 4 1 2024-10-26 21:34:31.122
!MESSAGE 自动刷新本机代码 5 时发生了问题。

!ENTRY org.eclipse.core.resources 4 1 2024-10-26 21:34:32.123
!MESSAGE 刷新资源时发生了问题
!SUBENTRY 1 org.eclipse.core.resources 4 1 2024-10-26 21:34:32.123
!MESSAGE 自动刷新本机代码 5 时发生了问题。

!ENTRY org.eclipse.core.resources 4 1 2024-10-26 21:34:33.124
!MESSAGE 刷新资源时发生了问题
!SUBENTRY 1 org.eclipse.core.resources 4 1 2024-10-26 21:34:33.124
!MESSAGE 自动刷新本机代码 5 时发生了问题。

!ENTRY org.eclipse.core.resources 4 1 2024-10-26 21:34:34.125
!MESSAGE 刷新资源时发生了问题
!SUBENTRY 1 org.eclipse.core.resources 4 1 2024-10-26 21:34:34.125
!MESSAGE 自动刷新本机代码 5 时发生了问题。

!ENTRY org.eclipse.core.resources 4 1 2024-10-26 21:34:35.177
!MESSAGE 刷新资源时发生了问题
!SUBENTRY 1 org.eclipse.core.resources 4 1 2024-10-26 21:34:35.177
!MESSAGE 自动刷新本机代码 5 时发生了问题。

!ENTRY org.eclipse.core.resources 4 1 2024-10-26 21:34:36.228
!MESSAGE 刷新资源时发生了问题
!SUBENTRY 1 org.eclipse.core.resources 4 1 2024-10-26 21:34:36.228
!MESSAGE 自动刷新本机代码 5 时发生了问题。

!ENTRY org.eclipse.core.resources 4 1 2024-10-26 21:34:37.278
!MESSAGE 刷新资源时发生了问题
!SUBENTRY 1 org.eclipse.core.resources 4 1 2024-10-26 21:34:37.278
!MESSAGE 自动刷新本机代码 5 时发生了问题。

!ENTRY org.eclipse.core.resources 4 1 2024-10-26 21:34:38.279
!MESSAGE 刷新资源时发生了问题
!SUBENTRY 1 org.eclipse.core.resources 4 1 2024-10-26 21:34:38.279
!MESSAGE 自动刷新本机代码 5 时发生了问题。

!ENTRY org.eclipse.core.resources 4 1 2024-10-26 21:34:39.280
!MESSAGE 刷新资源时发生了问题
!SUBENTRY 1 org.eclipse.core.resources 4 1 2024-10-26 21:34:39.280
!MESSAGE 自动刷新本机代码 5 时发生了问题。

!ENTRY org.eclipse.core.resources 4 1 2024-10-26 21:34:40.281
!MESSAGE 刷新资源时发生了问题
!SUBENTRY 1 org.eclipse.core.resources 4 1 2024-10-26 21:34:40.281
!MESSAGE 自动刷新本机代码 5 时发生了问题。

!ENTRY org.eclipse.core.resources 4 1 2024-10-26 21:34:41.331
!MESSAGE 刷新资源时发生了问题
!SUBENTRY 1 org.eclipse.core.resources 4 1 2024-10-26 21:34:41.331
!MESSAGE 自动刷新本机代码 5 时发生了问题。

!ENTRY org.eclipse.core.resources 4 1 2024-10-26 21:34:42.333
!MESSAGE 刷新资源时发生了问题
!SUBENTRY 1 org.eclipse.core.resources 4 1 2024-10-26 21:34:42.333
!MESSAGE 自动刷新本机代码 5 时发生了问题。

!ENTRY org.eclipse.core.resources 4 1 2024-10-26 21:34:43.334
!MESSAGE 刷新资源时发生了问题
!SUBENTRY 1 org.eclipse.core.resources 4 1 2024-10-26 21:34:43.334
!MESSAGE 自动刷新本机代码 5 时发生了问题。

!ENTRY org.eclipse.core.resources 4 1 2024-10-26 21:34:44.337
!MESSAGE 刷新资源时发生了问题
!SUBENTRY 1 org.eclipse.core.resources 4 1 2024-10-26 21:34:44.337
!MESSAGE 自动刷新本机代码 5 时发生了问题。

!ENTRY org.eclipse.core.resources 4 1 2024-10-26 21:34:45.338
!MESSAGE 刷新资源时发生了问题
!SUBENTRY 1 org.eclipse.core.resources 4 1 2024-10-26 21:34:45.338
!MESSAGE 自动刷新本机代码 5 时发生了问题。

!ENTRY org.eclipse.core.resources 4 1 2024-10-26 21:34:46.388
!MESSAGE 刷新资源时发生了问题
!SUBENTRY 1 org.eclipse.core.resources 4 1 2024-10-26 21:34:46.388
!MESSAGE 自动刷新本机代码 5 时发生了问题。

!ENTRY org.eclipse.core.resources 4 1 2024-10-26 21:34:47.390
!MESSAGE 刷新资源时发生了问题
!SUBENTRY 1 org.eclipse.core.resources 4 1 2024-10-26 21:34:47.390
!MESSAGE 自动刷新本机代码 5 时发生了问题。

!ENTRY org.eclipse.core.resources 4 1 2024-10-26 21:34:48.440
!MESSAGE 刷新资源时发生了问题
!SUBENTRY 1 org.eclipse.core.resources 4 1 2024-10-26 21:34:48.440
!MESSAGE 自动刷新本机代码 5 时发生了问题。

!ENTRY org.eclipse.core.resources 4 1 2024-10-26 21:34:49.491
!MESSAGE 刷新资源时发生了问题
!SUBENTRY 1 org.eclipse.core.resources 4 1 2024-10-26 21:34:49.491
!MESSAGE 自动刷新本机代码 5 时发生了问题。

!ENTRY org.eclipse.core.resources 4 1 2024-10-26 21:34:50.543
!MESSAGE 刷新资源时发生了问题
!SUBENTRY 1 org.eclipse.core.resources 4 1 2024-10-26 21:34:50.543
!MESSAGE 自动刷新本机代码 5 时发生了问题。

!ENTRY org.eclipse.core.resources 4 1 2024-10-26 21:34:51.544
!MESSAGE 刷新资源时发生了问题
!SUBENTRY 1 org.eclipse.core.resources 4 1 2024-10-26 21:34:51.544
!MESSAGE 自动刷新本机代码 5 时发生了问题。

!ENTRY org.eclipse.core.resources 4 1 2024-10-26 21:34:52.596
!MESSAGE 刷新资源时发生了问题
!SUBENTRY 1 org.eclipse.core.resources 4 1 2024-10-26 21:34:52.596
!MESSAGE 自动刷新本机代码 5 时发生了问题。

!ENTRY org.eclipse.core.resources 4 1 2024-10-26 21:34:53.647
!MESSAGE 刷新资源时发生了问题
!SUBENTRY 1 org.eclipse.core.resources 4 1 2024-10-26 21:34:53.647
!MESSAGE 自动刷新本机代码 5 时发生了问题。

!ENTRY org.eclipse.core.resources 4 1 2024-10-26 21:34:54.699
!MESSAGE 刷新资源时发生了问题
!SUBENTRY 1 org.eclipse.core.resources 4 1 2024-10-26 21:34:54.699
!MESSAGE 自动刷新本机代码 5 时发生了问题。

!ENTRY org.eclipse.core.resources 4 1 2024-10-26 21:34:55.700
!MESSAGE 刷新资源时发生了问题
!SUBENTRY 1 org.eclipse.core.resources 4 1 2024-10-26 21:34:55.700
!MESSAGE 自动刷新本机代码 5 时发生了问题。

!ENTRY org.eclipse.core.resources 4 1 2024-10-26 21:34:56.710
!MESSAGE 刷新资源时发生了问题
!SUBENTRY 1 org.eclipse.core.resources 4 1 2024-10-26 21:34:56.710
!MESSAGE 自动刷新本机代码 5 时发生了问题。

!ENTRY org.eclipse.core.resources 4 1 2024-10-26 21:34:57.762
!MESSAGE 刷新资源时发生了问题
!SUBENTRY 1 org.eclipse.core.resources 4 1 2024-10-26 21:34:57.762
!MESSAGE 自动刷新本机代码 5 时发生了问题。

!ENTRY org.eclipse.core.resources 4 1 2024-10-26 21:34:58.813
!MESSAGE 刷新资源时发生了问题
!SUBENTRY 1 org.eclipse.core.resources 4 1 2024-10-26 21:34:58.813
!MESSAGE 自动刷新本机代码 5 时发生了问题。

!ENTRY org.eclipse.core.resources 4 1 2024-10-26 21:34:59.864
!MESSAGE 刷新资源时发生了问题
!SUBENTRY 1 org.eclipse.core.resources 4 1 2024-10-26 21:34:59.864
!MESSAGE 自动刷新本机代码 5 时发生了问题。

!ENTRY org.eclipse.core.resources 4 1 2024-10-26 21:35:00.914
!MESSAGE 刷新资源时发生了问题
!SUBENTRY 1 org.eclipse.core.resources 4 1 2024-10-26 21:35:00.914
!MESSAGE 自动刷新本机代码 5 时发生了问题。

!ENTRY org.eclipse.core.resources 4 1 2024-10-26 21:35:01.965
!MESSAGE 刷新资源时发生了问题
!SUBENTRY 1 org.eclipse.core.resources 4 1 2024-10-26 21:35:01.965
!MESSAGE 自动刷新本机代码 5 时发生了问题。

!ENTRY org.eclipse.core.resources 4 1 2024-10-26 21:35:02.989
!MESSAGE 刷新资源时发生了问题
!SUBENTRY 1 org.eclipse.core.resources 4 1 2024-10-26 21:35:02.989
!MESSAGE 自动刷新本机代码 5 时发生了问题。

!ENTRY org.eclipse.core.resources 4 1 2024-10-26 21:35:03.990
!MESSAGE 刷新资源时发生了问题
!SUBENTRY 1 org.eclipse.core.resources 4 1 2024-10-26 21:35:03.990
!MESSAGE 自动刷新本机代码 5 时发生了问题。

!ENTRY org.eclipse.core.resources 4 1 2024-10-26 21:35:05.040
!MESSAGE 刷新资源时发生了问题
!SUBENTRY 1 org.eclipse.core.resources 4 1 2024-10-26 21:35:05.040
!MESSAGE 自动刷新本机代码 5 时发生了问题。

!ENTRY org.eclipse.core.resources 4 1 2024-10-26 21:35:06.091
!MESSAGE 刷新资源时发生了问题
!SUBENTRY 1 org.eclipse.core.resources 4 1 2024-10-26 21:35:06.091
!MESSAGE 自动刷新本机代码 5 时发生了问题。

!ENTRY org.eclipse.core.resources 4 1 2024-10-26 21:35:07.092
!MESSAGE 刷新资源时发生了问题
!SUBENTRY 1 org.eclipse.core.resources 4 1 2024-10-26 21:35:07.092
!MESSAGE 自动刷新本机代码 5 时发生了问题。

!ENTRY org.eclipse.core.resources 4 1 2024-10-26 21:35:08.093
!MESSAGE 刷新资源时发生了问题
!SUBENTRY 1 org.eclipse.core.resources 4 1 2024-10-26 21:35:08.093
!MESSAGE 自动刷新本机代码 5 时发生了问题。

!ENTRY org.eclipse.core.resources 4 1 2024-10-26 21:35:09.144
!MESSAGE 刷新资源时发生了问题
!SUBENTRY 1 org.eclipse.core.resources 4 1 2024-10-26 21:35:09.144
!MESSAGE 自动刷新本机代码 5 时发生了问题。

!ENTRY org.eclipse.core.resources 4 1 2024-10-26 21:35:10.194
!MESSAGE 刷新资源时发生了问题
!SUBENTRY 1 org.eclipse.core.resources 4 1 2024-10-26 21:35:10.194
!MESSAGE 自动刷新本机代码 5 时发生了问题。

!ENTRY org.eclipse.core.resources 4 1 2024-10-26 21:35:11.195
!MESSAGE 刷新资源时发生了问题
!SUBENTRY 1 org.eclipse.core.resources 4 1 2024-10-26 21:35:11.195
!MESSAGE 自动刷新本机代码 5 时发生了问题。

!ENTRY org.eclipse.core.resources 4 1 2024-10-26 21:35:12.246
!MESSAGE 刷新资源时发生了问题
!SUBENTRY 1 org.eclipse.core.resources 4 1 2024-10-26 21:35:12.246
!MESSAGE 自动刷新本机代码 5 时发生了问题。

!ENTRY org.eclipse.core.resources 4 1 2024-10-26 21:35:13.247
!MESSAGE 刷新资源时发生了问题
!SUBENTRY 1 org.eclipse.core.resources 4 1 2024-10-26 21:35:13.247
!MESSAGE 自动刷新本机代码 5 时发生了问题。

!ENTRY org.eclipse.core.resources 4 1 2024-10-26 21:35:14.248
!MESSAGE 刷新资源时发生了问题
!SUBENTRY 1 org.eclipse.core.resources 4 1 2024-10-26 21:35:14.248
!MESSAGE 自动刷新本机代码 5 时发生了问题。

!ENTRY org.eclipse.core.resources 4 1 2024-10-26 21:35:15.298
!MESSAGE 刷新资源时发生了问题
!SUBENTRY 1 org.eclipse.core.resources 4 1 2024-10-26 21:35:15.298
!MESSAGE 自动刷新本机代码 5 时发生了问题。

!ENTRY org.eclipse.core.resources 4 1 2024-10-26 21:35:16.349
!MESSAGE 刷新资源时发生了问题
!SUBENTRY 1 org.eclipse.core.resources 4 1 2024-10-26 21:35:16.349
!MESSAGE 自动刷新本机代码 5 时发生了问题。

!ENTRY org.eclipse.core.resources 4 1 2024-10-26 21:35:17.350
!MESSAGE 刷新资源时发生了问题
!SUBENTRY 1 org.eclipse.core.resources 4 1 2024-10-26 21:35:17.350
!MESSAGE 自动刷新本机代码 5 时发生了问题。

!ENTRY org.eclipse.core.resources 4 1 2024-10-26 21:35:18.351
!MESSAGE 刷新资源时发生了问题
!SUBENTRY 1 org.eclipse.core.resources 4 1 2024-10-26 21:35:18.351
!MESSAGE 自动刷新本机代码 5 时发生了问题。

!ENTRY org.eclipse.core.resources 4 1 2024-10-26 21:35:19.352
!MESSAGE 刷新资源时发生了问题
!SUBENTRY 1 org.eclipse.core.resources 4 1 2024-10-26 21:35:19.352
!MESSAGE 自动刷新本机代码 5 时发生了问题。

!ENTRY org.eclipse.core.resources 4 1 2024-10-26 21:35:20.402
!MESSAGE 刷新资源时发生了问题
!SUBENTRY 1 org.eclipse.core.resources 4 1 2024-10-26 21:35:20.402
!MESSAGE 自动刷新本机代码 5 时发生了问题。

!ENTRY org.eclipse.core.resources 4 1 2024-10-26 21:35:21.403
!MESSAGE 刷新资源时发生了问题
!SUBENTRY 1 org.eclipse.core.resources 4 1 2024-10-26 21:35:21.403
!MESSAGE 自动刷新本机代码 5 时发生了问题。

!ENTRY org.eclipse.core.resources 4 1 2024-10-26 21:35:22.404
!MESSAGE 刷新资源时发生了问题
!SUBENTRY 1 org.eclipse.core.resources 4 1 2024-10-26 21:35:22.404
!MESSAGE 自动刷新本机代码 5 时发生了问题。

!ENTRY org.eclipse.core.resources 4 1 2024-10-26 21:35:23.405
!MESSAGE 刷新资源时发生了问题
!SUBENTRY 1 org.eclipse.core.resources 4 1 2024-10-26 21:35:23.405
!MESSAGE 自动刷新本机代码 5 时发生了问题。

!ENTRY org.eclipse.core.resources 4 1 2024-10-26 21:35:24.456
!MESSAGE 刷新资源时发生了问题
!SUBENTRY 1 org.eclipse.core.resources 4 1 2024-10-26 21:35:24.456
!MESSAGE 自动刷新本机代码 5 时发生了问题。

!ENTRY org.eclipse.core.resources 4 1 2024-10-26 21:35:25.507
!MESSAGE 刷新资源时发生了问题
!SUBENTRY 1 org.eclipse.core.resources 4 1 2024-10-26 21:35:25.507
!MESSAGE 自动刷新本机代码 5 时发生了问题。

!ENTRY org.eclipse.core.resources 4 1 2024-10-26 21:35:26.508
!MESSAGE 刷新资源时发生了问题
!SUBENTRY 1 org.eclipse.core.resources 4 1 2024-10-26 21:35:26.508
!MESSAGE 自动刷新本机代码 5 时发生了问题。

!ENTRY org.eclipse.core.resources 4 1 2024-10-26 21:35:27.509
!MESSAGE 刷新资源时发生了问题
!SUBENTRY 1 org.eclipse.core.resources 4 1 2024-10-26 21:35:27.509
!MESSAGE 自动刷新本机代码 5 时发生了问题。

!ENTRY org.eclipse.core.resources 4 1 2024-10-26 21:35:28.510
!MESSAGE 刷新资源时发生了问题
!SUBENTRY 1 org.eclipse.core.resources 4 1 2024-10-26 21:35:28.510
!MESSAGE 自动刷新本机代码 5 时发生了问题。

!ENTRY org.eclipse.core.resources 4 1 2024-10-26 21:35:29.560
!MESSAGE 刷新资源时发生了问题
!SUBENTRY 1 org.eclipse.core.resources 4 1 2024-10-26 21:35:29.560
!MESSAGE 自动刷新本机代码 5 时发生了问题。

!ENTRY org.eclipse.core.resources 4 1 2024-10-26 21:35:30.576
!MESSAGE 刷新资源时发生了问题
!SUBENTRY 1 org.eclipse.core.resources 4 1 2024-10-26 21:35:30.576
!MESSAGE 自动刷新本机代码 5 时发生了问题。

!ENTRY org.eclipse.core.resources 4 1 2024-10-26 21:35:31.578
!MESSAGE 刷新资源时发生了问题
!SUBENTRY 1 org.eclipse.core.resources 4 1 2024-10-26 21:35:31.578
!MESSAGE 自动刷新本机代码 5 时发生了问题。

!ENTRY org.eclipse.core.resources 4 1 2024-10-26 21:35:32.629
!MESSAGE 刷新资源时发生了问题
!SUBENTRY 1 org.eclipse.core.resources 4 1 2024-10-26 21:35:32.629
!MESSAGE 自动刷新本机代码 5 时发生了问题。

!ENTRY org.eclipse.core.resources 4 1 2024-10-26 21:35:33.680
!MESSAGE 刷新资源时发生了问题
!SUBENTRY 1 org.eclipse.core.resources 4 1 2024-10-26 21:35:33.680
!MESSAGE 自动刷新本机代码 5 时发生了问题。

!ENTRY org.eclipse.core.resources 4 1 2024-10-26 21:35:34.681
!MESSAGE 刷新资源时发生了问题
!SUBENTRY 1 org.eclipse.core.resources 4 1 2024-10-26 21:35:34.681
!MESSAGE 自动刷新本机代码 5 时发生了问题。

!ENTRY org.eclipse.core.resources 4 1 2024-10-26 21:35:35.683
!MESSAGE 刷新资源时发生了问题
!SUBENTRY 1 org.eclipse.core.resources 4 1 2024-10-26 21:35:35.683
!MESSAGE 自动刷新本机代码 5 时发生了问题。

!ENTRY org.eclipse.core.resources 4 1 2024-10-26 21:35:36.684
!MESSAGE 刷新资源时发生了问题
!SUBENTRY 1 org.eclipse.core.resources 4 1 2024-10-26 21:35:36.684
!MESSAGE 自动刷新本机代码 5 时发生了问题。

!ENTRY org.eclipse.core.resources 4 1 2024-10-26 21:35:37.685
!MESSAGE 刷新资源时发生了问题
!SUBENTRY 1 org.eclipse.core.resources 4 1 2024-10-26 21:35:37.685
!MESSAGE 自动刷新本机代码 5 时发生了问题。

!ENTRY org.eclipse.core.resources 4 1 2024-10-26 21:35:38.686
!MESSAGE 刷新资源时发生了问题
!SUBENTRY 1 org.eclipse.core.resources 4 1 2024-10-26 21:35:38.686
!MESSAGE 自动刷新本机代码 5 时发生了问题。

!ENTRY org.eclipse.core.resources 4 1 2024-10-26 21:35:39.687
!MESSAGE 刷新资源时发生了问题
!SUBENTRY 1 org.eclipse.core.resources 4 1 2024-10-26 21:35:39.687
!MESSAGE 自动刷新本机代码 5 时发生了问题。

!ENTRY org.eclipse.core.resources 4 1 2024-10-26 21:35:40.688
!MESSAGE 刷新资源时发生了问题
!SUBENTRY 1 org.eclipse.core.resources 4 1 2024-10-26 21:35:40.688
!MESSAGE 自动刷新本机代码 5 时发生了问题。

!ENTRY org.eclipse.core.resources 4 1 2024-10-26 21:35:41.690
!MESSAGE 刷新资源时发生了问题
!SUBENTRY 1 org.eclipse.core.resources 4 1 2024-10-26 21:35:41.690
!MESSAGE 自动刷新本机代码 5 时发生了问题。

!ENTRY org.eclipse.core.resources 4 1 2024-10-26 21:35:42.691
!MESSAGE 刷新资源时发生了问题
!SUBENTRY 1 org.eclipse.core.resources 4 1 2024-10-26 21:35:42.691
!MESSAGE 自动刷新本机代码 5 时发生了问题。

!ENTRY org.eclipse.core.resources 4 1 2024-10-26 21:35:43.742
!MESSAGE 刷新资源时发生了问题
!SUBENTRY 1 org.eclipse.core.resources 4 1 2024-10-26 21:35:43.742
!MESSAGE 自动刷新本机代码 5 时发生了问题。

!ENTRY org.eclipse.core.resources 4 1 2024-10-26 21:35:44.754
!MESSAGE 刷新资源时发生了问题
!SUBENTRY 1 org.eclipse.core.resources 4 1 2024-10-26 21:35:44.754
!MESSAGE 自动刷新本机代码 5 时发生了问题。

!ENTRY org.eclipse.core.resources 4 1 2024-10-26 21:35:45.765
!MESSAGE 刷新资源时发生了问题
!SUBENTRY 1 org.eclipse.core.resources 4 1 2024-10-26 21:35:45.765
!MESSAGE 自动刷新本机代码 5 时发生了问题。

!ENTRY org.eclipse.core.resources 4 1 2024-10-26 21:35:46.775
!MESSAGE 刷新资源时发生了问题
!SUBENTRY 1 org.eclipse.core.resources 4 1 2024-10-26 21:35:46.775
!MESSAGE 自动刷新本机代码 5 时发生了问题。

!ENTRY org.eclipse.core.resources 4 1 2024-10-26 21:35:47.787
!MESSAGE 刷新资源时发生了问题
!SUBENTRY 1 org.eclipse.core.resources 4 1 2024-10-26 21:35:47.787
!MESSAGE 自动刷新本机代码 5 时发生了问题。

!ENTRY org.eclipse.core.resources 4 1 2024-10-26 21:35:48.798
!MESSAGE 刷新资源时发生了问题
!SUBENTRY 1 org.eclipse.core.resources 4 1 2024-10-26 21:35:48.799
!MESSAGE 自动刷新本机代码 5 时发生了问题。

!ENTRY org.eclipse.core.resources 4 1 2024-10-26 21:35:49.811
!MESSAGE 刷新资源时发生了问题
!SUBENTRY 1 org.eclipse.core.resources 4 1 2024-10-26 21:35:49.811
!MESSAGE 自动刷新本机代码 5 时发生了问题。

!ENTRY org.eclipse.core.resources 4 1 2024-10-26 21:35:50.892
!MESSAGE 刷新资源时发生了问题
!SUBENTRY 1 org.eclipse.core.resources 4 1 2024-10-26 21:35:50.892
!MESSAGE 自动刷新本机代码 5 时发生了问题。

!ENTRY org.eclipse.core.resources 4 1 2024-10-26 21:35:51.920
!MESSAGE 刷新资源时发生了问题
!SUBENTRY 1 org.eclipse.core.resources 4 1 2024-10-26 21:35:51.920
!MESSAGE 自动刷新本机代码 5 时发生了问题。

!ENTRY org.eclipse.core.resources 4 1 2024-10-26 21:35:52.932
!MESSAGE 刷新资源时发生了问题
!SUBENTRY 1 org.eclipse.core.resources 4 1 2024-10-26 21:35:52.932
!MESSAGE 自动刷新本机代码 5 时发生了问题。

!ENTRY org.eclipse.core.resources 4 1 2024-10-26 21:35:53.943
!MESSAGE 刷新资源时发生了问题
!SUBENTRY 1 org.eclipse.core.resources 4 1 2024-10-26 21:35:53.943
!MESSAGE 自动刷新本机代码 5 时发生了问题。

!ENTRY org.eclipse.core.resources 4 1 2024-10-26 21:35:54.971
!MESSAGE 刷新资源时发生了问题
!SUBENTRY 1 org.eclipse.core.resources 4 1 2024-10-26 21:35:54.971
!MESSAGE 自动刷新本机代码 5 时发生了问题。

!ENTRY org.eclipse.core.resources 4 1 2024-10-26 21:35:56.020
!MESSAGE 刷新资源时发生了问题
!SUBENTRY 1 org.eclipse.core.resources 4 1 2024-10-26 21:35:56.020
!MESSAGE 自动刷新本机代码 5 时发生了问题。

!ENTRY org.eclipse.core.resources 4 1 2024-10-26 21:35:57.127
!MESSAGE 刷新资源时发生了问题
!SUBENTRY 1 org.eclipse.core.resources 4 1 2024-10-26 21:35:57.127
!MESSAGE 自动刷新本机代码 5 时发生了问题。

!ENTRY org.eclipse.core.resources 4 1 2024-10-26 21:35:58.166
!MESSAGE 刷新资源时发生了问题
!SUBENTRY 1 org.eclipse.core.resources 4 1 2024-10-26 21:35:58.166
!MESSAGE 自动刷新本机代码 5 时发生了问题。

!ENTRY org.eclipse.core.resources 4 1 2024-10-26 21:35:59.307
!MESSAGE 刷新资源时发生了问题
!SUBENTRY 1 org.eclipse.core.resources 4 1 2024-10-26 21:35:59.307
!MESSAGE 自动刷新本机代码 5 时发生了问题。

!ENTRY org.eclipse.core.resources 4 1 2024-10-26 21:36:00.357
!MESSAGE 刷新资源时发生了问题
!SUBENTRY 1 org.eclipse.core.resources 4 1 2024-10-26 21:36:00.357
!MESSAGE 自动刷新本机代码 5 时发生了问题。

!ENTRY org.eclipse.core.resources 4 1 2024-10-26 21:36:01.358
!MESSAGE 刷新资源时发生了问题
!SUBENTRY 1 org.eclipse.core.resources 4 1 2024-10-26 21:36:01.358
!MESSAGE 自动刷新本机代码 5 时发生了问题。

!ENTRY org.eclipse.core.resources 4 1 2024-10-26 21:36:02.408
!MESSAGE 刷新资源时发生了问题
!SUBENTRY 1 org.eclipse.core.resources 4 1 2024-10-26 21:36:02.408
!MESSAGE 自动刷新本机代码 5 时发生了问题。

!ENTRY org.eclipse.core.resources 4 1 2024-10-26 21:36:03.409
!MESSAGE 刷新资源时发生了问题
!SUBENTRY 1 org.eclipse.core.resources 4 1 2024-10-26 21:36:03.409
!MESSAGE 自动刷新本机代码 5 时发生了问题。

!ENTRY org.eclipse.core.resources 4 1 2024-10-26 21:36:04.410
!MESSAGE 刷新资源时发生了问题
!SUBENTRY 1 org.eclipse.core.resources 4 1 2024-10-26 21:36:04.410
!MESSAGE 自动刷新本机代码 5 时发生了问题。

!ENTRY org.eclipse.core.resources 4 1 2024-10-26 21:36:05.411
!MESSAGE 刷新资源时发生了问题
!SUBENTRY 1 org.eclipse.core.resources 4 1 2024-10-26 21:36:05.411
!MESSAGE 自动刷新本机代码 5 时发生了问题。

!ENTRY org.eclipse.core.resources 4 1 2024-10-26 21:36:06.412
!MESSAGE 刷新资源时发生了问题
!SUBENTRY 1 org.eclipse.core.resources 4 1 2024-10-26 21:36:06.412
!MESSAGE 自动刷新本机代码 5 时发生了问题。

!ENTRY org.eclipse.core.resources 4 1 2024-10-26 21:36:07.414
!MESSAGE 刷新资源时发生了问题
!SUBENTRY 1 org.eclipse.core.resources 4 1 2024-10-26 21:36:07.414
!MESSAGE 自动刷新本机代码 5 时发生了问题。

!ENTRY org.eclipse.core.resources 4 1 2024-10-26 21:36:08.465
!MESSAGE 刷新资源时发生了问题
!SUBENTRY 1 org.eclipse.core.resources 4 1 2024-10-26 21:36:08.465
!MESSAGE 自动刷新本机代码 5 时发生了问题。

!ENTRY org.eclipse.core.resources 4 1 2024-10-26 21:36:09.466
!MESSAGE 刷新资源时发生了问题
!SUBENTRY 1 org.eclipse.core.resources 4 1 2024-10-26 21:36:09.466
!MESSAGE 自动刷新本机代码 5 时发生了问题。

!ENTRY org.eclipse.core.resources 4 1 2024-10-26 21:36:10.467
!MESSAGE 刷新资源时发生了问题
!SUBENTRY 1 org.eclipse.core.resources 4 1 2024-10-26 21:36:10.467
!MESSAGE 自动刷新本机代码 5 时发生了问题。

!ENTRY org.eclipse.core.resources 4 1 2024-10-26 21:36:11.468
!MESSAGE 刷新资源时发生了问题
!SUBENTRY 1 org.eclipse.core.resources 4 1 2024-10-26 21:36:11.468
!MESSAGE 自动刷新本机代码 5 时发生了问题。

!ENTRY org.eclipse.core.resources 4 1 2024-10-26 21:36:12.469
!MESSAGE 刷新资源时发生了问题
!SUBENTRY 1 org.eclipse.core.resources 4 1 2024-10-26 21:36:12.469
!MESSAGE 自动刷新本机代码 5 时发生了问题。

!ENTRY org.eclipse.core.resources 4 1 2024-10-26 21:36:13.470
!MESSAGE 刷新资源时发生了问题
!SUBENTRY 1 org.eclipse.core.resources 4 1 2024-10-26 21:36:13.470
!MESSAGE 自动刷新本机代码 5 时发生了问题。

!ENTRY org.eclipse.core.resources 4 1 2024-10-26 21:36:14.522
!MESSAGE 刷新资源时发生了问题
!SUBENTRY 1 org.eclipse.core.resources 4 1 2024-10-26 21:36:14.522
!MESSAGE 自动刷新本机代码 5 时发生了问题。

!ENTRY org.eclipse.core.resources 4 1 2024-10-26 21:36:15.612
!MESSAGE 刷新资源时发生了问题
!SUBENTRY 1 org.eclipse.core.resources 4 1 2024-10-26 21:36:15.612
!MESSAGE 自动刷新本机代码 5 时发生了问题。

!ENTRY org.eclipse.core.resources 4 1 2024-10-26 21:36:16.868
!MESSAGE 刷新资源时发生了问题
!SUBENTRY 1 org.eclipse.core.resources 4 1 2024-10-26 21:36:16.868
!MESSAGE 自动刷新本机代码 5 时发生了问题。

!ENTRY org.eclipse.core.resources 4 1 2024-10-26 21:36:17.981
!MESSAGE 刷新资源时发生了问题
!SUBENTRY 1 org.eclipse.core.resources 4 1 2024-10-26 21:36:17.981
!MESSAGE 自动刷新本机代码 5 时发生了问题。

!ENTRY org.eclipse.core.resources 4 1 2024-10-26 21:36:19.059
!MESSAGE 刷新资源时发生了问题
!SUBENTRY 1 org.eclipse.core.resources 4 1 2024-10-26 21:36:19.059
!MESSAGE 自动刷新本机代码 5 时发生了问题。

!ENTRY org.eclipse.core.resources 4 1 2024-10-26 21:36:20.124
!MESSAGE 刷新资源时发生了问题
!SUBENTRY 1 org.eclipse.core.resources 4 1 2024-10-26 21:36:20.124
!MESSAGE 自动刷新本机代码 5 时发生了问题。

!ENTRY org.eclipse.core.resources 4 1 2024-10-26 21:36:22.092
!MESSAGE 刷新资源时发生了问题
!SUBENTRY 1 org.eclipse.core.resources 4 1 2024-10-26 21:36:22.092
!MESSAGE 自动刷新本机代码 5 时发生了问题。

!ENTRY org.eclipse.core.resources 4 1 2024-10-26 21:36:23.944
!MESSAGE 刷新资源时发生了问题
!SUBENTRY 1 org.eclipse.core.resources 4 1 2024-10-26 21:36:23.944
!MESSAGE 自动刷新本机代码 5 时发生了问题。

!ENTRY org.eclipse.core.resources 4 1 2024-10-26 21:36:24.969
!MESSAGE 刷新资源时发生了问题
!SUBENTRY 1 org.eclipse.core.resources 4 1 2024-10-26 21:36:24.969
!MESSAGE 自动刷新本机代码 5 时发生了问题。

!ENTRY org.eclipse.core.resources 4 1 2024-10-26 21:36:26.059
!MESSAGE 刷新资源时发生了问题
!SUBENTRY 1 org.eclipse.core.resources 4 1 2024-10-26 21:36:26.059
!MESSAGE 自动刷新本机代码 5 时发生了问题。

!ENTRY org.eclipse.core.resources 4 1 2024-10-26 21:36:27.259
!MESSAGE 刷新资源时发生了问题
!SUBENTRY 1 org.eclipse.core.resources 4 1 2024-10-26 21:36:27.259
!MESSAGE 自动刷新本机代码 5 时发生了问题。

!ENTRY org.eclipse.core.resources 4 1 2024-10-26 21:36:28.472
!MESSAGE 刷新资源时发生了问题
!SUBENTRY 1 org.eclipse.core.resources 4 1 2024-10-26 21:36:28.472
!MESSAGE 自动刷新本机代码 5 时发生了问题。

!ENTRY org.eclipse.core.resources 4 1 2024-10-26 21:36:29.534
!MESSAGE 刷新资源时发生了问题
!SUBENTRY 1 org.eclipse.core.resources 4 1 2024-10-26 21:36:29.534
!MESSAGE 自动刷新本机代码 5 时发生了问题。

!ENTRY org.eclipse.core.resources 4 1 2024-10-26 21:36:30.613
!MESSAGE 刷新资源时发生了问题
!SUBENTRY 1 org.eclipse.core.resources 4 1 2024-10-26 21:36:30.613
!MESSAGE 自动刷新本机代码 5 时发生了问题。

!ENTRY org.eclipse.core.resources 4 1 2024-10-26 21:36:31.694
!MESSAGE 刷新资源时发生了问题
!SUBENTRY 1 org.eclipse.core.resources 4 1 2024-10-26 21:36:31.694
!MESSAGE 自动刷新本机代码 5 时发生了问题。

!ENTRY org.eclipse.core.resources 4 1 2024-10-26 21:36:32.774
!MESSAGE 刷新资源时发生了问题
!SUBENTRY 1 org.eclipse.core.resources 4 1 2024-10-26 21:36:32.774
!MESSAGE 自动刷新本机代码 5 时发生了问题。

!ENTRY org.eclipse.core.resources 4 1 2024-10-26 21:36:33.852
!MESSAGE 刷新资源时发生了问题
!SUBENTRY 1 org.eclipse.core.resources 4 1 2024-10-26 21:36:33.852
!MESSAGE 自动刷新本机代码 5 时发生了问题。

!ENTRY org.eclipse.core.resources 4 1 2024-10-26 21:36:34.916
!MESSAGE 刷新资源时发生了问题
!SUBENTRY 1 org.eclipse.core.resources 4 1 2024-10-26 21:36:34.916
!MESSAGE 自动刷新本机代码 5 时发生了问题。

!ENTRY org.eclipse.core.resources 4 1 2024-10-26 21:36:35.928
!MESSAGE 刷新资源时发生了问题
!SUBENTRY 1 org.eclipse.core.resources 4 1 2024-10-26 21:36:35.928
!MESSAGE 自动刷新本机代码 5 时发生了问题。

!ENTRY org.eclipse.core.resources 4 1 2024-10-26 21:36:37.010
!MESSAGE 刷新资源时发生了问题
!SUBENTRY 1 org.eclipse.core.resources 4 1 2024-10-26 21:36:37.010
!MESSAGE 自动刷新本机代码 5 时发生了问题。

!ENTRY org.eclipse.core.resources 4 1 2024-10-26 21:36:38.038
!MESSAGE 刷新资源时发生了问题
!SUBENTRY 1 org.eclipse.core.resources 4 1 2024-10-26 21:36:38.038
!MESSAGE 自动刷新本机代码 5 时发生了问题。

!ENTRY org.eclipse.core.resources 4 1 2024-10-26 21:36:39.116
!MESSAGE 刷新资源时发生了问题
!SUBENTRY 1 org.eclipse.core.resources 4 1 2024-10-26 21:36:39.116
!MESSAGE 自动刷新本机代码 5 时发生了问题。

!ENTRY org.eclipse.core.resources 4 1 2024-10-26 21:36:40.145
!MESSAGE 刷新资源时发生了问题
!SUBENTRY 1 org.eclipse.core.resources 4 1 2024-10-26 21:36:40.145
!MESSAGE 自动刷新本机代码 5 时发生了问题。

!ENTRY org.eclipse.core.resources 4 1 2024-10-26 21:36:41.217
!MESSAGE 刷新资源时发生了问题
!SUBENTRY 1 org.eclipse.core.resources 4 1 2024-10-26 21:36:41.217
!MESSAGE 自动刷新本机代码 5 时发生了问题。

!ENTRY org.eclipse.core.resources 4 1 2024-10-26 21:36:42.276
!MESSAGE 刷新资源时发生了问题
!SUBENTRY 1 org.eclipse.core.resources 4 1 2024-10-26 21:36:42.276
!MESSAGE 自动刷新本机代码 5 时发生了问题。

!ENTRY org.eclipse.core.resources 4 1 2024-10-26 21:36:43.307
!MESSAGE 刷新资源时发生了问题
!SUBENTRY 1 org.eclipse.core.resources 4 1 2024-10-26 21:36:43.307
!MESSAGE 自动刷新本机代码 5 时发生了问题。

!ENTRY org.eclipse.core.resources 4 1 2024-10-26 21:36:44.339
!MESSAGE 刷新资源时发生了问题
!SUBENTRY 1 org.eclipse.core.resources 4 1 2024-10-26 21:36:44.339
!MESSAGE 自动刷新本机代码 5 时发生了问题。

!ENTRY org.eclipse.core.resources 4 1 2024-10-26 21:36:45.353
!MESSAGE 刷新资源时发生了问题
!SUBENTRY 1 org.eclipse.core.resources 4 1 2024-10-26 21:36:45.353
!MESSAGE 自动刷新本机代码 5 时发生了问题。

!ENTRY org.eclipse.core.resources 4 1 2024-10-26 21:36:46.366
!MESSAGE 刷新资源时发生了问题
!SUBENTRY 1 org.eclipse.core.resources 4 1 2024-10-26 21:36:46.366
!MESSAGE 自动刷新本机代码 5 时发生了问题。

!ENTRY org.eclipse.core.resources 4 1 2024-10-26 21:36:47.386
!MESSAGE 刷新资源时发生了问题
!SUBENTRY 1 org.eclipse.core.resources 4 1 2024-10-26 21:36:47.386
!MESSAGE 自动刷新本机代码 5 时发生了问题。

!ENTRY org.eclipse.core.resources 4 1 2024-10-26 21:36:48.407
!MESSAGE 刷新资源时发生了问题
!SUBENTRY 1 org.eclipse.core.resources 4 1 2024-10-26 21:36:48.407
!MESSAGE 自动刷新本机代码 5 时发生了问题。

!ENTRY org.eclipse.core.resources 4 1 2024-10-26 21:36:49.454
!MESSAGE 刷新资源时发生了问题
!SUBENTRY 1 org.eclipse.core.resources 4 1 2024-10-26 21:36:49.454
!MESSAGE 自动刷新本机代码 5 时发生了问题。

!ENTRY org.eclipse.core.resources 4 1 2024-10-26 21:36:50.812
!MESSAGE 刷新资源时发生了问题
!SUBENTRY 1 org.eclipse.core.resources 4 1 2024-10-26 21:36:50.812
!MESSAGE 自动刷新本机代码 5 时发生了问题。

!ENTRY org.eclipse.core.resources 4 1 2024-10-26 21:36:52.010
!MESSAGE 刷新资源时发生了问题
!SUBENTRY 1 org.eclipse.core.resources 4 1 2024-10-26 21:36:52.010
!MESSAGE 自动刷新本机代码 5 时发生了问题。

!ENTRY org.eclipse.core.resources 4 1 2024-10-26 21:36:53.160
!MESSAGE 刷新资源时发生了问题
!SUBENTRY 1 org.eclipse.core.resources 4 1 2024-10-26 21:36:53.160
!MESSAGE 自动刷新本机代码 5 时发生了问题。

!ENTRY org.eclipse.core.resources 4 1 2024-10-26 21:36:54.325
!MESSAGE 刷新资源时发生了问题
!SUBENTRY 1 org.eclipse.core.resources 4 1 2024-10-26 21:36:54.325
!MESSAGE 自动刷新本机代码 5 时发生了问题。

!ENTRY org.eclipse.core.resources 4 1 2024-10-26 21:36:55.347
!MESSAGE 刷新资源时发生了问题
!SUBENTRY 1 org.eclipse.core.resources 4 1 2024-10-26 21:36:55.347
!MESSAGE 自动刷新本机代码 5 时发生了问题。

!ENTRY org.eclipse.core.resources 4 1 2024-10-26 21:36:56.377
!MESSAGE 刷新资源时发生了问题
!SUBENTRY 1 org.eclipse.core.resources 4 1 2024-10-26 21:36:56.377
!MESSAGE 自动刷新本机代码 5 时发生了问题。

!ENTRY org.eclipse.core.resources 4 1 2024-10-26 21:36:57.417
!MESSAGE 刷新资源时发生了问题
!SUBENTRY 1 org.eclipse.core.resources 4 1 2024-10-26 21:36:57.417
!MESSAGE 自动刷新本机代码 5 时发生了问题。

!ENTRY org.eclipse.core.resources 4 1 2024-10-26 21:36:58.447
!MESSAGE 刷新资源时发生了问题
!SUBENTRY 1 org.eclipse.core.resources 4 1 2024-10-26 21:36:58.447
!MESSAGE 自动刷新本机代码 5 时发生了问题。

!ENTRY org.eclipse.core.resources 4 1 2024-10-26 21:36:59.487
!MESSAGE 刷新资源时发生了问题
!SUBENTRY 1 org.eclipse.core.resources 4 1 2024-10-26 21:36:59.487
!MESSAGE 自动刷新本机代码 5 时发生了问题。

!ENTRY org.eclipse.core.resources 4 1 2024-10-26 21:37:00.719
!MESSAGE 刷新资源时发生了问题
!SUBENTRY 1 org.eclipse.core.resources 4 1 2024-10-26 21:37:00.719
!MESSAGE 自动刷新本机代码 5 时发生了问题。

!ENTRY org.eclipse.core.resources 4 1 2024-10-26 21:37:01.732
!MESSAGE 刷新资源时发生了问题
!SUBENTRY 1 org.eclipse.core.resources 4 1 2024-10-26 21:37:01.732
!MESSAGE 自动刷新本机代码 5 时发生了问题。

!ENTRY org.eclipse.core.resources 4 1 2024-10-26 21:37:02.761
!MESSAGE 刷新资源时发生了问题
!SUBENTRY 1 org.eclipse.core.resources 4 1 2024-10-26 21:37:02.761
!MESSAGE 自动刷新本机代码 5 时发生了问题。

!ENTRY org.eclipse.core.resources 4 1 2024-10-26 21:37:03.840
!MESSAGE 刷新资源时发生了问题
!SUBENTRY 1 org.eclipse.core.resources 4 1 2024-10-26 21:37:03.840
!MESSAGE 自动刷新本机代码 5 时发生了问题。

!ENTRY org.eclipse.core.resources 4 1 2024-10-26 21:37:04.920
!MESSAGE 刷新资源时发生了问题
!SUBENTRY 1 org.eclipse.core.resources 4 1 2024-10-26 21:37:04.920
!MESSAGE 自动刷新本机代码 5 时发生了问题。

!ENTRY org.eclipse.core.resources 4 1 2024-10-26 21:37:05.948
!MESSAGE 刷新资源时发生了问题
!SUBENTRY 1 org.eclipse.core.resources 4 1 2024-10-26 21:37:05.949
!MESSAGE 自动刷新本机代码 5 时发生了问题。

!ENTRY org.eclipse.core.resources 4 1 2024-10-26 21:37:06.962
!MESSAGE 刷新资源时发生了问题
!SUBENTRY 1 org.eclipse.core.resources 4 1 2024-10-26 21:37:06.962
!MESSAGE 自动刷新本机代码 5 时发生了问题。

!ENTRY org.eclipse.core.resources 4 1 2024-10-26 21:37:07.973
!MESSAGE 刷新资源时发生了问题
!SUBENTRY 1 org.eclipse.core.resources 4 1 2024-10-26 21:37:07.973
!MESSAGE 自动刷新本机代码 5 时发生了问题。

!ENTRY org.eclipse.core.resources 4 1 2024-10-26 21:37:08.999
!MESSAGE 刷新资源时发生了问题
!SUBENTRY 1 org.eclipse.core.resources 4 1 2024-10-26 21:37:08.999
!MESSAGE 自动刷新本机代码 5 时发生了问题。

!ENTRY org.eclipse.core.resources 4 1 2024-10-26 21:37:10.027
!MESSAGE 刷新资源时发生了问题
!SUBENTRY 1 org.eclipse.core.resources 4 1 2024-10-26 21:37:10.027
!MESSAGE 自动刷新本机代码 5 时发生了问题。

!ENTRY org.eclipse.core.resources 4 1 2024-10-26 21:37:11.106
!MESSAGE 刷新资源时发生了问题
!SUBENTRY 1 org.eclipse.core.resources 4 1 2024-10-26 21:37:11.106
!MESSAGE 自动刷新本机代码 5 时发生了问题。

!ENTRY org.eclipse.core.resources 4 1 2024-10-26 21:37:12.136
!MESSAGE 刷新资源时发生了问题
!SUBENTRY 1 org.eclipse.core.resources 4 1 2024-10-26 21:37:12.136
!MESSAGE 自动刷新本机代码 5 时发生了问题。

!ENTRY org.eclipse.core.resources 4 1 2024-10-26 21:37:13.198
!MESSAGE 刷新资源时发生了问题
!SUBENTRY 1 org.eclipse.core.resources 4 1 2024-10-26 21:37:13.198
!MESSAGE 自动刷新本机代码 5 时发生了问题。

!ENTRY org.eclipse.core.resources 4 1 2024-10-26 21:37:14.210
!MESSAGE 刷新资源时发生了问题
!SUBENTRY 1 org.eclipse.core.resources 4 1 2024-10-26 21:37:14.210
!MESSAGE 自动刷新本机代码 5 时发生了问题。

!ENTRY org.eclipse.core.resources 4 1 2024-10-26 21:37:15.290
!MESSAGE 刷新资源时发生了问题
!SUBENTRY 1 org.eclipse.core.resources 4 1 2024-10-26 21:37:15.290
!MESSAGE 自动刷新本机代码 5 时发生了问题。

!ENTRY org.eclipse.core.resources 4 1 2024-10-26 21:37:16.320
!MESSAGE 刷新资源时发生了问题
!SUBENTRY 1 org.eclipse.core.resources 4 1 2024-10-26 21:37:16.320
!MESSAGE 自动刷新本机代码 5 时发生了问题。

!ENTRY org.eclipse.core.resources 4 1 2024-10-26 21:37:17.332
!MESSAGE 刷新资源时发生了问题
!SUBENTRY 1 org.eclipse.core.resources 4 1 2024-10-26 21:37:17.332
!MESSAGE 自动刷新本机代码 5 时发生了问题。

!ENTRY org.eclipse.core.resources 4 1 2024-10-26 21:37:18.348
!MESSAGE 刷新资源时发生了问题
!SUBENTRY 1 org.eclipse.core.resources 4 1 2024-10-26 21:37:18.348
!MESSAGE 自动刷新本机代码 5 时发生了问题。

!ENTRY org.eclipse.core.resources 4 1 2024-10-26 21:37:19.383
!MESSAGE 刷新资源时发生了问题
!SUBENTRY 1 org.eclipse.core.resources 4 1 2024-10-26 21:37:19.383
!MESSAGE 自动刷新本机代码 5 时发生了问题。

!ENTRY org.eclipse.core.resources 4 1 2024-10-26 21:37:20.432
!MESSAGE 刷新资源时发生了问题
!SUBENTRY 1 org.eclipse.core.resources 4 1 2024-10-26 21:37:20.432
!MESSAGE 自动刷新本机代码 5 时发生了问题。

!ENTRY org.eclipse.core.resources 4 1 2024-10-26 21:37:21.493
!MESSAGE 刷新资源时发生了问题
!SUBENTRY 1 org.eclipse.core.resources 4 1 2024-10-26 21:37:21.493
!MESSAGE 自动刷新本机代码 5 时发生了问题。

!ENTRY org.eclipse.core.resources 4 1 2024-10-26 21:37:22.505
!MESSAGE 刷新资源时发生了问题
!SUBENTRY 1 org.eclipse.core.resources 4 1 2024-10-26 21:37:22.505
!MESSAGE 自动刷新本机代码 5 时发生了问题。

!ENTRY org.eclipse.core.resources 4 1 2024-10-26 21:37:23.576
!MESSAGE 刷新资源时发生了问题
!SUBENTRY 1 org.eclipse.core.resources 4 1 2024-10-26 21:37:23.576
!MESSAGE 自动刷新本机代码 5 时发生了问题。

!ENTRY org.eclipse.core.resources 4 1 2024-10-26 21:37:24.599
!MESSAGE 刷新资源时发生了问题
!SUBENTRY 1 org.eclipse.core.resources 4 1 2024-10-26 21:37:24.599
!MESSAGE 自动刷新本机代码 5 时发生了问题。

!ENTRY org.eclipse.core.resources 4 1 2024-10-26 21:37:25.654
!MESSAGE 刷新资源时发生了问题
!SUBENTRY 1 org.eclipse.core.resources 4 1 2024-10-26 21:37:25.654
!MESSAGE 自动刷新本机代码 5 时发生了问题。

!ENTRY org.eclipse.core.resources 4 1 2024-10-26 21:37:27.268
!MESSAGE 刷新资源时发生了问题
!SUBENTRY 1 org.eclipse.core.resources 4 1 2024-10-26 21:37:27.268
!MESSAGE 自动刷新本机代码 5 时发生了问题。

!ENTRY org.eclipse.core.resources 4 1 2024-10-26 21:37:28.849
!MESSAGE 刷新资源时发生了问题
!SUBENTRY 1 org.eclipse.core.resources 4 1 2024-10-26 21:37:28.849
!MESSAGE 自动刷新本机代码 5 时发生了问题。

!ENTRY org.eclipse.core.resources 4 1 2024-10-26 21:37:29.928
!MESSAGE 刷新资源时发生了问题
!SUBENTRY 1 org.eclipse.core.resources 4 1 2024-10-26 21:37:29.928
!MESSAGE 自动刷新本机代码 5 时发生了问题。
!SUBENTRY 1 org.eclipse.core.resources 4 1 2024-10-26 21:37:29.928
!MESSAGE 自动刷新本机代码 5 时发生了问题。

!ENTRY org.eclipse.core.resources 4 1 2024-10-26 21:37:30.959
!MESSAGE 刷新资源时发生了问题
!SUBENTRY 1 org.eclipse.core.resources 4 1 2024-10-26 21:37:30.959
!MESSAGE 自动刷新本机代码 5 时发生了问题。
!SUBENTRY 1 org.eclipse.core.resources 4 1 2024-10-26 21:37:30.959
!MESSAGE 自动刷新本机代码 5 时发生了问题。

!ENTRY org.eclipse.core.resources 4 1 2024-10-26 21:37:31.971
!MESSAGE 刷新资源时发生了问题
!SUBENTRY 1 org.eclipse.core.resources 4 1 2024-10-26 21:37:31.971
!MESSAGE 自动刷新本机代码 5 时发生了问题。
!SUBENTRY 1 org.eclipse.core.resources 4 1 2024-10-26 21:37:31.971
!MESSAGE 自动刷新本机代码 5 时发生了问题。

!ENTRY org.eclipse.core.resources 4 1 2024-10-26 21:37:32.981
!MESSAGE 刷新资源时发生了问题
!SUBENTRY 1 org.eclipse.core.resources 4 1 2024-10-26 21:37:32.981
!MESSAGE 自动刷新本机代码 5 时发生了问题。
!SUBENTRY 1 org.eclipse.core.resources 4 1 2024-10-26 21:37:32.981
!MESSAGE 自动刷新本机代码 5 时发生了问题。

!ENTRY org.eclipse.core.resources 4 1 2024-10-26 21:37:34.008
!MESSAGE 刷新资源时发生了问题
!SUBENTRY 1 org.eclipse.core.resources 4 1 2024-10-26 21:37:34.008
!MESSAGE 自动刷新本机代码 5 时发生了问题。
!SUBENTRY 1 org.eclipse.core.resources 4 1 2024-10-26 21:37:34.008
!MESSAGE 自动刷新本机代码 5 时发生了问题。

!ENTRY org.eclipse.core.resources 4 1 2024-10-26 21:37:35.061
!MESSAGE 刷新资源时发生了问题
!SUBENTRY 1 org.eclipse.core.resources 4 1 2024-10-26 21:37:35.062
!MESSAGE 自动刷新本机代码 5 时发生了问题。
!SUBENTRY 1 org.eclipse.core.resources 4 1 2024-10-26 21:37:35.062
!MESSAGE 自动刷新本机代码 5 时发生了问题。

!ENTRY org.eclipse.core.resources 4 1 2024-10-26 21:37:36.073
!MESSAGE 刷新资源时发生了问题
!SUBENTRY 1 org.eclipse.core.resources 4 1 2024-10-26 21:37:36.073
!MESSAGE 自动刷新本机代码 5 时发生了问题。
!SUBENTRY 1 org.eclipse.core.resources 4 1 2024-10-26 21:37:36.073
!MESSAGE 自动刷新本机代码 5 时发生了问题。

!ENTRY org.eclipse.core.resources 4 1 2024-10-26 21:37:37.087
!MESSAGE 刷新资源时发生了问题
!SUBENTRY 1 org.eclipse.core.resources 4 1 2024-10-26 21:37:37.087
!MESSAGE 自动刷新本机代码 5 时发生了问题。
!SUBENTRY 1 org.eclipse.core.resources 4 1 2024-10-26 21:37:37.087
!MESSAGE 自动刷新本机代码 5 时发生了问题。

!ENTRY org.eclipse.core.resources 4 1 2024-10-26 21:37:38.088
!MESSAGE 刷新资源时发生了问题
!SUBENTRY 1 org.eclipse.core.resources 4 1 2024-10-26 21:37:38.088
!MESSAGE 自动刷新本机代码 5 时发生了问题。
!SUBENTRY 1 org.eclipse.core.resources 4 1 2024-10-26 21:37:38.088
!MESSAGE 自动刷新本机代码 5 时发生了问题。

!ENTRY org.eclipse.core.resources 4 1 2024-10-26 21:37:39.121
!MESSAGE 刷新资源时发生了问题
!SUBENTRY 1 org.eclipse.core.resources 4 1 2024-10-26 21:37:39.121
!MESSAGE 自动刷新本机代码 5 时发生了问题。
!SUBENTRY 1 org.eclipse.core.resources 4 1 2024-10-26 21:37:39.121
!MESSAGE 自动刷新本机代码 5 时发生了问题。

!ENTRY org.eclipse.core.resources 4 1 2024-10-26 21:37:40.122
!MESSAGE 刷新资源时发生了问题
!SUBENTRY 1 org.eclipse.core.resources 4 1 2024-10-26 21:37:40.122
!MESSAGE 自动刷新本机代码 5 时发生了问题。
!SUBENTRY 1 org.eclipse.core.resources 4 1 2024-10-26 21:37:40.122
!MESSAGE 自动刷新本机代码 5 时发生了问题。

!ENTRY org.eclipse.core.resources 4 1 2024-10-26 21:37:41.164
!MESSAGE 刷新资源时发生了问题
!SUBENTRY 1 org.eclipse.core.resources 4 1 2024-10-26 21:37:41.164
!MESSAGE 自动刷新本机代码 5 时发生了问题。
!SUBENTRY 1 org.eclipse.core.resources 4 1 2024-10-26 21:37:41.164
!MESSAGE 自动刷新本机代码 5 时发生了问题。

!ENTRY org.eclipse.core.resources 4 1 2024-10-26 21:37:42.195
!MESSAGE 刷新资源时发生了问题
!SUBENTRY 1 org.eclipse.core.resources 4 1 2024-10-26 21:37:42.195
!MESSAGE 自动刷新本机代码 5 时发生了问题。
!SUBENTRY 1 org.eclipse.core.resources 4 1 2024-10-26 21:37:42.195
!MESSAGE 自动刷新本机代码 5 时发生了问题。

!ENTRY org.eclipse.core.resources 4 1 2024-10-26 21:37:43.207
!MESSAGE 刷新资源时发生了问题
!SUBENTRY 1 org.eclipse.core.resources 4 1 2024-10-26 21:37:43.207
!MESSAGE 自动刷新本机代码 5 时发生了问题。
!SUBENTRY 1 org.eclipse.core.resources 4 1 2024-10-26 21:37:43.207
!MESSAGE 自动刷新本机代码 5 时发生了问题。

!ENTRY org.eclipse.core.resources 4 1 2024-10-26 21:37:44.270
!MESSAGE 刷新资源时发生了问题
!SUBENTRY 1 org.eclipse.core.resources 4 1 2024-10-26 21:37:44.270
!MESSAGE 自动刷新本机代码 5 时发生了问题。
!SUBENTRY 1 org.eclipse.core.resources 4 1 2024-10-26 21:37:44.270
!MESSAGE 自动刷新本机代码 5 时发生了问题。

!ENTRY org.eclipse.core.resources 4 1 2024-10-26 21:37:45.301
!MESSAGE 刷新资源时发生了问题
!SUBENTRY 1 org.eclipse.core.resources 4 1 2024-10-26 21:37:45.301
!MESSAGE 自动刷新本机代码 5 时发生了问题。
!SUBENTRY 1 org.eclipse.core.resources 4 1 2024-10-26 21:37:45.301
!MESSAGE 自动刷新本机代码 5 时发生了问题。

!ENTRY org.eclipse.core.resources 4 1 2024-10-26 21:37:46.329
!MESSAGE 刷新资源时发生了问题
!SUBENTRY 1 org.eclipse.core.resources 4 1 2024-10-26 21:37:46.329
!MESSAGE 自动刷新本机代码 5 时发生了问题。
!SUBENTRY 1 org.eclipse.core.resources 4 1 2024-10-26 21:37:46.329
!MESSAGE 自动刷新本机代码 5 时发生了问题。

!ENTRY org.eclipse.core.resources 4 1 2024-10-26 21:37:47.343
!MESSAGE 刷新资源时发生了问题
!SUBENTRY 1 org.eclipse.core.resources 4 1 2024-10-26 21:37:47.343
!MESSAGE 自动刷新本机代码 5 时发生了问题。
!SUBENTRY 1 org.eclipse.core.resources 4 1 2024-10-26 21:37:47.343
!MESSAGE 自动刷新本机代码 5 时发生了问题。

!ENTRY org.eclipse.core.resources 4 1 2024-10-26 21:37:48.355
!MESSAGE 刷新资源时发生了问题
!SUBENTRY 1 org.eclipse.core.resources 4 1 2024-10-26 21:37:48.355
!MESSAGE 自动刷新本机代码 5 时发生了问题。
!SUBENTRY 1 org.eclipse.core.resources 4 1 2024-10-26 21:37:48.355
!MESSAGE 自动刷新本机代码 5 时发生了问题。

!ENTRY org.eclipse.core.resources 4 1 2024-10-26 21:37:49.370
!MESSAGE 刷新资源时发生了问题
!SUBENTRY 1 org.eclipse.core.resources 4 1 2024-10-26 21:37:49.371
!MESSAGE 自动刷新本机代码 5 时发生了问题。
!SUBENTRY 1 org.eclipse.core.resources 4 1 2024-10-26 21:37:49.371
!MESSAGE 自动刷新本机代码 5 时发生了问题。

!ENTRY org.eclipse.core.resources 4 1 2024-10-26 21:37:50.372
!MESSAGE 刷新资源时发生了问题
!SUBENTRY 1 org.eclipse.core.resources 4 1 2024-10-26 21:37:50.372
!MESSAGE 自动刷新本机代码 5 时发生了问题。
!SUBENTRY 1 org.eclipse.core.resources 4 1 2024-10-26 21:37:50.372
!MESSAGE 自动刷新本机代码 5 时发生了问题。

!ENTRY org.eclipse.core.resources 4 1 2024-10-26 21:37:51.373
!MESSAGE 刷新资源时发生了问题
!SUBENTRY 1 org.eclipse.core.resources 4 1 2024-10-26 21:37:51.373
!MESSAGE 自动刷新本机代码 5 时发生了问题。
!SUBENTRY 1 org.eclipse.core.resources 4 1 2024-10-26 21:37:51.373
!MESSAGE 自动刷新本机代码 5 时发生了问题。

!ENTRY org.eclipse.core.resources 4 1 2024-10-26 21:37:52.374
!MESSAGE 刷新资源时发生了问题
!SUBENTRY 1 org.eclipse.core.resources 4 1 2024-10-26 21:37:52.374
!MESSAGE 自动刷新本机代码 5 时发生了问题。
!SUBENTRY 1 org.eclipse.core.resources 4 1 2024-10-26 21:37:52.374
!MESSAGE 自动刷新本机代码 5 时发生了问题。

!ENTRY org.eclipse.core.resources 4 1 2024-10-26 21:37:53.388
!MESSAGE 刷新资源时发生了问题
!SUBENTRY 1 org.eclipse.core.resources 4 1 2024-10-26 21:37:53.388
!MESSAGE 自动刷新本机代码 5 时发生了问题。
!SUBENTRY 1 org.eclipse.core.resources 4 1 2024-10-26 21:37:53.388
!MESSAGE 自动刷新本机代码 5 时发生了问题。

!ENTRY org.eclipse.core.resources 4 1 2024-10-26 21:37:54.394
!MESSAGE 刷新资源时发生了问题
!SUBENTRY 1 org.eclipse.core.resources 4 1 2024-10-26 21:37:54.394
!MESSAGE 自动刷新本机代码 5 时发生了问题。
!SUBENTRY 1 org.eclipse.core.resources 4 1 2024-10-26 21:37:54.394
!MESSAGE 自动刷新本机代码 5 时发生了问题。

!ENTRY org.eclipse.core.resources 4 1 2024-10-26 21:37:55.396
!MESSAGE 刷新资源时发生了问题
!SUBENTRY 1 org.eclipse.core.resources 4 1 2024-10-26 21:37:55.396
!MESSAGE 自动刷新本机代码 5 时发生了问题。
!SUBENTRY 1 org.eclipse.core.resources 4 1 2024-10-26 21:37:55.396
!MESSAGE 自动刷新本机代码 5 时发生了问题。

!ENTRY org.eclipse.core.resources 4 1 2024-10-26 21:37:56.446
!MESSAGE 刷新资源时发生了问题
!SUBENTRY 1 org.eclipse.core.resources 4 1 2024-10-26 21:37:56.446
!MESSAGE 自动刷新本机代码 5 时发生了问题。
!SUBENTRY 1 org.eclipse.core.resources 4 1 2024-10-26 21:37:56.446
!MESSAGE 自动刷新本机代码 5 时发生了问题。

!ENTRY org.eclipse.core.resources 4 1 2024-10-26 21:37:57.447
!MESSAGE 刷新资源时发生了问题
!SUBENTRY 1 org.eclipse.core.resources 4 1 2024-10-26 21:37:57.447
!MESSAGE 自动刷新本机代码 5 时发生了问题。
!SUBENTRY 1 org.eclipse.core.resources 4 1 2024-10-26 21:37:57.447
!MESSAGE 自动刷新本机代码 5 时发生了问题。

!ENTRY org.eclipse.core.resources 4 1 2024-10-26 21:37:58.448
!MESSAGE 刷新资源时发生了问题
!SUBENTRY 1 org.eclipse.core.resources 4 1 2024-10-26 21:37:58.448
!MESSAGE 自动刷新本机代码 5 时发生了问题。
!SUBENTRY 1 org.eclipse.core.resources 4 1 2024-10-26 21:37:58.448
!MESSAGE 自动刷新本机代码 5 时发生了问题。

!ENTRY org.eclipse.core.resources 4 1 2024-10-26 21:37:59.499
!MESSAGE 刷新资源时发生了问题
!SUBENTRY 1 org.eclipse.core.resources 4 1 2024-10-26 21:37:59.499
!MESSAGE 自动刷新本机代码 5 时发生了问题。
!SUBENTRY 1 org.eclipse.core.resources 4 1 2024-10-26 21:37:59.499
!MESSAGE 自动刷新本机代码 5 时发生了问题。

!ENTRY org.eclipse.core.resources 4 1 2024-10-26 21:38:00.500
!MESSAGE 刷新资源时发生了问题
!SUBENTRY 1 org.eclipse.core.resources 4 1 2024-10-26 21:38:00.500
!MESSAGE 自动刷新本机代码 5 时发生了问题。
!SUBENTRY 1 org.eclipse.core.resources 4 1 2024-10-26 21:38:00.500
!MESSAGE 自动刷新本机代码 5 时发生了问题。

!ENTRY org.eclipse.core.resources 4 1 2024-10-26 21:38:01.501
!MESSAGE 刷新资源时发生了问题
!SUBENTRY 1 org.eclipse.core.resources 4 1 2024-10-26 21:38:01.501
!MESSAGE 自动刷新本机代码 5 时发生了问题。
!SUBENTRY 1 org.eclipse.core.resources 4 1 2024-10-26 21:38:01.501
!MESSAGE 自动刷新本机代码 5 时发生了问题。

!ENTRY org.eclipse.core.resources 4 1 2024-10-26 21:38:02.502
!MESSAGE 刷新资源时发生了问题
!SUBENTRY 1 org.eclipse.core.resources 4 1 2024-10-26 21:38:02.502
!MESSAGE 自动刷新本机代码 5 时发生了问题。
!SUBENTRY 1 org.eclipse.core.resources 4 1 2024-10-26 21:38:02.502
!MESSAGE 自动刷新本机代码 5 时发生了问题。

!ENTRY org.eclipse.core.resources 4 1 2024-10-26 21:38:03.503
!MESSAGE 刷新资源时发生了问题
!SUBENTRY 1 org.eclipse.core.resources 4 1 2024-10-26 21:38:03.503
!MESSAGE 自动刷新本机代码 5 时发生了问题。
!SUBENTRY 1 org.eclipse.core.resources 4 1 2024-10-26 21:38:03.503
!MESSAGE 自动刷新本机代码 5 时发生了问题。

!ENTRY org.eclipse.core.resources 4 1 2024-10-26 21:38:04.504
!MESSAGE 刷新资源时发生了问题
!SUBENTRY 1 org.eclipse.core.resources 4 1 2024-10-26 21:38:04.504
!MESSAGE 自动刷新本机代码 5 时发生了问题。
!SUBENTRY 1 org.eclipse.core.resources 4 1 2024-10-26 21:38:04.504
!MESSAGE 自动刷新本机代码 5 时发生了问题。

!ENTRY org.eclipse.core.resources 4 1 2024-10-26 21:38:05.505
!MESSAGE 刷新资源时发生了问题
!SUBENTRY 1 org.eclipse.core.resources 4 1 2024-10-26 21:38:05.505
!MESSAGE 自动刷新本机代码 5 时发生了问题。
!SUBENTRY 1 org.eclipse.core.resources 4 1 2024-10-26 21:38:05.505
!MESSAGE 自动刷新本机代码 5 时发生了问题。

!ENTRY org.eclipse.core.resources 4 1 2024-10-26 21:38:06.556
!MESSAGE 刷新资源时发生了问题
!SUBENTRY 1 org.eclipse.core.resources 4 1 2024-10-26 21:38:06.556
!MESSAGE 自动刷新本机代码 5 时发生了问题。
!SUBENTRY 1 org.eclipse.core.resources 4 1 2024-10-26 21:38:06.556
!MESSAGE 自动刷新本机代码 5 时发生了问题。

!ENTRY org.eclipse.core.resources 4 1 2024-10-26 21:38:07.557
!MESSAGE 刷新资源时发生了问题
!SUBENTRY 1 org.eclipse.core.resources 4 1 2024-10-26 21:38:07.557
!MESSAGE 自动刷新本机代码 5 时发生了问题。
!SUBENTRY 1 org.eclipse.core.resources 4 1 2024-10-26 21:38:07.557
!MESSAGE 自动刷新本机代码 5 时发生了问题。

!ENTRY org.eclipse.core.resources 4 1 2024-10-26 21:38:08.608
!MESSAGE 刷新资源时发生了问题
!SUBENTRY 1 org.eclipse.core.resources 4 1 2024-10-26 21:38:08.608
!MESSAGE 自动刷新本机代码 5 时发生了问题。
!SUBENTRY 1 org.eclipse.core.resources 4 1 2024-10-26 21:38:08.608
!MESSAGE 自动刷新本机代码 5 时发生了问题。

!ENTRY org.eclipse.core.resources 4 1 2024-10-26 21:38:09.609
!MESSAGE 刷新资源时发生了问题
!SUBENTRY 1 org.eclipse.core.resources 4 1 2024-10-26 21:38:09.609
!MESSAGE 自动刷新本机代码 5 时发生了问题。
!SUBENTRY 1 org.eclipse.core.resources 4 1 2024-10-26 21:38:09.609
!MESSAGE 自动刷新本机代码 5 时发生了问题。

!ENTRY org.eclipse.core.resources 4 1 2024-10-26 21:38:10.610
!MESSAGE 刷新资源时发生了问题
!SUBENTRY 1 org.eclipse.core.resources 4 1 2024-10-26 21:38:10.610
!MESSAGE 自动刷新本机代码 5 时发生了问题。
!SUBENTRY 1 org.eclipse.core.resources 4 1 2024-10-26 21:38:10.610
!MESSAGE 自动刷新本机代码 5 时发生了问题。

!ENTRY org.eclipse.core.resources 4 1 2024-10-26 21:38:11.660
!MESSAGE 刷新资源时发生了问题
!SUBENTRY 1 org.eclipse.core.resources 4 1 2024-10-26 21:38:11.660
!MESSAGE 自动刷新本机代码 5 时发生了问题。
!SUBENTRY 1 org.eclipse.core.resources 4 1 2024-10-26 21:38:11.660
!MESSAGE 自动刷新本机代码 5 时发生了问题。

!ENTRY org.eclipse.core.resources 4 1 2024-10-26 21:38:12.661
!MESSAGE 刷新资源时发生了问题
!SUBENTRY 1 org.eclipse.core.resources 4 1 2024-10-26 21:38:12.661
!MESSAGE 自动刷新本机代码 5 时发生了问题。
!SUBENTRY 1 org.eclipse.core.resources 4 1 2024-10-26 21:38:12.661
!MESSAGE 自动刷新本机代码 5 时发生了问题。

!ENTRY org.eclipse.core.resources 4 1 2024-10-26 21:38:13.712
!MESSAGE 刷新资源时发生了问题
!SUBENTRY 1 org.eclipse.core.resources 4 1 2024-10-26 21:38:13.712
!MESSAGE 自动刷新本机代码 5 时发生了问题。
!SUBENTRY 1 org.eclipse.core.resources 4 1 2024-10-26 21:38:13.712
!MESSAGE 自动刷新本机代码 5 时发生了问题。

!ENTRY org.eclipse.core.resources 4 1 2024-10-26 21:38:14.713
!MESSAGE 刷新资源时发生了问题
!SUBENTRY 1 org.eclipse.core.resources 4 1 2024-10-26 21:38:14.713
!MESSAGE 自动刷新本机代码 5 时发生了问题。
!SUBENTRY 1 org.eclipse.core.resources 4 1 2024-10-26 21:38:14.713
!MESSAGE 自动刷新本机代码 5 时发生了问题。

!ENTRY org.eclipse.core.resources 4 1 2024-10-26 21:38:15.767
!MESSAGE 刷新资源时发生了问题
!SUBENTRY 1 org.eclipse.core.resources 4 1 2024-10-26 21:38:15.767
!MESSAGE 自动刷新本机代码 5 时发生了问题。
!SUBENTRY 1 org.eclipse.core.resources 4 1 2024-10-26 21:38:15.767
!MESSAGE 自动刷新本机代码 5 时发生了问题。

!ENTRY org.eclipse.core.resources 4 1 2024-10-26 21:38:16.769
!MESSAGE 刷新资源时发生了问题
!SUBENTRY 1 org.eclipse.core.resources 4 1 2024-10-26 21:38:16.769
!MESSAGE 自动刷新本机代码 5 时发生了问题。
!SUBENTRY 1 org.eclipse.core.resources 4 1 2024-10-26 21:38:16.769
!MESSAGE 自动刷新本机代码 5 时发生了问题。

!ENTRY org.eclipse.core.resources 4 1 2024-10-26 21:38:17.819
!MESSAGE 刷新资源时发生了问题
!SUBENTRY 1 org.eclipse.core.resources 4 1 2024-10-26 21:38:17.819
!MESSAGE 自动刷新本机代码 5 时发生了问题。
!SUBENTRY 1 org.eclipse.core.resources 4 1 2024-10-26 21:38:17.819
!MESSAGE 自动刷新本机代码 5 时发生了问题。

!ENTRY org.eclipse.core.resources 4 1 2024-10-26 21:38:18.870
!MESSAGE 刷新资源时发生了问题
!SUBENTRY 1 org.eclipse.core.resources 4 1 2024-10-26 21:38:18.870
!MESSAGE 自动刷新本机代码 5 时发生了问题。
!SUBENTRY 1 org.eclipse.core.resources 4 1 2024-10-26 21:38:18.870
!MESSAGE 自动刷新本机代码 5 时发生了问题。

!ENTRY org.eclipse.core.resources 4 1 2024-10-26 21:38:19.920
!MESSAGE 刷新资源时发生了问题
!SUBENTRY 1 org.eclipse.core.resources 4 1 2024-10-26 21:38:19.920
!MESSAGE 自动刷新本机代码 5 时发生了问题。
!SUBENTRY 1 org.eclipse.core.resources 4 1 2024-10-26 21:38:19.920
!MESSAGE 自动刷新本机代码 5 时发生了问题。

!ENTRY org.eclipse.core.resources 4 1 2024-10-26 21:38:20.971
!MESSAGE 刷新资源时发生了问题
!SUBENTRY 1 org.eclipse.core.resources 4 1 2024-10-26 21:38:20.971
!MESSAGE 自动刷新本机代码 5 时发生了问题。
!SUBENTRY 1 org.eclipse.core.resources 4 1 2024-10-26 21:38:20.971
!MESSAGE 自动刷新本机代码 5 时发生了问题。

!ENTRY org.eclipse.core.resources 4 1 2024-10-26 21:38:21.972
!MESSAGE 刷新资源时发生了问题
!SUBENTRY 1 org.eclipse.core.resources 4 1 2024-10-26 21:38:21.972
!MESSAGE 自动刷新本机代码 5 时发生了问题。
!SUBENTRY 1 org.eclipse.core.resources 4 1 2024-10-26 21:38:21.972
!MESSAGE 自动刷新本机代码 5 时发生了问题。

!ENTRY org.eclipse.core.resources 4 1 2024-10-26 21:38:22.990
!MESSAGE 刷新资源时发生了问题
!SUBENTRY 1 org.eclipse.core.resources 4 1 2024-10-26 21:38:22.990
!MESSAGE 自动刷新本机代码 5 时发生了问题。
!SUBENTRY 1 org.eclipse.core.resources 4 1 2024-10-26 21:38:22.990
!MESSAGE 自动刷新本机代码 5 时发生了问题。

!ENTRY org.eclipse.core.resources 4 1 2024-10-26 21:38:23.991
!MESSAGE 刷新资源时发生了问题
!SUBENTRY 1 org.eclipse.core.resources 4 1 2024-10-26 21:38:23.991
!MESSAGE 自动刷新本机代码 5 时发生了问题。
!SUBENTRY 1 org.eclipse.core.resources 4 1 2024-10-26 21:38:23.991
!MESSAGE 自动刷新本机代码 5 时发生了问题。

!ENTRY org.eclipse.core.resources 4 1 2024-10-26 21:38:25.042
!MESSAGE 刷新资源时发生了问题
!SUBENTRY 1 org.eclipse.core.resources 4 1 2024-10-26 21:38:25.042
!MESSAGE 自动刷新本机代码 5 时发生了问题。
!SUBENTRY 1 org.eclipse.core.resources 4 1 2024-10-26 21:38:25.042
!MESSAGE 自动刷新本机代码 5 时发生了问题。

!ENTRY org.eclipse.core.resources 4 1 2024-10-26 21:38:26.092
!MESSAGE 刷新资源时发生了问题
!SUBENTRY 1 org.eclipse.core.resources 4 1 2024-10-26 21:38:26.092
!MESSAGE 自动刷新本机代码 5 时发生了问题。
!SUBENTRY 1 org.eclipse.core.resources 4 1 2024-10-26 21:38:26.092
!MESSAGE 自动刷新本机代码 5 时发生了问题。

!ENTRY org.eclipse.core.resources 4 1 2024-10-26 21:38:27.143
!MESSAGE 刷新资源时发生了问题
!SUBENTRY 1 org.eclipse.core.resources 4 1 2024-10-26 21:38:27.143
!MESSAGE 自动刷新本机代码 5 时发生了问题。
!SUBENTRY 1 org.eclipse.core.resources 4 1 2024-10-26 21:38:27.143
!MESSAGE 自动刷新本机代码 5 时发生了问题。

!ENTRY org.eclipse.core.resources 4 1 2024-10-26 21:38:28.144
!MESSAGE 刷新资源时发生了问题
!SUBENTRY 1 org.eclipse.core.resources 4 1 2024-10-26 21:38:28.144
!MESSAGE 自动刷新本机代码 5 时发生了问题。
!SUBENTRY 1 org.eclipse.core.resources 4 1 2024-10-26 21:38:28.144
!MESSAGE 自动刷新本机代码 5 时发生了问题。

!ENTRY org.eclipse.core.resources 4 1 2024-10-26 21:38:29.195
!MESSAGE 刷新资源时发生了问题
!SUBENTRY 1 org.eclipse.core.resources 4 1 2024-10-26 21:38:29.195
!MESSAGE 自动刷新本机代码 5 时发生了问题。
!SUBENTRY 1 org.eclipse.core.resources 4 1 2024-10-26 21:38:29.195
!MESSAGE 自动刷新本机代码 5 时发生了问题。

!ENTRY org.eclipse.core.resources 4 1 2024-10-26 21:38:30.196
!MESSAGE 刷新资源时发生了问题
!SUBENTRY 1 org.eclipse.core.resources 4 1 2024-10-26 21:38:30.196
!MESSAGE 自动刷新本机代码 5 时发生了问题。
!SUBENTRY 1 org.eclipse.core.resources 4 1 2024-10-26 21:38:30.196
!MESSAGE 自动刷新本机代码 5 时发生了问题。

!ENTRY org.eclipse.core.resources 4 1 2024-10-26 21:38:31.247
!MESSAGE 刷新资源时发生了问题
!SUBENTRY 1 org.eclipse.core.resources 4 1 2024-10-26 21:38:31.247
!MESSAGE 自动刷新本机代码 5 时发生了问题。
!SUBENTRY 1 org.eclipse.core.resources 4 1 2024-10-26 21:38:31.247
!MESSAGE 自动刷新本机代码 5 时发生了问题。

!ENTRY org.eclipse.core.resources 4 1 2024-10-26 21:38:32.298
!MESSAGE 刷新资源时发生了问题
!SUBENTRY 1 org.eclipse.core.resources 4 1 2024-10-26 21:38:32.298
!MESSAGE 自动刷新本机代码 5 时发生了问题。
!SUBENTRY 1 org.eclipse.core.resources 4 1 2024-10-26 21:38:32.298
!MESSAGE 自动刷新本机代码 5 时发生了问题。

!ENTRY org.eclipse.core.resources 4 1 2024-10-26 21:38:33.349
!MESSAGE 刷新资源时发生了问题
!SUBENTRY 1 org.eclipse.core.resources 4 1 2024-10-26 21:38:33.349
!MESSAGE 自动刷新本机代码 5 时发生了问题。
!SUBENTRY 1 org.eclipse.core.resources 4 1 2024-10-26 21:38:33.349
!MESSAGE 自动刷新本机代码 5 时发生了问题。

!ENTRY org.eclipse.core.resources 4 1 2024-10-26 21:38:34.351
!MESSAGE 刷新资源时发生了问题
!SUBENTRY 1 org.eclipse.core.resources 4 1 2024-10-26 21:38:34.351
!MESSAGE 自动刷新本机代码 5 时发生了问题。
!SUBENTRY 1 org.eclipse.core.resources 4 1 2024-10-26 21:38:34.351
!MESSAGE 自动刷新本机代码 5 时发生了问题。

!ENTRY org.eclipse.core.resources 4 1 2024-10-26 21:38:35.402
!MESSAGE 刷新资源时发生了问题
!SUBENTRY 1 org.eclipse.core.resources 4 1 2024-10-26 21:38:35.402
!MESSAGE 自动刷新本机代码 5 时发生了问题。
!SUBENTRY 1 org.eclipse.core.resources 4 1 2024-10-26 21:38:35.402
!MESSAGE 自动刷新本机代码 5 时发生了问题。

!ENTRY org.eclipse.core.resources 4 1 2024-10-26 21:38:36.452
!MESSAGE 刷新资源时发生了问题
!SUBENTRY 1 org.eclipse.core.resources 4 1 2024-10-26 21:38:36.452
!MESSAGE 自动刷新本机代码 5 时发生了问题。
!SUBENTRY 1 org.eclipse.core.resources 4 1 2024-10-26 21:38:36.452
!MESSAGE 自动刷新本机代码 5 时发生了问题。

!ENTRY org.eclipse.core.resources 4 1 2024-10-26 21:38:37.453
!MESSAGE 刷新资源时发生了问题
!SUBENTRY 1 org.eclipse.core.resources 4 1 2024-10-26 21:38:37.453
!MESSAGE 自动刷新本机代码 5 时发生了问题。
!SUBENTRY 1 org.eclipse.core.resources 4 1 2024-10-26 21:38:37.453
!MESSAGE 自动刷新本机代码 5 时发生了问题。

!ENTRY org.eclipse.core.resources 4 1 2024-10-26 21:38:38.505
!MESSAGE 刷新资源时发生了问题
!SUBENTRY 1 org.eclipse.core.resources 4 1 2024-10-26 21:38:38.505
!MESSAGE 自动刷新本机代码 5 时发生了问题。
!SUBENTRY 1 org.eclipse.core.resources 4 1 2024-10-26 21:38:38.505
!MESSAGE 自动刷新本机代码 5 时发生了问题。

!ENTRY org.eclipse.core.resources 4 1 2024-10-26 21:38:39.556
!MESSAGE 刷新资源时发生了问题
!SUBENTRY 1 org.eclipse.core.resources 4 1 2024-10-26 21:38:39.556
!MESSAGE 自动刷新本机代码 5 时发生了问题。
!SUBENTRY 1 org.eclipse.core.resources 4 1 2024-10-26 21:38:39.556
!MESSAGE 自动刷新本机代码 5 时发生了问题。

!ENTRY org.eclipse.core.resources 4 1 2024-10-26 21:38:40.607
!MESSAGE 刷新资源时发生了问题
!SUBENTRY 1 org.eclipse.core.resources 4 1 2024-10-26 21:38:40.607
!MESSAGE 自动刷新本机代码 5 时发生了问题。
!SUBENTRY 1 org.eclipse.core.resources 4 1 2024-10-26 21:38:40.607
!MESSAGE 自动刷新本机代码 5 时发生了问题。

!ENTRY org.eclipse.core.resources 4 1 2024-10-26 21:38:41.609
!MESSAGE 刷新资源时发生了问题
!SUBENTRY 1 org.eclipse.core.resources 4 1 2024-10-26 21:38:41.609
!MESSAGE 自动刷新本机代码 5 时发生了问题。
!SUBENTRY 1 org.eclipse.core.resources 4 1 2024-10-26 21:38:41.609
!MESSAGE 自动刷新本机代码 5 时发生了问题。

!ENTRY org.eclipse.core.resources 4 1 2024-10-26 21:38:42.610
!MESSAGE 刷新资源时发生了问题
!SUBENTRY 1 org.eclipse.core.resources 4 1 2024-10-26 21:38:42.610
!MESSAGE 自动刷新本机代码 5 时发生了问题。
!SUBENTRY 1 org.eclipse.core.resources 4 1 2024-10-26 21:38:42.610
!MESSAGE 自动刷新本机代码 5 时发生了问题。

!ENTRY org.eclipse.core.resources 4 1 2024-10-26 21:38:43.611
!MESSAGE 刷新资源时发生了问题
!SUBENTRY 1 org.eclipse.core.resources 4 1 2024-10-26 21:38:43.611
!MESSAGE 自动刷新本机代码 5 时发生了问题。
!SUBENTRY 1 org.eclipse.core.resources 4 1 2024-10-26 21:38:43.611
!MESSAGE 自动刷新本机代码 5 时发生了问题。

!ENTRY org.eclipse.core.resources 4 1 2024-10-26 21:38:44.612
!MESSAGE 刷新资源时发生了问题
!SUBENTRY 1 org.eclipse.core.resources 4 1 2024-10-26 21:38:44.612
!MESSAGE 自动刷新本机代码 5 时发生了问题。
!SUBENTRY 1 org.eclipse.core.resources 4 1 2024-10-26 21:38:44.612
!MESSAGE 自动刷新本机代码 5 时发生了问题。

!ENTRY org.eclipse.core.resources 4 1 2024-10-26 21:38:45.613
!MESSAGE 刷新资源时发生了问题
!SUBENTRY 1 org.eclipse.core.resources 4 1 2024-10-26 21:38:45.613
!MESSAGE 自动刷新本机代码 5 时发生了问题。
!SUBENTRY 1 org.eclipse.core.resources 4 1 2024-10-26 21:38:45.613
!MESSAGE 自动刷新本机代码 5 时发生了问题。

!ENTRY org.eclipse.core.resources 4 1 2024-10-26 21:38:46.614
!MESSAGE 刷新资源时发生了问题
!SUBENTRY 1 org.eclipse.core.resources 4 1 2024-10-26 21:38:46.614
!MESSAGE 自动刷新本机代码 5 时发生了问题。
!SUBENTRY 1 org.eclipse.core.resources 4 1 2024-10-26 21:38:46.614
!MESSAGE 自动刷新本机代码 5 时发生了问题。

!ENTRY org.eclipse.core.resources 4 1 2024-10-26 21:38:47.648
!MESSAGE 刷新资源时发生了问题
!SUBENTRY 1 org.eclipse.core.resources 4 1 2024-10-26 21:38:47.648
!MESSAGE 自动刷新本机代码 5 时发生了问题。
!SUBENTRY 1 org.eclipse.core.resources 4 1 2024-10-26 21:38:47.648
!MESSAGE 自动刷新本机代码 5 时发生了问题。

!ENTRY org.eclipse.core.resources 4 1 2024-10-26 21:38:48.649
!MESSAGE 刷新资源时发生了问题
!SUBENTRY 1 org.eclipse.core.resources 4 1 2024-10-26 21:38:48.649
!MESSAGE 自动刷新本机代码 5 时发生了问题。
!SUBENTRY 1 org.eclipse.core.resources 4 1 2024-10-26 21:38:48.649
!MESSAGE 自动刷新本机代码 5 时发生了问题。

!ENTRY org.eclipse.core.resources 4 1 2024-10-26 21:38:49.651
!MESSAGE 刷新资源时发生了问题
!SUBENTRY 1 org.eclipse.core.resources 4 1 2024-10-26 21:38:49.651
!MESSAGE 自动刷新本机代码 5 时发生了问题。
!SUBENTRY 1 org.eclipse.core.resources 4 1 2024-10-26 21:38:49.651
!MESSAGE 自动刷新本机代码 5 时发生了问题。

!ENTRY org.eclipse.core.resources 4 1 2024-10-26 21:38:50.652
!MESSAGE 刷新资源时发生了问题
!SUBENTRY 1 org.eclipse.core.resources 4 1 2024-10-26 21:38:50.652
!MESSAGE 自动刷新本机代码 5 时发生了问题。
!SUBENTRY 1 org.eclipse.core.resources 4 1 2024-10-26 21:38:50.652
!MESSAGE 自动刷新本机代码 5 时发生了问题。

!ENTRY org.eclipse.core.resources 4 1 2024-10-26 21:38:51.703
!MESSAGE 刷新资源时发生了问题
!SUBENTRY 1 org.eclipse.core.resources 4 1 2024-10-26 21:38:51.703
!MESSAGE 自动刷新本机代码 5 时发生了问题。
!SUBENTRY 1 org.eclipse.core.resources 4 1 2024-10-26 21:38:51.703
!MESSAGE 自动刷新本机代码 5 时发生了问题。

!ENTRY org.eclipse.core.resources 4 1 2024-10-26 21:38:52.753
!MESSAGE 刷新资源时发生了问题
!SUBENTRY 1 org.eclipse.core.resources 4 1 2024-10-26 21:38:52.753
!MESSAGE 自动刷新本机代码 5 时发生了问题。
!SUBENTRY 1 org.eclipse.core.resources 4 1 2024-10-26 21:38:52.753
!MESSAGE 自动刷新本机代码 5 时发生了问题。

!ENTRY org.eclipse.core.resources 4 1 2024-10-26 21:38:53.755
!MESSAGE 刷新资源时发生了问题
!SUBENTRY 1 org.eclipse.core.resources 4 1 2024-10-26 21:38:53.755
!MESSAGE 自动刷新本机代码 5 时发生了问题。
!SUBENTRY 1 org.eclipse.core.resources 4 1 2024-10-26 21:38:53.755
!MESSAGE 自动刷新本机代码 5 时发生了问题。

!ENTRY org.eclipse.core.resources 4 1 2024-10-26 21:38:54.806
!MESSAGE 刷新资源时发生了问题
!SUBENTRY 1 org.eclipse.core.resources 4 1 2024-10-26 21:38:54.806
!MESSAGE 自动刷新本机代码 5 时发生了问题。
!SUBENTRY 1 org.eclipse.core.resources 4 1 2024-10-26 21:38:54.806
!MESSAGE 自动刷新本机代码 5 时发生了问题。

!ENTRY org.eclipse.core.resources 4 1 2024-10-26 21:38:55.838
!MESSAGE 刷新资源时发生了问题
!SUBENTRY 1 org.eclipse.core.resources 4 1 2024-10-26 21:38:55.838
!MESSAGE 自动刷新本机代码 5 时发生了问题。
!SUBENTRY 1 org.eclipse.core.resources 4 1 2024-10-26 21:38:55.838
!MESSAGE 自动刷新本机代码 5 时发生了问题。

!ENTRY org.eclipse.core.resources 4 1 2024-10-26 21:38:56.839
!MESSAGE 刷新资源时发生了问题
!SUBENTRY 1 org.eclipse.core.resources 4 1 2024-10-26 21:38:56.839
!MESSAGE 自动刷新本机代码 5 时发生了问题。
!SUBENTRY 1 org.eclipse.core.resources 4 1 2024-10-26 21:38:56.839
!MESSAGE 自动刷新本机代码 5 时发生了问题。

!ENTRY org.eclipse.core.resources 4 1 2024-10-26 21:38:57.840
!MESSAGE 刷新资源时发生了问题
!SUBENTRY 1 org.eclipse.core.resources 4 1 2024-10-26 21:38:57.840
!MESSAGE 自动刷新本机代码 5 时发生了问题。
!SUBENTRY 1 org.eclipse.core.resources 4 1 2024-10-26 21:38:57.840
!MESSAGE 自动刷新本机代码 5 时发生了问题。

!ENTRY org.eclipse.core.resources 4 1 2024-10-26 21:38:58.842
!MESSAGE 刷新资源时发生了问题
!SUBENTRY 1 org.eclipse.core.resources 4 1 2024-10-26 21:38:58.842
!MESSAGE 自动刷新本机代码 5 时发生了问题。
!SUBENTRY 1 org.eclipse.core.resources 4 1 2024-10-26 21:38:58.842
!MESSAGE 自动刷新本机代码 5 时发生了问题。

!ENTRY org.eclipse.core.resources 4 1 2024-10-26 21:38:59.892
!MESSAGE 刷新资源时发生了问题
!SUBENTRY 1 org.eclipse.core.resources 4 1 2024-10-26 21:38:59.892
!MESSAGE 自动刷新本机代码 5 时发生了问题。
!SUBENTRY 1 org.eclipse.core.resources 4 1 2024-10-26 21:38:59.892
!MESSAGE 自动刷新本机代码 5 时发生了问题。

!ENTRY org.eclipse.core.resources 4 1 2024-10-26 21:39:00.893
!MESSAGE 刷新资源时发生了问题
!SUBENTRY 1 org.eclipse.core.resources 4 1 2024-10-26 21:39:00.893
!MESSAGE 自动刷新本机代码 5 时发生了问题。
!SUBENTRY 1 org.eclipse.core.resources 4 1 2024-10-26 21:39:00.893
!MESSAGE 自动刷新本机代码 5 时发生了问题。

!ENTRY org.eclipse.core.resources 4 1 2024-10-26 21:39:01.943
!MESSAGE 刷新资源时发生了问题
!SUBENTRY 1 org.eclipse.core.resources 4 1 2024-10-26 21:39:01.943
!MESSAGE 自动刷新本机代码 5 时发生了问题。
!SUBENTRY 1 org.eclipse.core.resources 4 1 2024-10-26 21:39:01.943
!MESSAGE 自动刷新本机代码 5 时发生了问题。

!ENTRY org.eclipse.core.resources 4 1 2024-10-26 21:39:02.944
!MESSAGE 刷新资源时发生了问题
!SUBENTRY 1 org.eclipse.core.resources 4 1 2024-10-26 21:39:02.944
!MESSAGE 自动刷新本机代码 5 时发生了问题。
!SUBENTRY 1 org.eclipse.core.resources 4 1 2024-10-26 21:39:02.945
!MESSAGE 自动刷新本机代码 5 时发生了问题。

!ENTRY org.eclipse.core.resources 4 1 2024-10-26 21:39:03.958
!MESSAGE 刷新资源时发生了问题
!SUBENTRY 1 org.eclipse.core.resources 4 1 2024-10-26 21:39:03.958
!MESSAGE 自动刷新本机代码 5 时发生了问题。
!SUBENTRY 1 org.eclipse.core.resources 4 1 2024-10-26 21:39:03.958
!MESSAGE 自动刷新本机代码 5 时发生了问题。

!ENTRY org.eclipse.core.resources 4 1 2024-10-26 21:39:05.008
!MESSAGE 刷新资源时发生了问题
!SUBENTRY 1 org.eclipse.core.resources 4 1 2024-10-26 21:39:05.008
!MESSAGE 自动刷新本机代码 5 时发生了问题。
!SUBENTRY 1 org.eclipse.core.resources 4 1 2024-10-26 21:39:05.008
!MESSAGE 自动刷新本机代码 5 时发生了问题。

!ENTRY org.eclipse.core.resources 4 1 2024-10-26 21:39:06.010
!MESSAGE 刷新资源时发生了问题
!SUBENTRY 1 org.eclipse.core.resources 4 1 2024-10-26 21:39:06.010
!MESSAGE 自动刷新本机代码 5 时发生了问题。
!SUBENTRY 1 org.eclipse.core.resources 4 1 2024-10-26 21:39:06.010
!MESSAGE 自动刷新本机代码 5 时发生了问题。

!ENTRY org.eclipse.core.resources 4 1 2024-10-26 21:39:07.011
!MESSAGE 刷新资源时发生了问题
!SUBENTRY 1 org.eclipse.core.resources 4 1 2024-10-26 21:39:07.011
!MESSAGE 自动刷新本机代码 5 时发生了问题。
!SUBENTRY 1 org.eclipse.core.resources 4 1 2024-10-26 21:39:07.011
!MESSAGE 自动刷新本机代码 5 时发生了问题。

!ENTRY org.eclipse.core.resources 4 1 2024-10-26 21:39:08.019
!MESSAGE 刷新资源时发生了问题
!SUBENTRY 1 org.eclipse.core.resources 4 1 2024-10-26 21:39:08.019
!MESSAGE 自动刷新本机代码 5 时发生了问题。
!SUBENTRY 1 org.eclipse.core.resources 4 1 2024-10-26 21:39:08.019
!MESSAGE 自动刷新本机代码 5 时发生了问题。

!ENTRY org.eclipse.core.resources 4 1 2024-10-26 21:39:09.022
!MESSAGE 刷新资源时发生了问题
!SUBENTRY 1 org.eclipse.core.resources 4 1 2024-10-26 21:39:09.022
!MESSAGE 自动刷新本机代码 5 时发生了问题。
!SUBENTRY 1 org.eclipse.core.resources 4 1 2024-10-26 21:39:09.022
!MESSAGE 自动刷新本机代码 5 时发生了问题。

!ENTRY org.eclipse.core.resources 4 1 2024-10-26 21:39:10.023
!MESSAGE 刷新资源时发生了问题
!SUBENTRY 1 org.eclipse.core.resources 4 1 2024-10-26 21:39:10.023
!MESSAGE 自动刷新本机代码 5 时发生了问题。
!SUBENTRY 1 org.eclipse.core.resources 4 1 2024-10-26 21:39:10.023
!MESSAGE 自动刷新本机代码 5 时发生了问题。

!ENTRY org.eclipse.core.resources 4 1 2024-10-26 21:39:11.074
!MESSAGE 刷新资源时发生了问题
!SUBENTRY 1 org.eclipse.core.resources 4 1 2024-10-26 21:39:11.074
!MESSAGE 自动刷新本机代码 5 时发生了问题。
!SUBENTRY 1 org.eclipse.core.resources 4 1 2024-10-26 21:39:11.074
!MESSAGE 自动刷新本机代码 5 时发生了问题。

!ENTRY org.eclipse.core.resources 4 1 2024-10-26 21:39:12.075
!MESSAGE 刷新资源时发生了问题
!SUBENTRY 1 org.eclipse.core.resources 4 1 2024-10-26 21:39:12.075
!MESSAGE 自动刷新本机代码 5 时发生了问题。
!SUBENTRY 1 org.eclipse.core.resources 4 1 2024-10-26 21:39:12.075
!MESSAGE 自动刷新本机代码 5 时发生了问题。

!ENTRY org.eclipse.core.resources 4 1 2024-10-26 21:39:13.127
!MESSAGE 刷新资源时发生了问题
!SUBENTRY 1 org.eclipse.core.resources 4 1 2024-10-26 21:39:13.127
!MESSAGE 自动刷新本机代码 5 时发生了问题。
!SUBENTRY 1 org.eclipse.core.resources 4 1 2024-10-26 21:39:13.127
!MESSAGE 自动刷新本机代码 5 时发生了问题。

!ENTRY org.eclipse.core.resources 4 1 2024-10-26 21:39:14.128
!MESSAGE 刷新资源时发生了问题
!SUBENTRY 1 org.eclipse.core.resources 4 1 2024-10-26 21:39:14.128
!MESSAGE 自动刷新本机代码 5 时发生了问题。
!SUBENTRY 1 org.eclipse.core.resources 4 1 2024-10-26 21:39:14.128
!MESSAGE 自动刷新本机代码 5 时发生了问题。

!ENTRY org.eclipse.core.resources 4 1 2024-10-26 21:39:15.130
!MESSAGE 刷新资源时发生了问题
!SUBENTRY 1 org.eclipse.core.resources 4 1 2024-10-26 21:39:15.130
!MESSAGE 自动刷新本机代码 5 时发生了问题。
!SUBENTRY 1 org.eclipse.core.resources 4 1 2024-10-26 21:39:15.130
!MESSAGE 自动刷新本机代码 5 时发生了问题。

!ENTRY org.eclipse.core.resources 4 1 2024-10-26 21:39:16.131
!MESSAGE 刷新资源时发生了问题
!SUBENTRY 1 org.eclipse.core.resources 4 1 2024-10-26 21:39:16.131
!MESSAGE 自动刷新本机代码 5 时发生了问题。
!SUBENTRY 1 org.eclipse.core.resources 4 1 2024-10-26 21:39:16.131
!MESSAGE 自动刷新本机代码 5 时发生了问题。

!ENTRY org.eclipse.core.resources 4 1 2024-10-26 21:39:17.182
!MESSAGE 刷新资源时发生了问题
!SUBENTRY 1 org.eclipse.core.resources 4 1 2024-10-26 21:39:17.182
!MESSAGE 自动刷新本机代码 5 时发生了问题。
!SUBENTRY 1 org.eclipse.core.resources 4 1 2024-10-26 21:39:17.182
!MESSAGE 自动刷新本机代码 5 时发生了问题。

!ENTRY org.eclipse.core.resources 4 1 2024-10-26 21:39:18.233
!MESSAGE 刷新资源时发生了问题
!SUBENTRY 1 org.eclipse.core.resources 4 1 2024-10-26 21:39:18.233
!MESSAGE 自动刷新本机代码 5 时发生了问题。
!SUBENTRY 1 org.eclipse.core.resources 4 1 2024-10-26 21:39:18.233
!MESSAGE 自动刷新本机代码 5 时发生了问题。

!ENTRY org.eclipse.core.resources 4 1 2024-10-26 21:39:19.285
!MESSAGE 刷新资源时发生了问题
!SUBENTRY 1 org.eclipse.core.resources 4 1 2024-10-26 21:39:19.285
!MESSAGE 自动刷新本机代码 5 时发生了问题。
!SUBENTRY 1 org.eclipse.core.resources 4 1 2024-10-26 21:39:19.285
!MESSAGE 自动刷新本机代码 5 时发生了问题。

!ENTRY org.eclipse.core.resources 4 1 2024-10-26 21:39:20.336
!MESSAGE 刷新资源时发生了问题
!SUBENTRY 1 org.eclipse.core.resources 4 1 2024-10-26 21:39:20.336
!MESSAGE 自动刷新本机代码 5 时发生了问题。
!SUBENTRY 1 org.eclipse.core.resources 4 1 2024-10-26 21:39:20.336
!MESSAGE 自动刷新本机代码 5 时发生了问题。

!ENTRY org.eclipse.core.resources 4 1 2024-10-26 21:39:21.337
!MESSAGE 刷新资源时发生了问题
!SUBENTRY 1 org.eclipse.core.resources 4 1 2024-10-26 21:39:21.337
!MESSAGE 自动刷新本机代码 5 时发生了问题。
!SUBENTRY 1 org.eclipse.core.resources 4 1 2024-10-26 21:39:21.337
!MESSAGE 自动刷新本机代码 5 时发生了问题。

!ENTRY org.eclipse.core.resources 4 1 2024-10-26 21:39:22.340
!MESSAGE 刷新资源时发生了问题
!SUBENTRY 1 org.eclipse.core.resources 4 1 2024-10-26 21:39:22.340
!MESSAGE 自动刷新本机代码 5 时发生了问题。
!SUBENTRY 1 org.eclipse.core.resources 4 1 2024-10-26 21:39:22.340
!MESSAGE 自动刷新本机代码 5 时发生了问题。

!ENTRY org.eclipse.core.resources 4 1 2024-10-26 21:39:23.341
!MESSAGE 刷新资源时发生了问题
!SUBENTRY 1 org.eclipse.core.resources 4 1 2024-10-26 21:39:23.341
!MESSAGE 自动刷新本机代码 5 时发生了问题。
!SUBENTRY 1 org.eclipse.core.resources 4 1 2024-10-26 21:39:23.341
!MESSAGE 自动刷新本机代码 5 时发生了问题。

!ENTRY org.eclipse.core.resources 4 1 2024-10-26 21:39:24.342
!MESSAGE 刷新资源时发生了问题
!SUBENTRY 1 org.eclipse.core.resources 4 1 2024-10-26 21:39:24.342
!MESSAGE 自动刷新本机代码 5 时发生了问题。
!SUBENTRY 1 org.eclipse.core.resources 4 1 2024-10-26 21:39:24.342
!MESSAGE 自动刷新本机代码 5 时发生了问题。

!ENTRY org.eclipse.core.resources 4 1 2024-10-26 21:39:25.393
!MESSAGE 刷新资源时发生了问题
!SUBENTRY 1 org.eclipse.core.resources 4 1 2024-10-26 21:39:25.393
!MESSAGE 自动刷新本机代码 5 时发生了问题。
!SUBENTRY 1 org.eclipse.core.resources 4 1 2024-10-26 21:39:25.393
!MESSAGE 自动刷新本机代码 5 时发生了问题。

!ENTRY org.eclipse.core.resources 4 1 2024-10-26 21:39:26.443
!MESSAGE 刷新资源时发生了问题
!SUBENTRY 1 org.eclipse.core.resources 4 1 2024-10-26 21:39:26.443
!MESSAGE 自动刷新本机代码 5 时发生了问题。
!SUBENTRY 1 org.eclipse.core.resources 4 1 2024-10-26 21:39:26.443
!MESSAGE 自动刷新本机代码 5 时发生了问题。

!ENTRY org.eclipse.core.resources 4 1 2024-10-26 21:39:27.444
!MESSAGE 刷新资源时发生了问题
!SUBENTRY 1 org.eclipse.core.resources 4 1 2024-10-26 21:39:27.444
!MESSAGE 自动刷新本机代码 5 时发生了问题。
!SUBENTRY 1 org.eclipse.core.resources 4 1 2024-10-26 21:39:27.444
!MESSAGE 自动刷新本机代码 5 时发生了问题。

!ENTRY org.eclipse.core.resources 4 1 2024-10-26 21:39:28.445
!MESSAGE 刷新资源时发生了问题
!SUBENTRY 1 org.eclipse.core.resources 4 1 2024-10-26 21:39:28.445
!MESSAGE 自动刷新本机代码 5 时发生了问题。
!SUBENTRY 1 org.eclipse.core.resources 4 1 2024-10-26 21:39:28.445
!MESSAGE 自动刷新本机代码 5 时发生了问题。

!ENTRY org.eclipse.core.resources 4 1 2024-10-26 21:39:29.495
!MESSAGE 刷新资源时发生了问题
!SUBENTRY 1 org.eclipse.core.resources 4 1 2024-10-26 21:39:29.495
!MESSAGE 自动刷新本机代码 5 时发生了问题。
!SUBENTRY 1 org.eclipse.core.resources 4 1 2024-10-26 21:39:29.495
!MESSAGE 自动刷新本机代码 5 时发生了问题。

!ENTRY org.eclipse.core.resources 4 1 2024-10-26 21:39:30.509
!MESSAGE 刷新资源时发生了问题
!SUBENTRY 1 org.eclipse.core.resources 4 1 2024-10-26 21:39:30.509
!MESSAGE 自动刷新本机代码 5 时发生了问题。
!SUBENTRY 1 org.eclipse.core.resources 4 1 2024-10-26 21:39:30.509
!MESSAGE 自动刷新本机代码 5 时发生了问题。

!ENTRY org.eclipse.core.resources 4 1 2024-10-26 21:39:31.510
!MESSAGE 刷新资源时发生了问题
!SUBENTRY 1 org.eclipse.core.resources 4 1 2024-10-26 21:39:31.510
!MESSAGE 自动刷新本机代码 5 时发生了问题。
!SUBENTRY 1 org.eclipse.core.resources 4 1 2024-10-26 21:39:31.510
!MESSAGE 自动刷新本机代码 5 时发生了问题。

!ENTRY org.eclipse.core.resources 4 1 2024-10-26 21:39:32.561
!MESSAGE 刷新资源时发生了问题
!SUBENTRY 1 org.eclipse.core.resources 4 1 2024-10-26 21:39:32.561
!MESSAGE 自动刷新本机代码 5 时发生了问题。
!SUBENTRY 1 org.eclipse.core.resources 4 1 2024-10-26 21:39:32.561
!MESSAGE 自动刷新本机代码 5 时发生了问题。

!ENTRY org.eclipse.core.resources 4 1 2024-10-26 21:39:33.613
!MESSAGE 刷新资源时发生了问题
!SUBENTRY 1 org.eclipse.core.resources 4 1 2024-10-26 21:39:33.613
!MESSAGE 自动刷新本机代码 5 时发生了问题。
!SUBENTRY 1 org.eclipse.core.resources 4 1 2024-10-26 21:39:33.613
!MESSAGE 自动刷新本机代码 5 时发生了问题。

!ENTRY org.eclipse.core.resources 4 1 2024-10-26 21:39:34.614
!MESSAGE 刷新资源时发生了问题
!SUBENTRY 1 org.eclipse.core.resources 4 1 2024-10-26 21:39:34.614
!MESSAGE 自动刷新本机代码 5 时发生了问题。
!SUBENTRY 1 org.eclipse.core.resources 4 1 2024-10-26 21:39:34.614
!MESSAGE 自动刷新本机代码 5 时发生了问题。

!ENTRY org.eclipse.core.resources 4 1 2024-10-26 21:39:35.615
!MESSAGE 刷新资源时发生了问题
!SUBENTRY 1 org.eclipse.core.resources 4 1 2024-10-26 21:39:35.615
!MESSAGE 自动刷新本机代码 5 时发生了问题。
!SUBENTRY 1 org.eclipse.core.resources 4 1 2024-10-26 21:39:35.615
!MESSAGE 自动刷新本机代码 5 时发生了问题。

!ENTRY org.eclipse.core.resources 4 1 2024-10-26 21:39:36.665
!MESSAGE 刷新资源时发生了问题
!SUBENTRY 1 org.eclipse.core.resources 4 1 2024-10-26 21:39:36.665
!MESSAGE 自动刷新本机代码 5 时发生了问题。
!SUBENTRY 1 org.eclipse.core.resources 4 1 2024-10-26 21:39:36.665
!MESSAGE 自动刷新本机代码 5 时发生了问题。

!ENTRY org.eclipse.core.resources 4 1 2024-10-26 21:39:37.666
!MESSAGE 刷新资源时发生了问题
!SUBENTRY 1 org.eclipse.core.resources 4 1 2024-10-26 21:39:37.666
!MESSAGE 自动刷新本机代码 5 时发生了问题。
!SUBENTRY 1 org.eclipse.core.resources 4 1 2024-10-26 21:39:37.666
!MESSAGE 自动刷新本机代码 5 时发生了问题。

!ENTRY org.eclipse.core.resources 4 1 2024-10-26 21:39:38.667
!MESSAGE 刷新资源时发生了问题
!SUBENTRY 1 org.eclipse.core.resources 4 1 2024-10-26 21:39:38.667
!MESSAGE 自动刷新本机代码 5 时发生了问题。
!SUBENTRY 1 org.eclipse.core.resources 4 1 2024-10-26 21:39:38.667
!MESSAGE 自动刷新本机代码 5 时发生了问题。

!ENTRY org.eclipse.core.resources 4 1 2024-10-26 21:39:39.668
!MESSAGE 刷新资源时发生了问题
!SUBENTRY 1 org.eclipse.core.resources 4 1 2024-10-26 21:39:39.668
!MESSAGE 自动刷新本机代码 5 时发生了问题。
!SUBENTRY 1 org.eclipse.core.resources 4 1 2024-10-26 21:39:39.668
!MESSAGE 自动刷新本机代码 5 时发生了问题。

!ENTRY org.eclipse.core.resources 4 1 2024-10-26 21:39:40.669
!MESSAGE 刷新资源时发生了问题
!SUBENTRY 1 org.eclipse.core.resources 4 1 2024-10-26 21:39:40.669
!MESSAGE 自动刷新本机代码 5 时发生了问题。
!SUBENTRY 1 org.eclipse.core.resources 4 1 2024-10-26 21:39:40.669
!MESSAGE 自动刷新本机代码 5 时发生了问题。

!ENTRY org.eclipse.core.resources 4 1 2024-10-26 21:39:41.720
!MESSAGE 刷新资源时发生了问题
!SUBENTRY 1 org.eclipse.core.resources 4 1 2024-10-26 21:39:41.720
!MESSAGE 自动刷新本机代码 5 时发生了问题。
!SUBENTRY 1 org.eclipse.core.resources 4 1 2024-10-26 21:39:41.720
!MESSAGE 自动刷新本机代码 5 时发生了问题。

!ENTRY org.eclipse.core.resources 4 1 2024-10-26 21:39:42.721
!MESSAGE 刷新资源时发生了问题
!SUBENTRY 1 org.eclipse.core.resources 4 1 2024-10-26 21:39:42.721
!MESSAGE 自动刷新本机代码 5 时发生了问题。
!SUBENTRY 1 org.eclipse.core.resources 4 1 2024-10-26 21:39:42.721
!MESSAGE 自动刷新本机代码 5 时发生了问题。

!ENTRY org.eclipse.core.resources 4 1 2024-10-26 21:39:43.771
!MESSAGE 刷新资源时发生了问题
!SUBENTRY 1 org.eclipse.core.resources 4 1 2024-10-26 21:39:43.771
!MESSAGE 自动刷新本机代码 5 时发生了问题。
!SUBENTRY 1 org.eclipse.core.resources 4 1 2024-10-26 21:39:43.771
!MESSAGE 自动刷新本机代码 5 时发生了问题。

!ENTRY org.eclipse.core.resources 4 1 2024-10-26 21:39:44.772
!MESSAGE 刷新资源时发生了问题
!SUBENTRY 1 org.eclipse.core.resources 4 1 2024-10-26 21:39:44.772
!MESSAGE 自动刷新本机代码 5 时发生了问题。
!SUBENTRY 1 org.eclipse.core.resources 4 1 2024-10-26 21:39:44.772
!MESSAGE 自动刷新本机代码 5 时发生了问题。

!ENTRY org.eclipse.core.resources 4 1 2024-10-26 21:39:45.774
!MESSAGE 刷新资源时发生了问题
!SUBENTRY 1 org.eclipse.core.resources 4 1 2024-10-26 21:39:45.774
!MESSAGE 自动刷新本机代码 5 时发生了问题。
!SUBENTRY 1 org.eclipse.core.resources 4 1 2024-10-26 21:39:45.774
!MESSAGE 自动刷新本机代码 5 时发生了问题。

!ENTRY org.eclipse.core.resources 4 1 2024-10-26 21:39:46.775
!MESSAGE 刷新资源时发生了问题
!SUBENTRY 1 org.eclipse.core.resources 4 1 2024-10-26 21:39:46.775
!MESSAGE 自动刷新本机代码 5 时发生了问题。
!SUBENTRY 1 org.eclipse.core.resources 4 1 2024-10-26 21:39:46.775
!MESSAGE 自动刷新本机代码 5 时发生了问题。

!ENTRY org.eclipse.core.resources 4 1 2024-10-26 21:39:47.827
!MESSAGE 刷新资源时发生了问题
!SUBENTRY 1 org.eclipse.core.resources 4 1 2024-10-26 21:39:47.827
!MESSAGE 自动刷新本机代码 5 时发生了问题。
!SUBENTRY 1 org.eclipse.core.resources 4 1 2024-10-26 21:39:47.827
!MESSAGE 自动刷新本机代码 5 时发生了问题。

!ENTRY org.eclipse.core.resources 4 1 2024-10-26 21:39:48.878
!MESSAGE 刷新资源时发生了问题
!SUBENTRY 1 org.eclipse.core.resources 4 1 2024-10-26 21:39:48.878
!MESSAGE 自动刷新本机代码 5 时发生了问题。
!SUBENTRY 1 org.eclipse.core.resources 4 1 2024-10-26 21:39:48.878
!MESSAGE 自动刷新本机代码 5 时发生了问题。

!ENTRY org.eclipse.core.resources 4 1 2024-10-26 21:39:49.929
!MESSAGE 刷新资源时发生了问题
!SUBENTRY 1 org.eclipse.core.resources 4 1 2024-10-26 21:39:49.929
!MESSAGE 自动刷新本机代码 5 时发生了问题。
!SUBENTRY 1 org.eclipse.core.resources 4 1 2024-10-26 21:39:49.929
!MESSAGE 自动刷新本机代码 5 时发生了问题。

!ENTRY org.eclipse.core.resources 4 1 2024-10-26 21:39:50.930
!MESSAGE 刷新资源时发生了问题
!SUBENTRY 1 org.eclipse.core.resources 4 1 2024-10-26 21:39:50.930
!MESSAGE 自动刷新本机代码 5 时发生了问题。
!SUBENTRY 1 org.eclipse.core.resources 4 1 2024-10-26 21:39:50.930
!MESSAGE 自动刷新本机代码 5 时发生了问题。

!ENTRY org.eclipse.core.resources 4 1 2024-10-26 21:39:51.981
!MESSAGE 刷新资源时发生了问题
!SUBENTRY 1 org.eclipse.core.resources 4 1 2024-10-26 21:39:51.981
!MESSAGE 自动刷新本机代码 5 时发生了问题。
!SUBENTRY 1 org.eclipse.core.resources 4 1 2024-10-26 21:39:51.981
!MESSAGE 自动刷新本机代码 5 时发生了问题。

!ENTRY org.eclipse.core.resources 4 1 2024-10-26 21:39:52.982
!MESSAGE 刷新资源时发生了问题
!SUBENTRY 1 org.eclipse.core.resources 4 1 2024-10-26 21:39:52.982
!MESSAGE 自动刷新本机代码 5 时发生了问题。
!SUBENTRY 1 org.eclipse.core.resources 4 1 2024-10-26 21:39:52.982
!MESSAGE 自动刷新本机代码 5 时发生了问题。

!ENTRY org.eclipse.core.resources 4 1 2024-10-26 21:39:54.032
!MESSAGE 刷新资源时发生了问题
!SUBENTRY 1 org.eclipse.core.resources 4 1 2024-10-26 21:39:54.033
!MESSAGE 自动刷新本机代码 5 时发生了问题。
!SUBENTRY 1 org.eclipse.core.resources 4 1 2024-10-26 21:39:54.033
!MESSAGE 自动刷新本机代码 5 时发生了问题。

!ENTRY org.eclipse.core.resources 4 1 2024-10-26 21:39:55.034
!MESSAGE 刷新资源时发生了问题
!SUBENTRY 1 org.eclipse.core.resources 4 1 2024-10-26 21:39:55.034
!MESSAGE 自动刷新本机代码 5 时发生了问题。
!SUBENTRY 1 org.eclipse.core.resources 4 1 2024-10-26 21:39:55.034
!MESSAGE 自动刷新本机代码 5 时发生了问题。

!ENTRY org.eclipse.core.resources 4 1 2024-10-26 21:39:56.035
!MESSAGE 刷新资源时发生了问题
!SUBENTRY 1 org.eclipse.core.resources 4 1 2024-10-26 21:39:56.035
!MESSAGE 自动刷新本机代码 5 时发生了问题。
!SUBENTRY 1 org.eclipse.core.resources 4 1 2024-10-26 21:39:56.035
!MESSAGE 自动刷新本机代码 5 时发生了问题。

!ENTRY org.eclipse.core.resources 4 1 2024-10-26 21:39:57.086
!MESSAGE 刷新资源时发生了问题
!SUBENTRY 1 org.eclipse.core.resources 4 1 2024-10-26 21:39:57.086
!MESSAGE 自动刷新本机代码 5 时发生了问题。
!SUBENTRY 1 org.eclipse.core.resources 4 1 2024-10-26 21:39:57.086
!MESSAGE 自动刷新本机代码 5 时发生了问题。

!ENTRY org.eclipse.core.resources 4 1 2024-10-26 21:39:58.136
!MESSAGE 刷新资源时发生了问题
!SUBENTRY 1 org.eclipse.core.resources 4 1 2024-10-26 21:39:58.136
!MESSAGE 自动刷新本机代码 5 时发生了问题。
!SUBENTRY 1 org.eclipse.core.resources 4 1 2024-10-26 21:39:58.136
!MESSAGE 自动刷新本机代码 5 时发生了问题。

!ENTRY org.eclipse.core.resources 4 1 2024-10-26 21:39:59.187
!MESSAGE 刷新资源时发生了问题
!SUBENTRY 1 org.eclipse.core.resources 4 1 2024-10-26 21:39:59.187
!MESSAGE 自动刷新本机代码 5 时发生了问题。
!SUBENTRY 1 org.eclipse.core.resources 4 1 2024-10-26 21:39:59.187
!MESSAGE 自动刷新本机代码 5 时发生了问题。

!ENTRY org.eclipse.core.resources 4 1 2024-10-26 21:40:00.238
!MESSAGE 刷新资源时发生了问题
!SUBENTRY 1 org.eclipse.core.resources 4 1 2024-10-26 21:40:00.238
!MESSAGE 自动刷新本机代码 5 时发生了问题。
!SUBENTRY 1 org.eclipse.core.resources 4 1 2024-10-26 21:40:00.238
!MESSAGE 自动刷新本机代码 5 时发生了问题。

!ENTRY org.eclipse.core.resources 4 1 2024-10-26 21:40:01.240
!MESSAGE 刷新资源时发生了问题
!SUBENTRY 1 org.eclipse.core.resources 4 1 2024-10-26 21:40:01.240
!MESSAGE 自动刷新本机代码 5 时发生了问题。
!SUBENTRY 1 org.eclipse.core.resources 4 1 2024-10-26 21:40:01.240
!MESSAGE 自动刷新本机代码 5 时发生了问题。

!ENTRY org.eclipse.core.resources 4 1 2024-10-26 21:40:02.291
!MESSAGE 刷新资源时发生了问题
!SUBENTRY 1 org.eclipse.core.resources 4 1 2024-10-26 21:40:02.291
!MESSAGE 自动刷新本机代码 5 时发生了问题。
!SUBENTRY 1 org.eclipse.core.resources 4 1 2024-10-26 21:40:02.292
!MESSAGE 自动刷新本机代码 5 时发生了问题。

!ENTRY org.eclipse.core.resources 4 1 2024-10-26 21:40:03.293
!MESSAGE 刷新资源时发生了问题
!SUBENTRY 1 org.eclipse.core.resources 4 1 2024-10-26 21:40:03.293
!MESSAGE 自动刷新本机代码 5 时发生了问题。
!SUBENTRY 1 org.eclipse.core.resources 4 1 2024-10-26 21:40:03.293
!MESSAGE 自动刷新本机代码 5 时发生了问题。

!ENTRY org.eclipse.core.resources 4 1 2024-10-26 21:40:04.343
!MESSAGE 刷新资源时发生了问题
!SUBENTRY 1 org.eclipse.core.resources 4 1 2024-10-26 21:40:04.343
!MESSAGE 自动刷新本机代码 5 时发生了问题。
!SUBENTRY 1 org.eclipse.core.resources 4 1 2024-10-26 21:40:04.343
!MESSAGE 自动刷新本机代码 5 时发生了问题。

!ENTRY org.eclipse.core.resources 4 1 2024-10-26 21:40:05.345
!MESSAGE 刷新资源时发生了问题
!SUBENTRY 1 org.eclipse.core.resources 4 1 2024-10-26 21:40:05.345
!MESSAGE 自动刷新本机代码 5 时发生了问题。
!SUBENTRY 1 org.eclipse.core.resources 4 1 2024-10-26 21:40:05.345
!MESSAGE 自动刷新本机代码 5 时发生了问题。

!ENTRY org.eclipse.core.resources 4 1 2024-10-26 21:40:06.396
!MESSAGE 刷新资源时发生了问题
!SUBENTRY 1 org.eclipse.core.resources 4 1 2024-10-26 21:40:06.396
!MESSAGE 自动刷新本机代码 5 时发生了问题。
!SUBENTRY 1 org.eclipse.core.resources 4 1 2024-10-26 21:40:06.396
!MESSAGE 自动刷新本机代码 5 时发生了问题。

!ENTRY org.eclipse.core.resources 4 1 2024-10-26 21:40:07.446
!MESSAGE 刷新资源时发生了问题
!SUBENTRY 1 org.eclipse.core.resources 4 1 2024-10-26 21:40:07.446
!MESSAGE 自动刷新本机代码 5 时发生了问题。
!SUBENTRY 1 org.eclipse.core.resources 4 1 2024-10-26 21:40:07.446
!MESSAGE 自动刷新本机代码 5 时发生了问题。

!ENTRY org.eclipse.core.resources 4 1 2024-10-26 21:40:08.447
!MESSAGE 刷新资源时发生了问题
!SUBENTRY 1 org.eclipse.core.resources 4 1 2024-10-26 21:40:08.447
!MESSAGE 自动刷新本机代码 5 时发生了问题。
!SUBENTRY 1 org.eclipse.core.resources 4 1 2024-10-26 21:40:08.447
!MESSAGE 自动刷新本机代码 5 时发生了问题。

!ENTRY org.eclipse.core.resources 4 1 2024-10-26 21:40:09.497
!MESSAGE 刷新资源时发生了问题
!SUBENTRY 1 org.eclipse.core.resources 4 1 2024-10-26 21:40:09.497
!MESSAGE 自动刷新本机代码 5 时发生了问题。
!SUBENTRY 1 org.eclipse.core.resources 4 1 2024-10-26 21:40:09.497
!MESSAGE 自动刷新本机代码 5 时发生了问题。

!ENTRY org.eclipse.core.resources 4 1 2024-10-26 21:40:10.498
!MESSAGE 刷新资源时发生了问题
!SUBENTRY 1 org.eclipse.core.resources 4 1 2024-10-26 21:40:10.498
!MESSAGE 自动刷新本机代码 5 时发生了问题。
!SUBENTRY 1 org.eclipse.core.resources 4 1 2024-10-26 21:40:10.498
!MESSAGE 自动刷新本机代码 5 时发生了问题。

!ENTRY org.eclipse.core.resources 4 1 2024-10-26 21:40:11.499
!MESSAGE 刷新资源时发生了问题
!SUBENTRY 1 org.eclipse.core.resources 4 1 2024-10-26 21:40:11.499
!MESSAGE 自动刷新本机代码 5 时发生了问题。
!SUBENTRY 1 org.eclipse.core.resources 4 1 2024-10-26 21:40:11.499
!MESSAGE 自动刷新本机代码 5 时发生了问题。

!ENTRY org.eclipse.core.resources 4 1 2024-10-26 21:40:12.557
!MESSAGE 刷新资源时发生了问题
!SUBENTRY 1 org.eclipse.core.resources 4 1 2024-10-26 21:40:12.559
!MESSAGE 自动刷新本机代码 5 时发生了问题。
!SUBENTRY 1 org.eclipse.core.resources 4 1 2024-10-26 21:40:12.559
!MESSAGE 自动刷新本机代码 5 时发生了问题。

!ENTRY org.eclipse.core.resources 4 1 2024-10-26 21:40:13.609
!MESSAGE 刷新资源时发生了问题
!SUBENTRY 1 org.eclipse.core.resources 4 1 2024-10-26 21:40:13.609
!MESSAGE 自动刷新本机代码 5 时发生了问题。
!SUBENTRY 1 org.eclipse.core.resources 4 1 2024-10-26 21:40:13.609
!MESSAGE 自动刷新本机代码 5 时发生了问题。

!ENTRY org.eclipse.core.resources 4 1 2024-10-26 21:40:14.659
!MESSAGE 刷新资源时发生了问题
!SUBENTRY 1 org.eclipse.core.resources 4 1 2024-10-26 21:40:14.659
!MESSAGE 自动刷新本机代码 5 时发生了问题。
!SUBENTRY 1 org.eclipse.core.resources 4 1 2024-10-26 21:40:14.659
!MESSAGE 自动刷新本机代码 5 时发生了问题。

!ENTRY org.eclipse.core.resources 4 1 2024-10-26 21:40:15.660
!MESSAGE 刷新资源时发生了问题
!SUBENTRY 1 org.eclipse.core.resources 4 1 2024-10-26 21:40:15.660
!MESSAGE 自动刷新本机代码 5 时发生了问题。
!SUBENTRY 1 org.eclipse.core.resources 4 1 2024-10-26 21:40:15.660
!MESSAGE 自动刷新本机代码 5 时发生了问题。

!ENTRY org.eclipse.core.resources 4 1 2024-10-26 21:40:16.710
!MESSAGE 刷新资源时发生了问题
!SUBENTRY 1 org.eclipse.core.resources 4 1 2024-10-26 21:40:16.710
!MESSAGE 自动刷新本机代码 5 时发生了问题。
!SUBENTRY 1 org.eclipse.core.resources 4 1 2024-10-26 21:40:16.710
!MESSAGE 自动刷新本机代码 5 时发生了问题。

!ENTRY org.eclipse.core.resources 4 1 2024-10-26 21:40:17.761
!MESSAGE 刷新资源时发生了问题
!SUBENTRY 1 org.eclipse.core.resources 4 1 2024-10-26 21:40:17.761
!MESSAGE 自动刷新本机代码 5 时发生了问题。
!SUBENTRY 1 org.eclipse.core.resources 4 1 2024-10-26 21:40:17.761
!MESSAGE 自动刷新本机代码 5 时发生了问题。

!ENTRY org.eclipse.core.resources 4 1 2024-10-26 21:40:18.811
!MESSAGE 刷新资源时发生了问题
!SUBENTRY 1 org.eclipse.core.resources 4 1 2024-10-26 21:40:18.811
!MESSAGE 自动刷新本机代码 5 时发生了问题。
!SUBENTRY 1 org.eclipse.core.resources 4 1 2024-10-26 21:40:18.811
!MESSAGE 自动刷新本机代码 5 时发生了问题。

!ENTRY org.eclipse.core.resources 4 1 2024-10-26 21:40:19.813
!MESSAGE 刷新资源时发生了问题
!SUBENTRY 1 org.eclipse.core.resources 4 1 2024-10-26 21:40:19.813
!MESSAGE 自动刷新本机代码 5 时发生了问题。
!SUBENTRY 1 org.eclipse.core.resources 4 1 2024-10-26 21:40:19.813
!MESSAGE 自动刷新本机代码 5 时发生了问题。

!ENTRY org.eclipse.core.resources 4 1 2024-10-26 21:40:20.864
!MESSAGE 刷新资源时发生了问题
!SUBENTRY 1 org.eclipse.core.resources 4 1 2024-10-26 21:40:20.864
!MESSAGE 自动刷新本机代码 5 时发生了问题。
!SUBENTRY 1 org.eclipse.core.resources 4 1 2024-10-26 21:40:20.864
!MESSAGE 自动刷新本机代码 5 时发生了问题。

!ENTRY org.eclipse.core.resources 4 1 2024-10-26 21:40:21.865
!MESSAGE 刷新资源时发生了问题
!SUBENTRY 1 org.eclipse.core.resources 4 1 2024-10-26 21:40:21.865
!MESSAGE 自动刷新本机代码 5 时发生了问题。
!SUBENTRY 1 org.eclipse.core.resources 4 1 2024-10-26 21:40:21.865
!MESSAGE 自动刷新本机代码 5 时发生了问题。

!ENTRY org.eclipse.core.resources 4 1 2024-10-26 21:40:22.867
!MESSAGE 刷新资源时发生了问题
!SUBENTRY 1 org.eclipse.core.resources 4 1 2024-10-26 21:40:22.867
!MESSAGE 自动刷新本机代码 5 时发生了问题。
!SUBENTRY 1 org.eclipse.core.resources 4 1 2024-10-26 21:40:22.867
!MESSAGE 自动刷新本机代码 5 时发生了问题。

!ENTRY org.eclipse.core.resources 4 1 2024-10-26 21:40:23.869
!MESSAGE 刷新资源时发生了问题
!SUBENTRY 1 org.eclipse.core.resources 4 1 2024-10-26 21:40:23.869
!MESSAGE 自动刷新本机代码 5 时发生了问题。
!SUBENTRY 1 org.eclipse.core.resources 4 1 2024-10-26 21:40:23.869
!MESSAGE 自动刷新本机代码 5 时发生了问题。

!ENTRY org.eclipse.core.resources 4 1 2024-10-26 21:40:24.870
!MESSAGE 刷新资源时发生了问题
!SUBENTRY 1 org.eclipse.core.resources 4 1 2024-10-26 21:40:24.870
!MESSAGE 自动刷新本机代码 5 时发生了问题。
!SUBENTRY 1 org.eclipse.core.resources 4 1 2024-10-26 21:40:24.870
!MESSAGE 自动刷新本机代码 5 时发生了问题。

!ENTRY org.eclipse.core.resources 4 1 2024-10-26 21:40:25.920
!MESSAGE 刷新资源时发生了问题
!SUBENTRY 1 org.eclipse.core.resources 4 1 2024-10-26 21:40:25.920
!MESSAGE 自动刷新本机代码 5 时发生了问题。
!SUBENTRY 1 org.eclipse.core.resources 4 1 2024-10-26 21:40:25.920
!MESSAGE 自动刷新本机代码 5 时发生了问题。

!ENTRY org.eclipse.core.resources 4 1 2024-10-26 21:40:26.921
!MESSAGE 刷新资源时发生了问题
!SUBENTRY 1 org.eclipse.core.resources 4 1 2024-10-26 21:40:26.921
!MESSAGE 自动刷新本机代码 5 时发生了问题。
!SUBENTRY 1 org.eclipse.core.resources 4 1 2024-10-26 21:40:26.921
!MESSAGE 自动刷新本机代码 5 时发生了问题。

!ENTRY org.eclipse.core.resources 4 1 2024-10-26 21:40:27.973
!MESSAGE 刷新资源时发生了问题
!SUBENTRY 1 org.eclipse.core.resources 4 1 2024-10-26 21:40:27.973
!MESSAGE 自动刷新本机代码 5 时发生了问题。
!SUBENTRY 1 org.eclipse.core.resources 4 1 2024-10-26 21:40:27.973
!MESSAGE 自动刷新本机代码 5 时发生了问题。

!ENTRY org.eclipse.core.resources 4 1 2024-10-26 21:40:29.023
!MESSAGE 刷新资源时发生了问题
!SUBENTRY 1 org.eclipse.core.resources 4 1 2024-10-26 21:40:29.023
!MESSAGE 自动刷新本机代码 5 时发生了问题。
!SUBENTRY 1 org.eclipse.core.resources 4 1 2024-10-26 21:40:29.023
!MESSAGE 自动刷新本机代码 5 时发生了问题。

!ENTRY org.eclipse.core.resources 4 1 2024-10-26 21:40:30.024
!MESSAGE 刷新资源时发生了问题
!SUBENTRY 1 org.eclipse.core.resources 4 1 2024-10-26 21:40:30.024
!MESSAGE 自动刷新本机代码 5 时发生了问题。
!SUBENTRY 1 org.eclipse.core.resources 4 1 2024-10-26 21:40:30.024
!MESSAGE 自动刷新本机代码 5 时发生了问题。

!ENTRY org.eclipse.core.resources 4 1 2024-10-26 21:40:31.026
!MESSAGE 刷新资源时发生了问题
!SUBENTRY 1 org.eclipse.core.resources 4 1 2024-10-26 21:40:31.026
!MESSAGE 自动刷新本机代码 5 时发生了问题。
!SUBENTRY 1 org.eclipse.core.resources 4 1 2024-10-26 21:40:31.026
!MESSAGE 自动刷新本机代码 5 时发生了问题。

!ENTRY org.eclipse.core.resources 4 1 2024-10-26 21:40:32.027
!MESSAGE 刷新资源时发生了问题
!SUBENTRY 1 org.eclipse.core.resources 4 1 2024-10-26 21:40:32.027
!MESSAGE 自动刷新本机代码 5 时发生了问题。
!SUBENTRY 1 org.eclipse.core.resources 4 1 2024-10-26 21:40:32.027
!MESSAGE 自动刷新本机代码 5 时发生了问题。

!ENTRY org.eclipse.core.resources 4 1 2024-10-26 21:40:33.078
!MESSAGE 刷新资源时发生了问题
!SUBENTRY 1 org.eclipse.core.resources 4 1 2024-10-26 21:40:33.078
!MESSAGE 自动刷新本机代码 5 时发生了问题。
!SUBENTRY 1 org.eclipse.core.resources 4 1 2024-10-26 21:40:33.078
!MESSAGE 自动刷新本机代码 5 时发生了问题。

!ENTRY org.eclipse.core.resources 4 1 2024-10-26 21:40:34.128
!MESSAGE 刷新资源时发生了问题
!SUBENTRY 1 org.eclipse.core.resources 4 1 2024-10-26 21:40:34.128
!MESSAGE 自动刷新本机代码 5 时发生了问题。
!SUBENTRY 1 org.eclipse.core.resources 4 1 2024-10-26 21:40:34.128
!MESSAGE 自动刷新本机代码 5 时发生了问题。

!ENTRY org.eclipse.core.resources 4 1 2024-10-26 21:40:35.129
!MESSAGE 刷新资源时发生了问题
!SUBENTRY 1 org.eclipse.core.resources 4 1 2024-10-26 21:40:35.129
!MESSAGE 自动刷新本机代码 5 时发生了问题。
!SUBENTRY 1 org.eclipse.core.resources 4 1 2024-10-26 21:40:35.129
!MESSAGE 自动刷新本机代码 5 时发生了问题。

!ENTRY org.eclipse.core.resources 4 1 2024-10-26 21:40:36.139
!MESSAGE 刷新资源时发生了问题
!SUBENTRY 1 org.eclipse.core.resources 4 1 2024-10-26 21:40:36.139
!MESSAGE 自动刷新本机代码 5 时发生了问题。
!SUBENTRY 1 org.eclipse.core.resources 4 1 2024-10-26 21:40:36.139
!MESSAGE 自动刷新本机代码 5 时发生了问题。

!ENTRY org.eclipse.core.resources 4 1 2024-10-26 21:40:37.190
!MESSAGE 刷新资源时发生了问题
!SUBENTRY 1 org.eclipse.core.resources 4 1 2024-10-26 21:40:37.190
!MESSAGE 自动刷新本机代码 5 时发生了问题。
!SUBENTRY 1 org.eclipse.core.resources 4 1 2024-10-26 21:40:37.190
!MESSAGE 自动刷新本机代码 5 时发生了问题。

!ENTRY org.eclipse.core.resources 4 1 2024-10-26 21:40:38.241
!MESSAGE 刷新资源时发生了问题
!SUBENTRY 1 org.eclipse.core.resources 4 1 2024-10-26 21:40:38.241
!MESSAGE 自动刷新本机代码 5 时发生了问题。
!SUBENTRY 1 org.eclipse.core.resources 4 1 2024-10-26 21:40:38.241
!MESSAGE 自动刷新本机代码 5 时发生了问题。

!ENTRY org.eclipse.core.resources 4 1 2024-10-26 21:40:39.243
!MESSAGE 刷新资源时发生了问题
!SUBENTRY 1 org.eclipse.core.resources 4 1 2024-10-26 21:40:39.243
!MESSAGE 自动刷新本机代码 5 时发生了问题。
!SUBENTRY 1 org.eclipse.core.resources 4 1 2024-10-26 21:40:39.243
!MESSAGE 自动刷新本机代码 5 时发生了问题。

!ENTRY org.eclipse.core.resources 4 1 2024-10-26 21:40:40.244
!MESSAGE 刷新资源时发生了问题
!SUBENTRY 1 org.eclipse.core.resources 4 1 2024-10-26 21:40:40.244
!MESSAGE 自动刷新本机代码 5 时发生了问题。
!SUBENTRY 1 org.eclipse.core.resources 4 1 2024-10-26 21:40:40.244
!MESSAGE 自动刷新本机代码 5 时发生了问题。

!ENTRY org.eclipse.core.resources 4 1 2024-10-26 21:40:41.295
!MESSAGE 刷新资源时发生了问题
!SUBENTRY 1 org.eclipse.core.resources 4 1 2024-10-26 21:40:41.295
!MESSAGE 自动刷新本机代码 5 时发生了问题。
!SUBENTRY 1 org.eclipse.core.resources 4 1 2024-10-26 21:40:41.295
!MESSAGE 自动刷新本机代码 5 时发生了问题。

!ENTRY org.eclipse.core.resources 4 1 2024-10-26 21:40:42.296
!MESSAGE 刷新资源时发生了问题
!SUBENTRY 1 org.eclipse.core.resources 4 1 2024-10-26 21:40:42.296
!MESSAGE 自动刷新本机代码 5 时发生了问题。
!SUBENTRY 1 org.eclipse.core.resources 4 1 2024-10-26 21:40:42.296
!MESSAGE 自动刷新本机代码 5 时发生了问题。

!ENTRY org.eclipse.core.resources 4 1 2024-10-26 21:40:43.297
!MESSAGE 刷新资源时发生了问题
!SUBENTRY 1 org.eclipse.core.resources 4 1 2024-10-26 21:40:43.297
!MESSAGE 自动刷新本机代码 5 时发生了问题。
!SUBENTRY 1 org.eclipse.core.resources 4 1 2024-10-26 21:40:43.297
!MESSAGE 自动刷新本机代码 5 时发生了问题。

!ENTRY org.eclipse.core.resources 4 1 2024-10-26 21:40:44.298
!MESSAGE 刷新资源时发生了问题
!SUBENTRY 1 org.eclipse.core.resources 4 1 2024-10-26 21:40:44.298
!MESSAGE 自动刷新本机代码 5 时发生了问题。
!SUBENTRY 1 org.eclipse.core.resources 4 1 2024-10-26 21:40:44.298
!MESSAGE 自动刷新本机代码 5 时发生了问题。

!ENTRY org.eclipse.core.resources 4 1 2024-10-26 21:40:45.299
!MESSAGE 刷新资源时发生了问题
!SUBENTRY 1 org.eclipse.core.resources 4 1 2024-10-26 21:40:45.299
!MESSAGE 自动刷新本机代码 5 时发生了问题。
!SUBENTRY 1 org.eclipse.core.resources 4 1 2024-10-26 21:40:45.299
!MESSAGE 自动刷新本机代码 5 时发生了问题。

!ENTRY org.eclipse.core.resources 4 1 2024-10-26 21:40:46.350
!MESSAGE 刷新资源时发生了问题
!SUBENTRY 1 org.eclipse.core.resources 4 1 2024-10-26 21:40:46.350
!MESSAGE 自动刷新本机代码 5 时发生了问题。
!SUBENTRY 1 org.eclipse.core.resources 4 1 2024-10-26 21:40:46.350
!MESSAGE 自动刷新本机代码 5 时发生了问题。

!ENTRY org.eclipse.core.resources 4 1 2024-10-26 21:40:47.351
!MESSAGE 刷新资源时发生了问题
!SUBENTRY 1 org.eclipse.core.resources 4 1 2024-10-26 21:40:47.351
!MESSAGE 自动刷新本机代码 5 时发生了问题。
!SUBENTRY 1 org.eclipse.core.resources 4 1 2024-10-26 21:40:47.351
!MESSAGE 自动刷新本机代码 5 时发生了问题。

!ENTRY org.eclipse.core.resources 4 1 2024-10-26 21:40:48.402
!MESSAGE 刷新资源时发生了问题
!SUBENTRY 1 org.eclipse.core.resources 4 1 2024-10-26 21:40:48.402
!MESSAGE 自动刷新本机代码 5 时发生了问题。
!SUBENTRY 1 org.eclipse.core.resources 4 1 2024-10-26 21:40:48.402
!MESSAGE 自动刷新本机代码 5 时发生了问题。

!ENTRY org.eclipse.core.resources 4 1 2024-10-26 21:40:49.404
!MESSAGE 刷新资源时发生了问题
!SUBENTRY 1 org.eclipse.core.resources 4 1 2024-10-26 21:40:49.404
!MESSAGE 自动刷新本机代码 5 时发生了问题。
!SUBENTRY 1 org.eclipse.core.resources 4 1 2024-10-26 21:40:49.404
!MESSAGE 自动刷新本机代码 5 时发生了问题。

!ENTRY org.eclipse.core.resources 4 1 2024-10-26 21:40:50.405
!MESSAGE 刷新资源时发生了问题
!SUBENTRY 1 org.eclipse.core.resources 4 1 2024-10-26 21:40:50.405
!MESSAGE 自动刷新本机代码 5 时发生了问题。
!SUBENTRY 1 org.eclipse.core.resources 4 1 2024-10-26 21:40:50.405
!MESSAGE 自动刷新本机代码 5 时发生了问题。

!ENTRY org.eclipse.core.resources 4 1 2024-10-26 21:40:51.406
!MESSAGE 刷新资源时发生了问题
!SUBENTRY 1 org.eclipse.core.resources 4 1 2024-10-26 21:40:51.406
!MESSAGE 自动刷新本机代码 5 时发生了问题。
!SUBENTRY 1 org.eclipse.core.resources 4 1 2024-10-26 21:40:51.406
!MESSAGE 自动刷新本机代码 5 时发生了问题。

!ENTRY org.eclipse.core.resources 4 1 2024-10-26 21:40:52.408
!MESSAGE 刷新资源时发生了问题
!SUBENTRY 1 org.eclipse.core.resources 4 1 2024-10-26 21:40:52.408
!MESSAGE 自动刷新本机代码 5 时发生了问题。
!SUBENTRY 1 org.eclipse.core.resources 4 1 2024-10-26 21:40:52.408
!MESSAGE 自动刷新本机代码 5 时发生了问题。

!ENTRY org.eclipse.core.resources 4 1 2024-10-26 21:40:53.410
!MESSAGE 刷新资源时发生了问题
!SUBENTRY 1 org.eclipse.core.resources 4 1 2024-10-26 21:40:53.410
!MESSAGE 自动刷新本机代码 5 时发生了问题。
!SUBENTRY 1 org.eclipse.core.resources 4 1 2024-10-26 21:40:53.410
!MESSAGE 自动刷新本机代码 5 时发生了问题。

!ENTRY org.eclipse.core.resources 4 1 2024-10-26 21:40:54.411
!MESSAGE 刷新资源时发生了问题
!SUBENTRY 1 org.eclipse.core.resources 4 1 2024-10-26 21:40:54.411
!MESSAGE 自动刷新本机代码 5 时发生了问题。
!SUBENTRY 1 org.eclipse.core.resources 4 1 2024-10-26 21:40:54.411
!MESSAGE 自动刷新本机代码 5 时发生了问题。

!ENTRY org.eclipse.core.resources 4 1 2024-10-26 21:40:55.412
!MESSAGE 刷新资源时发生了问题
!SUBENTRY 1 org.eclipse.core.resources 4 1 2024-10-26 21:40:55.412
!MESSAGE 自动刷新本机代码 5 时发生了问题。
!SUBENTRY 1 org.eclipse.core.resources 4 1 2024-10-26 21:40:55.412
!MESSAGE 自动刷新本机代码 5 时发生了问题。

!ENTRY org.eclipse.core.resources 4 1 2024-10-26 21:40:56.462
!MESSAGE 刷新资源时发生了问题
!SUBENTRY 1 org.eclipse.core.resources 4 1 2024-10-26 21:40:56.462
!MESSAGE 自动刷新本机代码 5 时发生了问题。
!SUBENTRY 1 org.eclipse.core.resources 4 1 2024-10-26 21:40:56.462
!MESSAGE 自动刷新本机代码 5 时发生了问题。

!ENTRY org.eclipse.core.resources 4 1 2024-10-26 21:40:57.463
!MESSAGE 刷新资源时发生了问题
!SUBENTRY 1 org.eclipse.core.resources 4 1 2024-10-26 21:40:57.463
!MESSAGE 自动刷新本机代码 5 时发生了问题。
!SUBENTRY 1 org.eclipse.core.resources 4 1 2024-10-26 21:40:57.463
!MESSAGE 自动刷新本机代码 5 时发生了问题。

!ENTRY org.eclipse.core.resources 4 1 2024-10-26 21:40:58.513
!MESSAGE 刷新资源时发生了问题
!SUBENTRY 1 org.eclipse.core.resources 4 1 2024-10-26 21:40:58.513
!MESSAGE 自动刷新本机代码 5 时发生了问题。
!SUBENTRY 1 org.eclipse.core.resources 4 1 2024-10-26 21:40:58.513
!MESSAGE 自动刷新本机代码 5 时发生了问题。

!ENTRY org.eclipse.core.resources 4 1 2024-10-26 21:40:59.514
!MESSAGE 刷新资源时发生了问题
!SUBENTRY 1 org.eclipse.core.resources 4 1 2024-10-26 21:40:59.514
!MESSAGE 自动刷新本机代码 5 时发生了问题。
!SUBENTRY 1 org.eclipse.core.resources 4 1 2024-10-26 21:40:59.514
!MESSAGE 自动刷新本机代码 5 时发生了问题。

!ENTRY org.eclipse.core.resources 4 1 2024-10-26 21:41:00.565
!MESSAGE 刷新资源时发生了问题
!SUBENTRY 1 org.eclipse.core.resources 4 1 2024-10-26 21:41:00.565
!MESSAGE 自动刷新本机代码 5 时发生了问题。
!SUBENTRY 1 org.eclipse.core.resources 4 1 2024-10-26 21:41:00.565
!MESSAGE 自动刷新本机代码 5 时发生了问题。

!ENTRY org.eclipse.core.resources 4 1 2024-10-26 21:41:01.636
!MESSAGE 刷新资源时发生了问题
!SUBENTRY 1 org.eclipse.core.resources 4 1 2024-10-26 21:41:01.636
!MESSAGE 自动刷新本机代码 5 时发生了问题。
!SUBENTRY 1 org.eclipse.core.resources 4 1 2024-10-26 21:41:01.636
!MESSAGE 自动刷新本机代码 5 时发生了问题。

!ENTRY org.eclipse.core.resources 4 1 2024-10-26 21:41:02.643
!MESSAGE 刷新资源时发生了问题
!SUBENTRY 1 org.eclipse.core.resources 4 1 2024-10-26 21:41:02.643
!MESSAGE 自动刷新本机代码 5 时发生了问题。
!SUBENTRY 1 org.eclipse.core.resources 4 1 2024-10-26 21:41:02.643
!MESSAGE 自动刷新本机代码 5 时发生了问题。

!ENTRY org.eclipse.core.resources 4 1 2024-10-26 21:41:03.653
!MESSAGE 刷新资源时发生了问题
!SUBENTRY 1 org.eclipse.core.resources 4 1 2024-10-26 21:41:03.653
!MESSAGE 自动刷新本机代码 5 时发生了问题。
!SUBENTRY 1 org.eclipse.core.resources 4 1 2024-10-26 21:41:03.653
!MESSAGE 自动刷新本机代码 5 时发生了问题。

!ENTRY org.eclipse.core.resources 4 1 2024-10-26 21:41:04.669
!MESSAGE 刷新资源时发生了问题
!SUBENTRY 1 org.eclipse.core.resources 4 1 2024-10-26 21:41:04.669
!MESSAGE 自动刷新本机代码 5 时发生了问题。
!SUBENTRY 1 org.eclipse.core.resources 4 1 2024-10-26 21:41:04.669
!MESSAGE 自动刷新本机代码 5 时发生了问题。

!ENTRY org.eclipse.core.resources 4 1 2024-10-26 21:41:05.672
!MESSAGE 刷新资源时发生了问题
!SUBENTRY 1 org.eclipse.core.resources 4 1 2024-10-26 21:41:05.672
!MESSAGE 自动刷新本机代码 5 时发生了问题。
!SUBENTRY 1 org.eclipse.core.resources 4 1 2024-10-26 21:41:05.672
!MESSAGE 自动刷新本机代码 5 时发生了问题。

!ENTRY org.eclipse.core.resources 4 1 2024-10-26 21:41:06.686
!MESSAGE 刷新资源时发生了问题
!SUBENTRY 1 org.eclipse.core.resources 4 1 2024-10-26 21:41:06.686
!MESSAGE 自动刷新本机代码 5 时发生了问题。
!SUBENTRY 1 org.eclipse.core.resources 4 1 2024-10-26 21:41:06.686
!MESSAGE 自动刷新本机代码 5 时发生了问题。

!ENTRY org.eclipse.core.resources 4 1 2024-10-26 21:41:07.689
!MESSAGE 刷新资源时发生了问题
!SUBENTRY 1 org.eclipse.core.resources 4 1 2024-10-26 21:41:07.689
!MESSAGE 自动刷新本机代码 5 时发生了问题。
!SUBENTRY 1 org.eclipse.core.resources 4 1 2024-10-26 21:41:07.689
!MESSAGE 自动刷新本机代码 5 时发生了问题。

!ENTRY org.eclipse.core.resources 4 1 2024-10-26 21:41:08.750
!MESSAGE 刷新资源时发生了问题
!SUBENTRY 1 org.eclipse.core.resources 4 1 2024-10-26 21:41:08.750
!MESSAGE 自动刷新本机代码 5 时发生了问题。
!SUBENTRY 1 org.eclipse.core.resources 4 1 2024-10-26 21:41:08.750
!MESSAGE 自动刷新本机代码 5 时发生了问题。

!ENTRY org.eclipse.core.resources 4 1 2024-10-26 21:41:09.762
!MESSAGE 刷新资源时发生了问题
!SUBENTRY 1 org.eclipse.core.resources 4 1 2024-10-26 21:41:09.762
!MESSAGE 自动刷新本机代码 5 时发生了问题。
!SUBENTRY 1 org.eclipse.core.resources 4 1 2024-10-26 21:41:09.762
!MESSAGE 自动刷新本机代码 5 时发生了问题。

!ENTRY org.eclipse.core.resources 4 1 2024-10-26 21:41:10.822
!MESSAGE 刷新资源时发生了问题
!SUBENTRY 1 org.eclipse.core.resources 4 1 2024-10-26 21:41:10.822
!MESSAGE 自动刷新本机代码 5 时发生了问题。
!SUBENTRY 1 org.eclipse.core.resources 4 1 2024-10-26 21:41:10.822
!MESSAGE 自动刷新本机代码 5 时发生了问题。

!ENTRY org.eclipse.core.resources 4 1 2024-10-26 21:41:11.834
!MESSAGE 刷新资源时发生了问题
!SUBENTRY 1 org.eclipse.core.resources 4 1 2024-10-26 21:41:11.834
!MESSAGE 自动刷新本机代码 5 时发生了问题。
!SUBENTRY 1 org.eclipse.core.resources 4 1 2024-10-26 21:41:11.834
!MESSAGE 自动刷新本机代码 5 时发生了问题。

!ENTRY org.eclipse.core.resources 4 1 2024-10-26 21:41:12.849
!MESSAGE 刷新资源时发生了问题
!SUBENTRY 1 org.eclipse.core.resources 4 1 2024-10-26 21:41:12.849
!MESSAGE 自动刷新本机代码 5 时发生了问题。
!SUBENTRY 1 org.eclipse.core.resources 4 1 2024-10-26 21:41:12.849
!MESSAGE 自动刷新本机代码 5 时发生了问题。

!ENTRY org.eclipse.core.resources 4 1 2024-10-26 21:41:13.854
!MESSAGE 刷新资源时发生了问题
!SUBENTRY 1 org.eclipse.core.resources 4 1 2024-10-26 21:41:13.854
!MESSAGE 自动刷新本机代码 5 时发生了问题。
!SUBENTRY 1 org.eclipse.core.resources 4 1 2024-10-26 21:41:13.854
!MESSAGE 自动刷新本机代码 5 时发生了问题。

!ENTRY org.eclipse.core.resources 4 1 2024-10-26 21:41:14.857
!MESSAGE 刷新资源时发生了问题
!SUBENTRY 1 org.eclipse.core.resources 4 1 2024-10-26 21:41:14.857
!MESSAGE 自动刷新本机代码 5 时发生了问题。
!SUBENTRY 1 org.eclipse.core.resources 4 1 2024-10-26 21:41:14.857
!MESSAGE 自动刷新本机代码 5 时发生了问题。

!ENTRY org.eclipse.core.resources 4 1 2024-10-26 21:41:15.860
!MESSAGE 刷新资源时发生了问题
!SUBENTRY 1 org.eclipse.core.resources 4 1 2024-10-26 21:41:15.860
!MESSAGE 自动刷新本机代码 5 时发生了问题。
!SUBENTRY 1 org.eclipse.core.resources 4 1 2024-10-26 21:41:15.860
!MESSAGE 自动刷新本机代码 5 时发生了问题。

!ENTRY org.eclipse.core.resources 4 1 2024-10-26 21:41:16.872
!MESSAGE 刷新资源时发生了问题
!SUBENTRY 1 org.eclipse.core.resources 4 1 2024-10-26 21:41:16.872
!MESSAGE 自动刷新本机代码 5 时发生了问题。
!SUBENTRY 1 org.eclipse.core.resources 4 1 2024-10-26 21:41:16.872
!MESSAGE 自动刷新本机代码 5 时发生了问题。

!ENTRY org.eclipse.core.resources 4 1 2024-10-26 21:41:17.876
!MESSAGE 刷新资源时发生了问题
!SUBENTRY 1 org.eclipse.core.resources 4 1 2024-10-26 21:41:17.876
!MESSAGE 自动刷新本机代码 5 时发生了问题。
!SUBENTRY 1 org.eclipse.core.resources 4 1 2024-10-26 21:41:17.876
!MESSAGE 自动刷新本机代码 5 时发生了问题。

!ENTRY org.eclipse.core.resources 4 1 2024-10-26 21:41:18.889
!MESSAGE 刷新资源时发生了问题
!SUBENTRY 1 org.eclipse.core.resources 4 1 2024-10-26 21:41:18.889
!MESSAGE 自动刷新本机代码 5 时发生了问题。
!SUBENTRY 1 org.eclipse.core.resources 4 1 2024-10-26 21:41:18.889
!MESSAGE 自动刷新本机代码 5 时发生了问题。

!ENTRY org.eclipse.core.resources 4 1 2024-10-26 21:41:19.893
!MESSAGE 刷新资源时发生了问题
!SUBENTRY 1 org.eclipse.core.resources 4 1 2024-10-26 21:41:19.893
!MESSAGE 自动刷新本机代码 5 时发生了问题。
!SUBENTRY 1 org.eclipse.core.resources 4 1 2024-10-26 21:41:19.893
!MESSAGE 自动刷新本机代码 5 时发生了问题。

!ENTRY org.eclipse.core.resources 4 1 2024-10-26 21:41:20.904
!MESSAGE 刷新资源时发生了问题
!SUBENTRY 1 org.eclipse.core.resources 4 1 2024-10-26 21:41:20.904
!MESSAGE 自动刷新本机代码 5 时发生了问题。
!SUBENTRY 1 org.eclipse.core.resources 4 1 2024-10-26 21:41:20.904
!MESSAGE 自动刷新本机代码 5 时发生了问题。

!ENTRY org.eclipse.core.resources 4 1 2024-10-26 21:41:21.907
!MESSAGE 刷新资源时发生了问题
!SUBENTRY 1 org.eclipse.core.resources 4 1 2024-10-26 21:41:21.907
!MESSAGE 自动刷新本机代码 5 时发生了问题。
!SUBENTRY 1 org.eclipse.core.resources 4 1 2024-10-26 21:41:21.907
!MESSAGE 自动刷新本机代码 5 时发生了问题。

!ENTRY org.eclipse.core.resources 4 1 2024-10-26 21:41:22.919
!MESSAGE 刷新资源时发生了问题
!SUBENTRY 1 org.eclipse.core.resources 4 1 2024-10-26 21:41:22.919
!MESSAGE 自动刷新本机代码 5 时发生了问题。
!SUBENTRY 1 org.eclipse.core.resources 4 1 2024-10-26 21:41:22.919
!MESSAGE 自动刷新本机代码 5 时发生了问题。

!ENTRY org.eclipse.core.resources 4 1 2024-10-26 21:41:23.923
!MESSAGE 刷新资源时发生了问题
!SUBENTRY 1 org.eclipse.core.resources 4 1 2024-10-26 21:41:23.923
!MESSAGE 自动刷新本机代码 5 时发生了问题。
!SUBENTRY 1 org.eclipse.core.resources 4 1 2024-10-26 21:41:23.923
!MESSAGE 自动刷新本机代码 5 时发生了问题。

!ENTRY org.eclipse.core.resources 4 1 2024-10-26 21:41:24.927
!MESSAGE 刷新资源时发生了问题
!SUBENTRY 1 org.eclipse.core.resources 4 1 2024-10-26 21:41:24.927
!MESSAGE 自动刷新本机代码 5 时发生了问题。
!SUBENTRY 1 org.eclipse.core.resources 4 1 2024-10-26 21:41:24.927
!MESSAGE 自动刷新本机代码 5 时发生了问题。

!ENTRY org.eclipse.core.resources 4 1 2024-10-26 21:41:25.942
!MESSAGE 刷新资源时发生了问题
!SUBENTRY 1 org.eclipse.core.resources 4 1 2024-10-26 21:41:25.942
!MESSAGE 自动刷新本机代码 5 时发生了问题。
!SUBENTRY 1 org.eclipse.core.resources 4 1 2024-10-26 21:41:25.942
!MESSAGE 自动刷新本机代码 5 时发生了问题。

!ENTRY org.eclipse.core.resources 4 1 2024-10-26 21:41:26.945
!MESSAGE 刷新资源时发生了问题
!SUBENTRY 1 org.eclipse.core.resources 4 1 2024-10-26 21:41:26.945
!MESSAGE 自动刷新本机代码 5 时发生了问题。
!SUBENTRY 1 org.eclipse.core.resources 4 1 2024-10-26 21:41:26.945
!MESSAGE 自动刷新本机代码 5 时发生了问题。

!ENTRY org.eclipse.core.resources 4 1 2024-10-26 21:41:27.958
!MESSAGE 刷新资源时发生了问题
!SUBENTRY 1 org.eclipse.core.resources 4 1 2024-10-26 21:41:27.958
!MESSAGE 自动刷新本机代码 5 时发生了问题。
!SUBENTRY 1 org.eclipse.core.resources 4 1 2024-10-26 21:41:27.958
!MESSAGE 自动刷新本机代码 5 时发生了问题。

!ENTRY org.eclipse.core.resources 4 1 2024-10-26 21:41:29.018
!MESSAGE 刷新资源时发生了问题
!SUBENTRY 1 org.eclipse.core.resources 4 1 2024-10-26 21:41:29.018
!MESSAGE 自动刷新本机代码 5 时发生了问题。
!SUBENTRY 1 org.eclipse.core.resources 4 1 2024-10-26 21:41:29.018
!MESSAGE 自动刷新本机代码 5 时发生了问题。

!ENTRY org.eclipse.core.resources 4 1 2024-10-26 21:41:30.030
!MESSAGE 刷新资源时发生了问题
!SUBENTRY 1 org.eclipse.core.resources 4 1 2024-10-26 21:41:30.030
!MESSAGE 自动刷新本机代码 5 时发生了问题。
!SUBENTRY 1 org.eclipse.core.resources 4 1 2024-10-26 21:41:30.030
!MESSAGE 自动刷新本机代码 5 时发生了问题。

!ENTRY org.eclipse.core.resources 4 1 2024-10-26 21:41:31.035
!MESSAGE 刷新资源时发生了问题
!SUBENTRY 1 org.eclipse.core.resources 4 1 2024-10-26 21:41:31.035
!MESSAGE 自动刷新本机代码 5 时发生了问题。
!SUBENTRY 1 org.eclipse.core.resources 4 1 2024-10-26 21:41:31.035
!MESSAGE 自动刷新本机代码 5 时发生了问题。

!ENTRY org.eclipse.core.resources 4 1 2024-10-26 21:41:32.047
!MESSAGE 刷新资源时发生了问题
!SUBENTRY 1 org.eclipse.core.resources 4 1 2024-10-26 21:41:32.047
!MESSAGE 自动刷新本机代码 5 时发生了问题。
!SUBENTRY 1 org.eclipse.core.resources 4 1 2024-10-26 21:41:32.047
!MESSAGE 自动刷新本机代码 5 时发生了问题。

!ENTRY org.eclipse.core.resources 4 1 2024-10-26 21:41:33.062
!MESSAGE 刷新资源时发生了问题
!SUBENTRY 1 org.eclipse.core.resources 4 1 2024-10-26 21:41:33.062
!MESSAGE 自动刷新本机代码 5 时发生了问题。
!SUBENTRY 1 org.eclipse.core.resources 4 1 2024-10-26 21:41:33.062
!MESSAGE 自动刷新本机代码 5 时发生了问题。

!ENTRY org.eclipse.core.resources 4 1 2024-10-26 21:41:34.065
!MESSAGE 刷新资源时发生了问题
!SUBENTRY 1 org.eclipse.core.resources 4 1 2024-10-26 21:41:34.065
!MESSAGE 自动刷新本机代码 5 时发生了问题。
!SUBENTRY 1 org.eclipse.core.resources 4 1 2024-10-26 21:41:34.065
!MESSAGE 自动刷新本机代码 5 时发生了问题。

!ENTRY org.eclipse.core.resources 4 1 2024-10-26 21:41:35.068
!MESSAGE 刷新资源时发生了问题
!SUBENTRY 1 org.eclipse.core.resources 4 1 2024-10-26 21:41:35.068
!MESSAGE 自动刷新本机代码 5 时发生了问题。
!SUBENTRY 1 org.eclipse.core.resources 4 1 2024-10-26 21:41:35.068
!MESSAGE 自动刷新本机代码 5 时发生了问题。

!ENTRY org.eclipse.core.resources 4 1 2024-10-26 21:41:36.083
!MESSAGE 刷新资源时发生了问题
!SUBENTRY 1 org.eclipse.core.resources 4 1 2024-10-26 21:41:36.083
!MESSAGE 自动刷新本机代码 5 时发生了问题。
!SUBENTRY 1 org.eclipse.core.resources 4 1 2024-10-26 21:41:36.083
!MESSAGE 自动刷新本机代码 5 时发生了问题。

!ENTRY org.eclipse.core.resources 4 1 2024-10-26 21:41:37.085
!MESSAGE 刷新资源时发生了问题
!SUBENTRY 1 org.eclipse.core.resources 4 1 2024-10-26 21:41:37.085
!MESSAGE 自动刷新本机代码 5 时发生了问题。
!SUBENTRY 1 org.eclipse.core.resources 4 1 2024-10-26 21:41:37.085
!MESSAGE 自动刷新本机代码 5 时发生了问题。

!ENTRY org.eclipse.core.resources 4 1 2024-10-26 21:41:38.087
!MESSAGE 刷新资源时发生了问题
!SUBENTRY 1 org.eclipse.core.resources 4 1 2024-10-26 21:41:38.087
!MESSAGE 自动刷新本机代码 5 时发生了问题。
!SUBENTRY 1 org.eclipse.core.resources 4 1 2024-10-26 21:41:38.087
!MESSAGE 自动刷新本机代码 5 时发生了问题。

!ENTRY org.eclipse.core.resources 4 1 2024-10-26 21:41:39.100
!MESSAGE 刷新资源时发生了问题
!SUBENTRY 1 org.eclipse.core.resources 4 1 2024-10-26 21:41:39.100
!MESSAGE 自动刷新本机代码 5 时发生了问题。
!SUBENTRY 1 org.eclipse.core.resources 4 1 2024-10-26 21:41:39.100
!MESSAGE 自动刷新本机代码 5 时发生了问题。

!ENTRY org.eclipse.core.resources 4 1 2024-10-26 21:41:40.114
!MESSAGE 刷新资源时发生了问题
!SUBENTRY 1 org.eclipse.core.resources 4 1 2024-10-26 21:41:40.114
!MESSAGE 自动刷新本机代码 5 时发生了问题。
!SUBENTRY 1 org.eclipse.core.resources 4 1 2024-10-26 21:41:40.114
!MESSAGE 自动刷新本机代码 5 时发生了问题。

!ENTRY org.eclipse.core.resources 4 1 2024-10-26 21:41:41.120
!MESSAGE 刷新资源时发生了问题
!SUBENTRY 1 org.eclipse.core.resources 4 1 2024-10-26 21:41:41.120
!MESSAGE 自动刷新本机代码 5 时发生了问题。
!SUBENTRY 1 org.eclipse.core.resources 4 1 2024-10-26 21:41:41.120
!MESSAGE 自动刷新本机代码 5 时发生了问题。

!ENTRY org.eclipse.core.resources 4 1 2024-10-26 21:41:42.182
!MESSAGE 刷新资源时发生了问题
!SUBENTRY 1 org.eclipse.core.resources 4 1 2024-10-26 21:41:42.182
!MESSAGE 自动刷新本机代码 5 时发生了问题。
!SUBENTRY 1 org.eclipse.core.resources 4 1 2024-10-26 21:41:42.182
!MESSAGE 自动刷新本机代码 5 时发生了问题。

!ENTRY org.eclipse.core.resources 4 1 2024-10-26 21:41:43.194
!MESSAGE 刷新资源时发生了问题
!SUBENTRY 1 org.eclipse.core.resources 4 1 2024-10-26 21:41:43.194
!MESSAGE 自动刷新本机代码 5 时发生了问题。
!SUBENTRY 1 org.eclipse.core.resources 4 1 2024-10-26 21:41:43.194
!MESSAGE 自动刷新本机代码 5 时发生了问题。

!ENTRY org.eclipse.core.resources 4 1 2024-10-26 21:41:44.207
!MESSAGE 刷新资源时发生了问题
!SUBENTRY 1 org.eclipse.core.resources 4 1 2024-10-26 21:41:44.207
!MESSAGE 自动刷新本机代码 5 时发生了问题。
!SUBENTRY 1 org.eclipse.core.resources 4 1 2024-10-26 21:41:44.207
!MESSAGE 自动刷新本机代码 5 时发生了问题。

!ENTRY org.eclipse.core.resources 4 1 2024-10-26 21:41:45.220
!MESSAGE 刷新资源时发生了问题
!SUBENTRY 1 org.eclipse.core.resources 4 1 2024-10-26 21:41:45.220
!MESSAGE 自动刷新本机代码 5 时发生了问题。
!SUBENTRY 1 org.eclipse.core.resources 4 1 2024-10-26 21:41:45.220
!MESSAGE 自动刷新本机代码 5 时发生了问题。

!ENTRY org.eclipse.core.resources 4 1 2024-10-26 21:41:46.222
!MESSAGE 刷新资源时发生了问题
!SUBENTRY 1 org.eclipse.core.resources 4 1 2024-10-26 21:41:46.222
!MESSAGE 自动刷新本机代码 5 时发生了问题。
!SUBENTRY 1 org.eclipse.core.resources 4 1 2024-10-26 21:41:46.222
!MESSAGE 自动刷新本机代码 5 时发生了问题。

!ENTRY org.eclipse.core.resources 4 1 2024-10-26 21:41:47.227
!MESSAGE 刷新资源时发生了问题
!SUBENTRY 1 org.eclipse.core.resources 4 1 2024-10-26 21:41:47.228
!MESSAGE 自动刷新本机代码 5 时发生了问题。
!SUBENTRY 1 org.eclipse.core.resources 4 1 2024-10-26 21:41:47.228
!MESSAGE 自动刷新本机代码 5 时发生了问题。

!ENTRY org.eclipse.core.resources 4 1 2024-10-26 21:41:48.229
!MESSAGE 刷新资源时发生了问题
!SUBENTRY 1 org.eclipse.core.resources 4 1 2024-10-26 21:41:48.229
!MESSAGE 自动刷新本机代码 5 时发生了问题。
!SUBENTRY 1 org.eclipse.core.resources 4 1 2024-10-26 21:41:48.229
!MESSAGE 自动刷新本机代码 5 时发生了问题。

!ENTRY org.eclipse.core.resources 4 1 2024-10-26 21:41:49.243
!MESSAGE 刷新资源时发生了问题
!SUBENTRY 1 org.eclipse.core.resources 4 1 2024-10-26 21:41:49.243
!MESSAGE 自动刷新本机代码 5 时发生了问题。
!SUBENTRY 1 org.eclipse.core.resources 4 1 2024-10-26 21:41:49.243
!MESSAGE 自动刷新本机代码 5 时发生了问题。

!ENTRY org.eclipse.core.resources 4 1 2024-10-26 21:41:50.245
!MESSAGE 刷新资源时发生了问题
!SUBENTRY 1 org.eclipse.core.resources 4 1 2024-10-26 21:41:50.245
!MESSAGE 自动刷新本机代码 5 时发生了问题。
!SUBENTRY 1 org.eclipse.core.resources 4 1 2024-10-26 21:41:50.245
!MESSAGE 自动刷新本机代码 5 时发生了问题。

!ENTRY org.eclipse.core.resources 4 1 2024-10-26 21:41:51.246
!MESSAGE 刷新资源时发生了问题
!SUBENTRY 1 org.eclipse.core.resources 4 1 2024-10-26 21:41:51.246
!MESSAGE 自动刷新本机代码 5 时发生了问题。
!SUBENTRY 1 org.eclipse.core.resources 4 1 2024-10-26 21:41:51.246
!MESSAGE 自动刷新本机代码 5 时发生了问题。

!ENTRY org.eclipse.core.resources 4 1 2024-10-26 21:41:52.262
!MESSAGE 刷新资源时发生了问题
!SUBENTRY 1 org.eclipse.core.resources 4 1 2024-10-26 21:41:52.262
!MESSAGE 自动刷新本机代码 5 时发生了问题。
!SUBENTRY 1 org.eclipse.core.resources 4 1 2024-10-26 21:41:52.262
!MESSAGE 自动刷新本机代码 5 时发生了问题。

!ENTRY org.eclipse.core.resources 4 1 2024-10-26 21:41:53.277
!MESSAGE 刷新资源时发生了问题
!SUBENTRY 1 org.eclipse.core.resources 4 1 2024-10-26 21:41:53.277
!MESSAGE 自动刷新本机代码 5 时发生了问题。
!SUBENTRY 1 org.eclipse.core.resources 4 1 2024-10-26 21:41:53.277
!MESSAGE 自动刷新本机代码 5 时发生了问题。

!ENTRY org.eclipse.core.resources 4 1 2024-10-26 21:41:54.292
!MESSAGE 刷新资源时发生了问题
!SUBENTRY 1 org.eclipse.core.resources 4 1 2024-10-26 21:41:54.292
!MESSAGE 自动刷新本机代码 5 时发生了问题。
!SUBENTRY 1 org.eclipse.core.resources 4 1 2024-10-26 21:41:54.292
!MESSAGE 自动刷新本机代码 5 时发生了问题。

!ENTRY org.eclipse.core.resources 4 1 2024-10-26 21:41:55.305
!MESSAGE 刷新资源时发生了问题
!SUBENTRY 1 org.eclipse.core.resources 4 1 2024-10-26 21:41:55.305
!MESSAGE 自动刷新本机代码 5 时发生了问题。
!SUBENTRY 1 org.eclipse.core.resources 4 1 2024-10-26 21:41:55.305
!MESSAGE 自动刷新本机代码 5 时发生了问题。

!ENTRY org.eclipse.core.resources 4 1 2024-10-26 21:41:56.319
!MESSAGE 刷新资源时发生了问题
!SUBENTRY 1 org.eclipse.core.resources 4 1 2024-10-26 21:41:56.319
!MESSAGE 自动刷新本机代码 5 时发生了问题。
!SUBENTRY 1 org.eclipse.core.resources 4 1 2024-10-26 21:41:56.319
!MESSAGE 自动刷新本机代码 5 时发生了问题。

!ENTRY org.eclipse.core.resources 4 1 2024-10-26 21:41:57.324
!MESSAGE 刷新资源时发生了问题
!SUBENTRY 1 org.eclipse.core.resources 4 1 2024-10-26 21:41:57.324
!MESSAGE 自动刷新本机代码 5 时发生了问题。
!SUBENTRY 1 org.eclipse.core.resources 4 1 2024-10-26 21:41:57.324
!MESSAGE 自动刷新本机代码 5 时发生了问题。

!ENTRY org.eclipse.core.resources 4 1 2024-10-26 21:41:58.338
!MESSAGE 刷新资源时发生了问题
!SUBENTRY 1 org.eclipse.core.resources 4 1 2024-10-26 21:41:58.338
!MESSAGE 自动刷新本机代码 5 时发生了问题。
!SUBENTRY 1 org.eclipse.core.resources 4 1 2024-10-26 21:41:58.338
!MESSAGE 自动刷新本机代码 5 时发生了问题。

!ENTRY org.eclipse.core.resources 4 1 2024-10-26 21:41:59.345
!MESSAGE 刷新资源时发生了问题
!SUBENTRY 1 org.eclipse.core.resources 4 1 2024-10-26 21:41:59.345
!MESSAGE 自动刷新本机代码 5 时发生了问题。
!SUBENTRY 1 org.eclipse.core.resources 4 1 2024-10-26 21:41:59.345
!MESSAGE 自动刷新本机代码 5 时发生了问题。

!ENTRY org.eclipse.core.resources 4 1 2024-10-26 21:42:00.360
!MESSAGE 刷新资源时发生了问题
!SUBENTRY 1 org.eclipse.core.resources 4 1 2024-10-26 21:42:00.360
!MESSAGE 自动刷新本机代码 5 时发生了问题。
!SUBENTRY 1 org.eclipse.core.resources 4 1 2024-10-26 21:42:00.360
!MESSAGE 自动刷新本机代码 5 时发生了问题。

!ENTRY org.eclipse.core.resources 4 1 2024-10-26 21:42:01.362
!MESSAGE 刷新资源时发生了问题
!SUBENTRY 1 org.eclipse.core.resources 4 1 2024-10-26 21:42:01.362
!MESSAGE 自动刷新本机代码 5 时发生了问题。
!SUBENTRY 1 org.eclipse.core.resources 4 1 2024-10-26 21:42:01.362
!MESSAGE 自动刷新本机代码 5 时发生了问题。

!ENTRY org.eclipse.core.resources 4 1 2024-10-26 21:42:02.363
!MESSAGE 刷新资源时发生了问题
!SUBENTRY 1 org.eclipse.core.resources 4 1 2024-10-26 21:42:02.363
!MESSAGE 自动刷新本机代码 5 时发生了问题。
!SUBENTRY 1 org.eclipse.core.resources 4 1 2024-10-26 21:42:02.363
!MESSAGE 自动刷新本机代码 5 时发生了问题。

!ENTRY org.eclipse.core.resources 4 1 2024-10-26 21:42:03.424
!MESSAGE 刷新资源时发生了问题
!SUBENTRY 1 org.eclipse.core.resources 4 1 2024-10-26 21:42:03.424
!MESSAGE 自动刷新本机代码 5 时发生了问题。
!SUBENTRY 1 org.eclipse.core.resources 4 1 2024-10-26 21:42:03.424
!MESSAGE 自动刷新本机代码 5 时发生了问题。

!ENTRY org.eclipse.core.resources 4 1 2024-10-26 21:42:04.437
!MESSAGE 刷新资源时发生了问题
!SUBENTRY 1 org.eclipse.core.resources 4 1 2024-10-26 21:42:04.437
!MESSAGE 自动刷新本机代码 5 时发生了问题。
!SUBENTRY 1 org.eclipse.core.resources 4 1 2024-10-26 21:42:04.437
!MESSAGE 自动刷新本机代码 5 时发生了问题。

!ENTRY org.eclipse.core.resources 4 1 2024-10-26 21:42:05.451
!MESSAGE 刷新资源时发生了问题
!SUBENTRY 1 org.eclipse.core.resources 4 1 2024-10-26 21:42:05.451
!MESSAGE 自动刷新本机代码 5 时发生了问题。
!SUBENTRY 1 org.eclipse.core.resources 4 1 2024-10-26 21:42:05.451
!MESSAGE 自动刷新本机代码 5 时发生了问题。

!ENTRY org.eclipse.core.resources 4 1 2024-10-26 21:42:06.452
!MESSAGE 刷新资源时发生了问题
!SUBENTRY 1 org.eclipse.core.resources 4 1 2024-10-26 21:42:06.453
!MESSAGE 自动刷新本机代码 5 时发生了问题。
!SUBENTRY 1 org.eclipse.core.resources 4 1 2024-10-26 21:42:06.453
!MESSAGE 自动刷新本机代码 5 时发生了问题。

!ENTRY org.eclipse.core.resources 4 1 2024-10-26 21:42:07.454
!MESSAGE 刷新资源时发生了问题
!SUBENTRY 1 org.eclipse.core.resources 4 1 2024-10-26 21:42:07.454
!MESSAGE 自动刷新本机代码 5 时发生了问题。
!SUBENTRY 1 org.eclipse.core.resources 4 1 2024-10-26 21:42:07.454
!MESSAGE 自动刷新本机代码 5 时发生了问题。

!ENTRY org.eclipse.core.resources 4 1 2024-10-26 21:42:08.469
!MESSAGE 刷新资源时发生了问题
!SUBENTRY 1 org.eclipse.core.resources 4 1 2024-10-26 21:42:08.469
!MESSAGE 自动刷新本机代码 5 时发生了问题。
!SUBENTRY 1 org.eclipse.core.resources 4 1 2024-10-26 21:42:08.469
!MESSAGE 自动刷新本机代码 5 时发生了问题。

!ENTRY org.eclipse.core.resources 4 1 2024-10-26 21:42:09.472
!MESSAGE 刷新资源时发生了问题
!SUBENTRY 1 org.eclipse.core.resources 4 1 2024-10-26 21:42:09.472
!MESSAGE 自动刷新本机代码 5 时发生了问题。
!SUBENTRY 1 org.eclipse.core.resources 4 1 2024-10-26 21:42:09.472
!MESSAGE 自动刷新本机代码 5 时发生了问题。

!ENTRY org.eclipse.core.resources 4 1 2024-10-26 21:42:10.487
!MESSAGE 刷新资源时发生了问题
!SUBENTRY 1 org.eclipse.core.resources 4 1 2024-10-26 21:42:10.487
!MESSAGE 自动刷新本机代码 5 时发生了问题。
!SUBENTRY 1 org.eclipse.core.resources 4 1 2024-10-26 21:42:10.487
!MESSAGE 自动刷新本机代码 5 时发生了问题。

!ENTRY org.eclipse.core.resources 4 1 2024-10-26 21:42:11.492
!MESSAGE 刷新资源时发生了问题
!SUBENTRY 1 org.eclipse.core.resources 4 1 2024-10-26 21:42:11.492
!MESSAGE 自动刷新本机代码 5 时发生了问题。
!SUBENTRY 1 org.eclipse.core.resources 4 1 2024-10-26 21:42:11.492
!MESSAGE 自动刷新本机代码 5 时发生了问题。

!ENTRY org.eclipse.core.resources 4 1 2024-10-26 21:42:12.506
!MESSAGE 刷新资源时发生了问题
!SUBENTRY 1 org.eclipse.core.resources 4 1 2024-10-26 21:42:12.506
!MESSAGE 自动刷新本机代码 5 时发生了问题。
!SUBENTRY 1 org.eclipse.core.resources 4 1 2024-10-26 21:42:12.506
!MESSAGE 自动刷新本机代码 5 时发生了问题。

!ENTRY org.eclipse.core.resources 4 1 2024-10-26 21:42:13.520
!MESSAGE 刷新资源时发生了问题
!SUBENTRY 1 org.eclipse.core.resources 4 1 2024-10-26 21:42:13.520
!MESSAGE 自动刷新本机代码 5 时发生了问题。
!SUBENTRY 1 org.eclipse.core.resources 4 1 2024-10-26 21:42:13.520
!MESSAGE 自动刷新本机代码 5 时发生了问题。

!ENTRY org.eclipse.core.resources 4 1 2024-10-26 21:42:14.534
!MESSAGE 刷新资源时发生了问题
!SUBENTRY 1 org.eclipse.core.resources 4 1 2024-10-26 21:42:14.534
!MESSAGE 自动刷新本机代码 5 时发生了问题。
!SUBENTRY 1 org.eclipse.core.resources 4 1 2024-10-26 21:42:14.534
!MESSAGE 自动刷新本机代码 5 时发生了问题。

!ENTRY org.eclipse.core.resources 4 1 2024-10-26 21:42:15.547
!MESSAGE 刷新资源时发生了问题
!SUBENTRY 1 org.eclipse.core.resources 4 1 2024-10-26 21:42:15.547
!MESSAGE 自动刷新本机代码 5 时发生了问题。
!SUBENTRY 1 org.eclipse.core.resources 4 1 2024-10-26 21:42:15.547
!MESSAGE 自动刷新本机代码 5 时发生了问题。

!ENTRY org.eclipse.core.resources 4 1 2024-10-26 21:42:16.558
!MESSAGE 刷新资源时发生了问题
!SUBENTRY 1 org.eclipse.core.resources 4 1 2024-10-26 21:42:16.558
!MESSAGE 自动刷新本机代码 5 时发生了问题。
!SUBENTRY 1 org.eclipse.core.resources 4 1 2024-10-26 21:42:16.558
!MESSAGE 自动刷新本机代码 5 时发生了问题。

!ENTRY org.eclipse.core.resources 4 1 2024-10-26 21:42:17.572
!MESSAGE 刷新资源时发生了问题
!SUBENTRY 1 org.eclipse.core.resources 4 1 2024-10-26 21:42:17.572
!MESSAGE 自动刷新本机代码 5 时发生了问题。
!SUBENTRY 1 org.eclipse.core.resources 4 1 2024-10-26 21:42:17.572
!MESSAGE 自动刷新本机代码 5 时发生了问题。

!ENTRY org.eclipse.core.resources 4 1 2024-10-26 21:42:18.576
!MESSAGE 刷新资源时发生了问题
!SUBENTRY 1 org.eclipse.core.resources 4 1 2024-10-26 21:42:18.576
!MESSAGE 自动刷新本机代码 5 时发生了问题。
!SUBENTRY 1 org.eclipse.core.resources 4 1 2024-10-26 21:42:18.576
!MESSAGE 自动刷新本机代码 5 时发生了问题。

!ENTRY org.eclipse.core.resources 4 1 2024-10-26 21:42:19.586
!MESSAGE 刷新资源时发生了问题
!SUBENTRY 1 org.eclipse.core.resources 4 1 2024-10-26 21:42:19.586
!MESSAGE 自动刷新本机代码 5 时发生了问题。
!SUBENTRY 1 org.eclipse.core.resources 4 1 2024-10-26 21:42:19.586
!MESSAGE 自动刷新本机代码 5 时发生了问题。

!ENTRY org.eclipse.core.resources 4 1 2024-10-26 21:42:20.589
!MESSAGE 刷新资源时发生了问题
!SUBENTRY 1 org.eclipse.core.resources 4 1 2024-10-26 21:42:20.589
!MESSAGE 自动刷新本机代码 5 时发生了问题。
!SUBENTRY 1 org.eclipse.core.resources 4 1 2024-10-26 21:42:20.589
!MESSAGE 自动刷新本机代码 5 时发生了问题。

!ENTRY org.eclipse.core.resources 4 1 2024-10-26 21:42:21.592
!MESSAGE 刷新资源时发生了问题
!SUBENTRY 1 org.eclipse.core.resources 4 1 2024-10-26 21:42:21.592
!MESSAGE 自动刷新本机代码 5 时发生了问题。
!SUBENTRY 1 org.eclipse.core.resources 4 1 2024-10-26 21:42:21.592
!MESSAGE 自动刷新本机代码 5 时发生了问题。

!ENTRY org.eclipse.core.resources 4 1 2024-10-26 21:42:22.607
!MESSAGE 刷新资源时发生了问题
!SUBENTRY 1 org.eclipse.core.resources 4 1 2024-10-26 21:42:22.607
!MESSAGE 自动刷新本机代码 5 时发生了问题。
!SUBENTRY 1 org.eclipse.core.resources 4 1 2024-10-26 21:42:22.607
!MESSAGE 自动刷新本机代码 5 时发生了问题。

!ENTRY org.eclipse.core.resources 4 1 2024-10-26 21:42:23.608
!MESSAGE 刷新资源时发生了问题
!SUBENTRY 1 org.eclipse.core.resources 4 1 2024-10-26 21:42:23.608
!MESSAGE 自动刷新本机代码 5 时发生了问题。
!SUBENTRY 1 org.eclipse.core.resources 4 1 2024-10-26 21:42:23.608
!MESSAGE 自动刷新本机代码 5 时发生了问题。

!ENTRY org.eclipse.core.resources 4 1 2024-10-26 21:42:24.622
!MESSAGE 刷新资源时发生了问题
!SUBENTRY 1 org.eclipse.core.resources 4 1 2024-10-26 21:42:24.622
!MESSAGE 自动刷新本机代码 5 时发生了问题。
!SUBENTRY 1 org.eclipse.core.resources 4 1 2024-10-26 21:42:24.622
!MESSAGE 自动刷新本机代码 5 时发生了问题。

!ENTRY org.eclipse.core.resources 4 1 2024-10-26 21:42:25.649
!MESSAGE 刷新资源时发生了问题
!SUBENTRY 1 org.eclipse.core.resources 4 1 2024-10-26 21:42:25.649
!MESSAGE 自动刷新本机代码 5 时发生了问题。
!SUBENTRY 1 org.eclipse.core.resources 4 1 2024-10-26 21:42:25.649
!MESSAGE 自动刷新本机代码 5 时发生了问题。

!ENTRY org.eclipse.core.resources 4 1 2024-10-26 21:42:26.666
!MESSAGE 刷新资源时发生了问题
!SUBENTRY 1 org.eclipse.core.resources 4 1 2024-10-26 21:42:26.666
!MESSAGE 自动刷新本机代码 5 时发生了问题。
!SUBENTRY 1 org.eclipse.core.resources 4 1 2024-10-26 21:42:26.666
!MESSAGE 自动刷新本机代码 5 时发生了问题。

!ENTRY org.eclipse.core.resources 4 1 2024-10-26 21:42:27.699
!MESSAGE 刷新资源时发生了问题
!SUBENTRY 1 org.eclipse.core.resources 4 1 2024-10-26 21:42:27.699
!MESSAGE 自动刷新本机代码 5 时发生了问题。
!SUBENTRY 1 org.eclipse.core.resources 4 1 2024-10-26 21:42:27.700
!MESSAGE 自动刷新本机代码 5 时发生了问题。

!ENTRY org.eclipse.core.resources 4 1 2024-10-26 21:42:28.736
!MESSAGE 刷新资源时发生了问题
!SUBENTRY 1 org.eclipse.core.resources 4 1 2024-10-26 21:42:28.736
!MESSAGE 自动刷新本机代码 5 时发生了问题。
!SUBENTRY 1 org.eclipse.core.resources 4 1 2024-10-26 21:42:28.736
!MESSAGE 自动刷新本机代码 5 时发生了问题。

!ENTRY org.eclipse.core.resources 4 1 2024-10-26 21:42:29.752
!MESSAGE 刷新资源时发生了问题
!SUBENTRY 1 org.eclipse.core.resources 4 1 2024-10-26 21:42:29.752
!MESSAGE 自动刷新本机代码 5 时发生了问题。
!SUBENTRY 1 org.eclipse.core.resources 4 1 2024-10-26 21:42:29.752
!MESSAGE 自动刷新本机代码 5 时发生了问题。

!ENTRY org.eclipse.core.resources 4 1 2024-10-26 21:42:30.768
!MESSAGE 刷新资源时发生了问题
!SUBENTRY 1 org.eclipse.core.resources 4 1 2024-10-26 21:42:30.768
!MESSAGE 自动刷新本机代码 5 时发生了问题。
!SUBENTRY 1 org.eclipse.core.resources 4 1 2024-10-26 21:42:30.768
!MESSAGE 自动刷新本机代码 5 时发生了问题。

!ENTRY org.eclipse.core.resources 4 1 2024-10-26 21:42:31.783
!MESSAGE 刷新资源时发生了问题
!SUBENTRY 1 org.eclipse.core.resources 4 1 2024-10-26 21:42:31.783
!MESSAGE 自动刷新本机代码 5 时发生了问题。
!SUBENTRY 1 org.eclipse.core.resources 4 1 2024-10-26 21:42:31.783
!MESSAGE 自动刷新本机代码 5 时发生了问题。

!ENTRY org.eclipse.core.resources 4 1 2024-10-26 21:42:32.801
!MESSAGE 刷新资源时发生了问题
!SUBENTRY 1 org.eclipse.core.resources 4 1 2024-10-26 21:42:32.801
!MESSAGE 自动刷新本机代码 5 时发生了问题。
!SUBENTRY 1 org.eclipse.core.resources 4 1 2024-10-26 21:42:32.801
!MESSAGE 自动刷新本机代码 5 时发生了问题。

!ENTRY org.eclipse.core.resources 4 1 2024-10-26 21:42:33.812
!MESSAGE 刷新资源时发生了问题
!SUBENTRY 1 org.eclipse.core.resources 4 1 2024-10-26 21:42:33.812
!MESSAGE 自动刷新本机代码 5 时发生了问题。
!SUBENTRY 1 org.eclipse.core.resources 4 1 2024-10-26 21:42:33.812
!MESSAGE 自动刷新本机代码 5 时发生了问题。

!ENTRY org.eclipse.core.resources 4 1 2024-10-26 21:42:34.816
!MESSAGE 刷新资源时发生了问题
!SUBENTRY 1 org.eclipse.core.resources 4 1 2024-10-26 21:42:34.816
!MESSAGE 自动刷新本机代码 5 时发生了问题。
!SUBENTRY 1 org.eclipse.core.resources 4 1 2024-10-26 21:42:34.816
!MESSAGE 自动刷新本机代码 5 时发生了问题。

!ENTRY org.eclipse.core.resources 4 1 2024-10-26 21:42:35.824
!MESSAGE 刷新资源时发生了问题
!SUBENTRY 1 org.eclipse.core.resources 4 1 2024-10-26 21:42:35.824
!MESSAGE 自动刷新本机代码 5 时发生了问题。
!SUBENTRY 1 org.eclipse.core.resources 4 1 2024-10-26 21:42:35.824
!MESSAGE 自动刷新本机代码 5 时发生了问题。

!ENTRY org.eclipse.core.resources 4 1 2024-10-26 21:42:36.869
!MESSAGE 刷新资源时发生了问题
!SUBENTRY 1 org.eclipse.core.resources 4 1 2024-10-26 21:42:36.869
!MESSAGE 自动刷新本机代码 5 时发生了问题。
!SUBENTRY 1 org.eclipse.core.resources 4 1 2024-10-26 21:42:36.869
!MESSAGE 自动刷新本机代码 5 时发生了问题。

!ENTRY org.eclipse.core.resources 4 1 2024-10-26 21:42:37.893
!MESSAGE 刷新资源时发生了问题
!SUBENTRY 1 org.eclipse.core.resources 4 1 2024-10-26 21:42:37.893
!MESSAGE 自动刷新本机代码 5 时发生了问题。
!SUBENTRY 1 org.eclipse.core.resources 4 1 2024-10-26 21:42:37.893
!MESSAGE 自动刷新本机代码 5 时发生了问题。

!ENTRY org.eclipse.core.resources 4 1 2024-10-26 21:42:38.907
!MESSAGE 刷新资源时发生了问题
!SUBENTRY 1 org.eclipse.core.resources 4 1 2024-10-26 21:42:38.907
!MESSAGE 自动刷新本机代码 5 时发生了问题。
!SUBENTRY 1 org.eclipse.core.resources 4 1 2024-10-26 21:42:38.907
!MESSAGE 自动刷新本机代码 5 时发生了问题。

!ENTRY org.eclipse.core.resources 4 1 2024-10-26 21:42:39.946
!MESSAGE 刷新资源时发生了问题
!SUBENTRY 1 org.eclipse.core.resources 4 1 2024-10-26 21:42:39.946
!MESSAGE 自动刷新本机代码 5 时发生了问题。
!SUBENTRY 1 org.eclipse.core.resources 4 1 2024-10-26 21:42:39.946
!MESSAGE 自动刷新本机代码 5 时发生了问题。

!ENTRY org.eclipse.core.resources 4 1 2024-10-26 21:42:40.960
!MESSAGE 刷新资源时发生了问题
!SUBENTRY 1 org.eclipse.core.resources 4 1 2024-10-26 21:42:40.960
!MESSAGE 自动刷新本机代码 5 时发生了问题。
!SUBENTRY 1 org.eclipse.core.resources 4 1 2024-10-26 21:42:40.960
!MESSAGE 自动刷新本机代码 5 时发生了问题。

!ENTRY org.eclipse.core.resources 4 1 2024-10-26 21:42:41.979
!MESSAGE 刷新资源时发生了问题
!SUBENTRY 1 org.eclipse.core.resources 4 1 2024-10-26 21:42:41.979
!MESSAGE 自动刷新本机代码 5 时发生了问题。
!SUBENTRY 1 org.eclipse.core.resources 4 1 2024-10-26 21:42:41.979
!MESSAGE 自动刷新本机代码 5 时发生了问题。

!ENTRY org.eclipse.core.resources 4 1 2024-10-26 21:42:42.997
!MESSAGE 刷新资源时发生了问题
!SUBENTRY 1 org.eclipse.core.resources 4 1 2024-10-26 21:42:42.997
!MESSAGE 自动刷新本机代码 5 时发生了问题。
!SUBENTRY 1 org.eclipse.core.resources 4 1 2024-10-26 21:42:42.997
!MESSAGE 自动刷新本机代码 5 时发生了问题。

!ENTRY org.eclipse.core.resources 4 1 2024-10-26 21:42:44.013
!MESSAGE 刷新资源时发生了问题
!SUBENTRY 1 org.eclipse.core.resources 4 1 2024-10-26 21:42:44.013
!MESSAGE 自动刷新本机代码 5 时发生了问题。
!SUBENTRY 1 org.eclipse.core.resources 4 1 2024-10-26 21:42:44.013
!MESSAGE 自动刷新本机代码 5 时发生了问题。

!ENTRY org.eclipse.core.resources 4 1 2024-10-26 21:42:45.022
!MESSAGE 刷新资源时发生了问题
!SUBENTRY 1 org.eclipse.core.resources 4 1 2024-10-26 21:42:45.022
!MESSAGE 自动刷新本机代码 5 时发生了问题。
!SUBENTRY 1 org.eclipse.core.resources 4 1 2024-10-26 21:42:45.022
!MESSAGE 自动刷新本机代码 5 时发生了问题。

!ENTRY org.eclipse.core.resources 4 1 2024-10-26 21:42:46.037
!MESSAGE 刷新资源时发生了问题
!SUBENTRY 1 org.eclipse.core.resources 4 1 2024-10-26 21:42:46.037
!MESSAGE 自动刷新本机代码 5 时发生了问题。
!SUBENTRY 1 org.eclipse.core.resources 4 1 2024-10-26 21:42:46.037
!MESSAGE 自动刷新本机代码 5 时发生了问题。

!ENTRY org.eclipse.core.resources 4 1 2024-10-26 21:42:47.054
!MESSAGE 刷新资源时发生了问题
!SUBENTRY 1 org.eclipse.core.resources 4 1 2024-10-26 21:42:47.054
!MESSAGE 自动刷新本机代码 5 时发生了问题。
!SUBENTRY 1 org.eclipse.core.resources 4 1 2024-10-26 21:42:47.054
!MESSAGE 自动刷新本机代码 5 时发生了问题。

!ENTRY org.eclipse.core.resources 4 1 2024-10-26 21:42:48.067
!MESSAGE 刷新资源时发生了问题
!SUBENTRY 1 org.eclipse.core.resources 4 1 2024-10-26 21:42:48.067
!MESSAGE 自动刷新本机代码 5 时发生了问题。
!SUBENTRY 1 org.eclipse.core.resources 4 1 2024-10-26 21:42:48.067
!MESSAGE 自动刷新本机代码 5 时发生了问题。

!ENTRY org.eclipse.core.resources 4 1 2024-10-26 21:42:49.081
!MESSAGE 刷新资源时发生了问题
!SUBENTRY 1 org.eclipse.core.resources 4 1 2024-10-26 21:42:49.081
!MESSAGE 自动刷新本机代码 5 时发生了问题。
!SUBENTRY 1 org.eclipse.core.resources 4 1 2024-10-26 21:42:49.081
!MESSAGE 自动刷新本机代码 5 时发生了问题。

!ENTRY org.eclipse.core.resources 4 1 2024-10-26 21:42:50.087
!MESSAGE 刷新资源时发生了问题
!SUBENTRY 1 org.eclipse.core.resources 4 1 2024-10-26 21:42:50.088
!MESSAGE 自动刷新本机代码 5 时发生了问题。
!SUBENTRY 1 org.eclipse.core.resources 4 1 2024-10-26 21:42:50.088
!MESSAGE 自动刷新本机代码 5 时发生了问题。

!ENTRY org.eclipse.core.resources 4 1 2024-10-26 21:42:51.097
!MESSAGE 刷新资源时发生了问题
!SUBENTRY 1 org.eclipse.core.resources 4 1 2024-10-26 21:42:51.097
!MESSAGE 自动刷新本机代码 5 时发生了问题。
!SUBENTRY 1 org.eclipse.core.resources 4 1 2024-10-26 21:42:51.097
!MESSAGE 自动刷新本机代码 5 时发生了问题。

!ENTRY org.eclipse.core.resources 4 1 2024-10-26 21:42:52.099
!MESSAGE 刷新资源时发生了问题
!SUBENTRY 1 org.eclipse.core.resources 4 1 2024-10-26 21:42:52.099
!MESSAGE 自动刷新本机代码 5 时发生了问题。
!SUBENTRY 1 org.eclipse.core.resources 4 1 2024-10-26 21:42:52.099
!MESSAGE 自动刷新本机代码 5 时发生了问题。

!ENTRY org.eclipse.core.resources 4 1 2024-10-26 21:42:53.101
!MESSAGE 刷新资源时发生了问题
!SUBENTRY 1 org.eclipse.core.resources 4 1 2024-10-26 21:42:53.101
!MESSAGE 自动刷新本机代码 5 时发生了问题。
!SUBENTRY 1 org.eclipse.core.resources 4 1 2024-10-26 21:42:53.101
!MESSAGE 自动刷新本机代码 5 时发生了问题。

!ENTRY org.eclipse.core.resources 4 1 2024-10-26 21:42:54.105
!MESSAGE 刷新资源时发生了问题
!SUBENTRY 1 org.eclipse.core.resources 4 1 2024-10-26 21:42:54.105
!MESSAGE 自动刷新本机代码 5 时发生了问题。
!SUBENTRY 1 org.eclipse.core.resources 4 1 2024-10-26 21:42:54.105
!MESSAGE 自动刷新本机代码 5 时发生了问题。

!ENTRY org.eclipse.core.resources 4 1 2024-10-26 21:42:55.107
!MESSAGE 刷新资源时发生了问题
!SUBENTRY 1 org.eclipse.core.resources 4 1 2024-10-26 21:42:55.107
!MESSAGE 自动刷新本机代码 5 时发生了问题。
!SUBENTRY 1 org.eclipse.core.resources 4 1 2024-10-26 21:42:55.107
!MESSAGE 自动刷新本机代码 5 时发生了问题。

!ENTRY org.eclipse.core.resources 4 1 2024-10-26 21:42:56.112
!MESSAGE 刷新资源时发生了问题
!SUBENTRY 1 org.eclipse.core.resources 4 1 2024-10-26 21:42:56.112
!MESSAGE 自动刷新本机代码 5 时发生了问题。
!SUBENTRY 1 org.eclipse.core.resources 4 1 2024-10-26 21:42:56.112
!MESSAGE 自动刷新本机代码 5 时发生了问题。

!ENTRY org.eclipse.core.resources 4 1 2024-10-26 21:42:57.124
!MESSAGE 刷新资源时发生了问题
!SUBENTRY 1 org.eclipse.core.resources 4 1 2024-10-26 21:42:57.124
!MESSAGE 自动刷新本机代码 5 时发生了问题。
!SUBENTRY 1 org.eclipse.core.resources 4 1 2024-10-26 21:42:57.124
!MESSAGE 自动刷新本机代码 5 时发生了问题。

!ENTRY org.eclipse.core.resources 4 1 2024-10-26 21:42:58.138
!MESSAGE 刷新资源时发生了问题
!SUBENTRY 1 org.eclipse.core.resources 4 1 2024-10-26 21:42:58.138
!MESSAGE 自动刷新本机代码 5 时发生了问题。
!SUBENTRY 1 org.eclipse.core.resources 4 1 2024-10-26 21:42:58.138
!MESSAGE 自动刷新本机代码 5 时发生了问题。

!ENTRY org.eclipse.core.resources 4 1 2024-10-26 21:42:59.200
!MESSAGE 刷新资源时发生了问题
!SUBENTRY 1 org.eclipse.core.resources 4 1 2024-10-26 21:42:59.200
!MESSAGE 自动刷新本机代码 5 时发生了问题。
!SUBENTRY 1 org.eclipse.core.resources 4 1 2024-10-26 21:42:59.200
!MESSAGE 自动刷新本机代码 5 时发生了问题。

!ENTRY org.eclipse.core.resources 4 1 2024-10-26 21:43:00.209
!MESSAGE 刷新资源时发生了问题
!SUBENTRY 1 org.eclipse.core.resources 4 1 2024-10-26 21:43:00.209
!MESSAGE 自动刷新本机代码 5 时发生了问题。
!SUBENTRY 1 org.eclipse.core.resources 4 1 2024-10-26 21:43:00.209
!MESSAGE 自动刷新本机代码 5 时发生了问题。

!ENTRY org.eclipse.core.resources 4 1 2024-10-26 21:43:01.225
!MESSAGE 刷新资源时发生了问题
!SUBENTRY 1 org.eclipse.core.resources 4 1 2024-10-26 21:43:01.225
!MESSAGE 自动刷新本机代码 5 时发生了问题。
!SUBENTRY 1 org.eclipse.core.resources 4 1 2024-10-26 21:43:01.225
!MESSAGE 自动刷新本机代码 5 时发生了问题。

!ENTRY org.eclipse.core.resources 4 1 2024-10-26 21:43:02.240
!MESSAGE 刷新资源时发生了问题
!SUBENTRY 1 org.eclipse.core.resources 4 1 2024-10-26 21:43:02.240
!MESSAGE 自动刷新本机代码 5 时发生了问题。
!SUBENTRY 1 org.eclipse.core.resources 4 1 2024-10-26 21:43:02.240
!MESSAGE 自动刷新本机代码 5 时发生了问题。

!ENTRY org.eclipse.core.resources 4 1 2024-10-26 21:43:03.243
!MESSAGE 刷新资源时发生了问题
!SUBENTRY 1 org.eclipse.core.resources 4 1 2024-10-26 21:43:03.243
!MESSAGE 自动刷新本机代码 5 时发生了问题。
!SUBENTRY 1 org.eclipse.core.resources 4 1 2024-10-26 21:43:03.243
!MESSAGE 自动刷新本机代码 5 时发生了问题。

!ENTRY org.eclipse.core.resources 4 1 2024-10-26 21:43:04.245
!MESSAGE 刷新资源时发生了问题
!SUBENTRY 1 org.eclipse.core.resources 4 1 2024-10-26 21:43:04.245
!MESSAGE 自动刷新本机代码 5 时发生了问题。
!SUBENTRY 1 org.eclipse.core.resources 4 1 2024-10-26 21:43:04.245
!MESSAGE 自动刷新本机代码 5 时发生了问题。

!ENTRY org.eclipse.core.resources 4 1 2024-10-26 21:43:05.259
!MESSAGE 刷新资源时发生了问题
!SUBENTRY 1 org.eclipse.core.resources 4 1 2024-10-26 21:43:05.259
!MESSAGE 自动刷新本机代码 5 时发生了问题。
!SUBENTRY 1 org.eclipse.core.resources 4 1 2024-10-26 21:43:05.259
!MESSAGE 自动刷新本机代码 5 时发生了问题。

!ENTRY org.eclipse.core.resources 4 1 2024-10-26 21:43:06.261
!MESSAGE 刷新资源时发生了问题
!SUBENTRY 1 org.eclipse.core.resources 4 1 2024-10-26 21:43:06.261
!MESSAGE 自动刷新本机代码 5 时发生了问题。
!SUBENTRY 1 org.eclipse.core.resources 4 1 2024-10-26 21:43:06.261
!MESSAGE 自动刷新本机代码 5 时发生了问题。

!ENTRY org.eclipse.core.resources 4 1 2024-10-26 21:43:07.264
!MESSAGE 刷新资源时发生了问题
!SUBENTRY 1 org.eclipse.core.resources 4 1 2024-10-26 21:43:07.264
!MESSAGE 自动刷新本机代码 5 时发生了问题。
!SUBENTRY 1 org.eclipse.core.resources 4 1 2024-10-26 21:43:07.264
!MESSAGE 自动刷新本机代码 5 时发生了问题。

!ENTRY org.eclipse.core.resources 4 1 2024-10-26 21:43:08.267
!MESSAGE 刷新资源时发生了问题
!SUBENTRY 1 org.eclipse.core.resources 4 1 2024-10-26 21:43:08.267
!MESSAGE 自动刷新本机代码 5 时发生了问题。
!SUBENTRY 1 org.eclipse.core.resources 4 1 2024-10-26 21:43:08.267
!MESSAGE 自动刷新本机代码 5 时发生了问题。

!ENTRY org.eclipse.core.resources 4 1 2024-10-26 21:43:09.282
!MESSAGE 刷新资源时发生了问题
!SUBENTRY 1 org.eclipse.core.resources 4 1 2024-10-26 21:43:09.282
!MESSAGE 自动刷新本机代码 5 时发生了问题。
!SUBENTRY 1 org.eclipse.core.resources 4 1 2024-10-26 21:43:09.282
!MESSAGE 自动刷新本机代码 5 时发生了问题。

!ENTRY org.eclipse.core.resources 4 1 2024-10-26 21:43:10.295
!MESSAGE 刷新资源时发生了问题
!SUBENTRY 1 org.eclipse.core.resources 4 1 2024-10-26 21:43:10.295
!MESSAGE 自动刷新本机代码 5 时发生了问题。
!SUBENTRY 1 org.eclipse.core.resources 4 1 2024-10-26 21:43:10.295
!MESSAGE 自动刷新本机代码 5 时发生了问题。

!ENTRY org.eclipse.core.resources 4 1 2024-10-26 21:43:11.301
!MESSAGE 刷新资源时发生了问题
!SUBENTRY 1 org.eclipse.core.resources 4 1 2024-10-26 21:43:11.301
!MESSAGE 自动刷新本机代码 5 时发生了问题。
!SUBENTRY 1 org.eclipse.core.resources 4 1 2024-10-26 21:43:11.301
!MESSAGE 自动刷新本机代码 5 时发生了问题。

!ENTRY org.eclipse.core.resources 4 1 2024-10-26 21:43:12.315
!MESSAGE 刷新资源时发生了问题
!SUBENTRY 1 org.eclipse.core.resources 4 1 2024-10-26 21:43:12.315
!MESSAGE 自动刷新本机代码 5 时发生了问题。
!SUBENTRY 1 org.eclipse.core.resources 4 1 2024-10-26 21:43:12.315
!MESSAGE 自动刷新本机代码 5 时发生了问题。

!ENTRY org.eclipse.core.resources 4 1 2024-10-26 21:43:13.331
!MESSAGE 刷新资源时发生了问题
!SUBENTRY 1 org.eclipse.core.resources 4 1 2024-10-26 21:43:13.331
!MESSAGE 自动刷新本机代码 5 时发生了问题。
!SUBENTRY 1 org.eclipse.core.resources 4 1 2024-10-26 21:43:13.331
!MESSAGE 自动刷新本机代码 5 时发生了问题。

!ENTRY org.eclipse.core.resources 4 1 2024-10-26 21:43:14.334
!MESSAGE 刷新资源时发生了问题
!SUBENTRY 1 org.eclipse.core.resources 4 1 2024-10-26 21:43:14.334
!MESSAGE 自动刷新本机代码 5 时发生了问题。
!SUBENTRY 1 org.eclipse.core.resources 4 1 2024-10-26 21:43:14.334
!MESSAGE 自动刷新本机代码 5 时发生了问题。

!ENTRY org.eclipse.core.resources 4 1 2024-10-26 21:43:15.347
!MESSAGE 刷新资源时发生了问题
!SUBENTRY 1 org.eclipse.core.resources 4 1 2024-10-26 21:43:15.347
!MESSAGE 自动刷新本机代码 5 时发生了问题。
!SUBENTRY 1 org.eclipse.core.resources 4 1 2024-10-26 21:43:15.347
!MESSAGE 自动刷新本机代码 5 时发生了问题。

!ENTRY org.eclipse.core.resources 4 1 2024-10-26 21:43:16.350
!MESSAGE 刷新资源时发生了问题
!SUBENTRY 1 org.eclipse.core.resources 4 1 2024-10-26 21:43:16.350
!MESSAGE 自动刷新本机代码 5 时发生了问题。
!SUBENTRY 1 org.eclipse.core.resources 4 1 2024-10-26 21:43:16.350
!MESSAGE 自动刷新本机代码 5 时发生了问题。

!ENTRY org.eclipse.core.resources 4 1 2024-10-26 21:43:17.364
!MESSAGE 刷新资源时发生了问题
!SUBENTRY 1 org.eclipse.core.resources 4 1 2024-10-26 21:43:17.365
!MESSAGE 自动刷新本机代码 5 时发生了问题。
!SUBENTRY 1 org.eclipse.core.resources 4 1 2024-10-26 21:43:17.365
!MESSAGE 自动刷新本机代码 5 时发生了问题。

!ENTRY org.eclipse.core.resources 4 1 2024-10-26 21:43:18.427
!MESSAGE 刷新资源时发生了问题
!SUBENTRY 1 org.eclipse.core.resources 4 1 2024-10-26 21:43:18.427
!MESSAGE 自动刷新本机代码 5 时发生了问题。
!SUBENTRY 1 org.eclipse.core.resources 4 1 2024-10-26 21:43:18.427
!MESSAGE 自动刷新本机代码 5 时发生了问题。

!ENTRY org.eclipse.core.resources 4 1 2024-10-26 21:43:19.431
!MESSAGE 刷新资源时发生了问题
!SUBENTRY 1 org.eclipse.core.resources 4 1 2024-10-26 21:43:19.431
!MESSAGE 自动刷新本机代码 5 时发生了问题。
!SUBENTRY 1 org.eclipse.core.resources 4 1 2024-10-26 21:43:19.431
!MESSAGE 自动刷新本机代码 5 时发生了问题。

!ENTRY org.eclipse.core.resources 4 1 2024-10-26 21:43:20.434
!MESSAGE 刷新资源时发生了问题
!SUBENTRY 1 org.eclipse.core.resources 4 1 2024-10-26 21:43:20.434
!MESSAGE 自动刷新本机代码 5 时发生了问题。
!SUBENTRY 1 org.eclipse.core.resources 4 1 2024-10-26 21:43:20.434
!MESSAGE 自动刷新本机代码 5 时发生了问题。

!ENTRY org.eclipse.core.resources 4 1 2024-10-26 21:43:21.436
!MESSAGE 刷新资源时发生了问题
!SUBENTRY 1 org.eclipse.core.resources 4 1 2024-10-26 21:43:21.436
!MESSAGE 自动刷新本机代码 5 时发生了问题。
!SUBENTRY 1 org.eclipse.core.resources 4 1 2024-10-26 21:43:21.436
!MESSAGE 自动刷新本机代码 5 时发生了问题。

!ENTRY org.eclipse.core.resources 4 1 2024-10-26 21:43:22.441
!MESSAGE 刷新资源时发生了问题
!SUBENTRY 1 org.eclipse.core.resources 4 1 2024-10-26 21:43:22.441
!MESSAGE 自动刷新本机代码 5 时发生了问题。
!SUBENTRY 1 org.eclipse.core.resources 4 1 2024-10-26 21:43:22.441
!MESSAGE 自动刷新本机代码 5 时发生了问题。

!ENTRY org.eclipse.core.resources 4 1 2024-10-26 21:43:23.443
!MESSAGE 刷新资源时发生了问题
!SUBENTRY 1 org.eclipse.core.resources 4 1 2024-10-26 21:43:23.443
!MESSAGE 自动刷新本机代码 5 时发生了问题。
!SUBENTRY 1 org.eclipse.core.resources 4 1 2024-10-26 21:43:23.443
!MESSAGE 自动刷新本机代码 5 时发生了问题。

!ENTRY org.eclipse.core.resources 4 1 2024-10-26 21:43:24.457
!MESSAGE 刷新资源时发生了问题
!SUBENTRY 1 org.eclipse.core.resources 4 1 2024-10-26 21:43:24.457
!MESSAGE 自动刷新本机代码 5 时发生了问题。
!SUBENTRY 1 org.eclipse.core.resources 4 1 2024-10-26 21:43:24.457
!MESSAGE 自动刷新本机代码 5 时发生了问题。

!ENTRY org.eclipse.core.resources 4 1 2024-10-26 21:43:25.471
!MESSAGE 刷新资源时发生了问题
!SUBENTRY 1 org.eclipse.core.resources 4 1 2024-10-26 21:43:25.471
!MESSAGE 自动刷新本机代码 5 时发生了问题。
!SUBENTRY 1 org.eclipse.core.resources 4 1 2024-10-26 21:43:25.471
!MESSAGE 自动刷新本机代码 5 时发生了问题。

!ENTRY org.eclipse.core.resources 4 1 2024-10-26 21:43:26.484
!MESSAGE 刷新资源时发生了问题
!SUBENTRY 1 org.eclipse.core.resources 4 1 2024-10-26 21:43:26.484
!MESSAGE 自动刷新本机代码 5 时发生了问题。
!SUBENTRY 1 org.eclipse.core.resources 4 1 2024-10-26 21:43:26.484
!MESSAGE 自动刷新本机代码 5 时发生了问题。

!ENTRY org.eclipse.core.resources 4 1 2024-10-26 21:43:27.498
!MESSAGE 刷新资源时发生了问题
!SUBENTRY 1 org.eclipse.core.resources 4 1 2024-10-26 21:43:27.498
!MESSAGE 自动刷新本机代码 5 时发生了问题。
!SUBENTRY 1 org.eclipse.core.resources 4 1 2024-10-26 21:43:27.498
!MESSAGE 自动刷新本机代码 5 时发生了问题。

!ENTRY org.eclipse.core.resources 4 1 2024-10-26 21:43:28.500
!MESSAGE 刷新资源时发生了问题
!SUBENTRY 1 org.eclipse.core.resources 4 1 2024-10-26 21:43:28.500
!MESSAGE 自动刷新本机代码 5 时发生了问题。
!SUBENTRY 1 org.eclipse.core.resources 4 1 2024-10-26 21:43:28.500
!MESSAGE 自动刷新本机代码 5 时发生了问题。

!ENTRY org.eclipse.core.resources 4 1 2024-10-26 21:43:29.528
!MESSAGE 刷新资源时发生了问题
!SUBENTRY 1 org.eclipse.core.resources 4 1 2024-10-26 21:43:29.528
!MESSAGE 自动刷新本机代码 5 时发生了问题。
!SUBENTRY 1 org.eclipse.core.resources 4 1 2024-10-26 21:43:29.528
!MESSAGE 自动刷新本机代码 5 时发生了问题。

!ENTRY org.eclipse.core.resources 4 1 2024-10-26 21:43:30.561
!MESSAGE 刷新资源时发生了问题
!SUBENTRY 1 org.eclipse.core.resources 4 1 2024-10-26 21:43:30.561
!MESSAGE 自动刷新本机代码 5 时发生了问题。
!SUBENTRY 1 org.eclipse.core.resources 4 1 2024-10-26 21:43:30.561
!MESSAGE 自动刷新本机代码 5 时发生了问题。

!ENTRY org.eclipse.core.resources 4 1 2024-10-26 21:43:31.572
!MESSAGE 刷新资源时发生了问题
!SUBENTRY 1 org.eclipse.core.resources 4 1 2024-10-26 21:43:31.572
!MESSAGE 自动刷新本机代码 5 时发生了问题。
!SUBENTRY 1 org.eclipse.core.resources 4 1 2024-10-26 21:43:31.572
!MESSAGE 自动刷新本机代码 5 时发生了问题。

!ENTRY org.eclipse.core.resources 4 1 2024-10-26 21:43:32.587
!MESSAGE 刷新资源时发生了问题
!SUBENTRY 1 org.eclipse.core.resources 4 1 2024-10-26 21:43:32.587
!MESSAGE 自动刷新本机代码 5 时发生了问题。
!SUBENTRY 1 org.eclipse.core.resources 4 1 2024-10-26 21:43:32.587
!MESSAGE 自动刷新本机代码 5 时发生了问题。

!ENTRY org.eclipse.core.resources 4 1 2024-10-26 21:43:33.621
!MESSAGE 刷新资源时发生了问题
!SUBENTRY 1 org.eclipse.core.resources 4 1 2024-10-26 21:43:33.621
!MESSAGE 自动刷新本机代码 5 时发生了问题。
!SUBENTRY 1 org.eclipse.core.resources 4 1 2024-10-26 21:43:33.621
!MESSAGE 自动刷新本机代码 5 时发生了问题。

!ENTRY org.eclipse.core.resources 4 1 2024-10-26 21:43:34.650
!MESSAGE 刷新资源时发生了问题
!SUBENTRY 1 org.eclipse.core.resources 4 1 2024-10-26 21:43:34.650
!MESSAGE 自动刷新本机代码 5 时发生了问题。
!SUBENTRY 1 org.eclipse.core.resources 4 1 2024-10-26 21:43:34.651
!MESSAGE 自动刷新本机代码 5 时发生了问题。

!ENTRY org.eclipse.core.resources 4 1 2024-10-26 21:43:35.676
!MESSAGE 刷新资源时发生了问题
!SUBENTRY 1 org.eclipse.core.resources 4 1 2024-10-26 21:43:35.676
!MESSAGE 自动刷新本机代码 5 时发生了问题。
!SUBENTRY 1 org.eclipse.core.resources 4 1 2024-10-26 21:43:35.676
!MESSAGE 自动刷新本机代码 5 时发生了问题。

!ENTRY org.eclipse.core.resources 4 1 2024-10-26 21:43:36.693
!MESSAGE 刷新资源时发生了问题
!SUBENTRY 1 org.eclipse.core.resources 4 1 2024-10-26 21:43:36.693
!MESSAGE 自动刷新本机代码 5 时发生了问题。
!SUBENTRY 1 org.eclipse.core.resources 4 1 2024-10-26 21:43:36.694
!MESSAGE 自动刷新本机代码 5 时发生了问题。

!ENTRY org.eclipse.core.resources 4 1 2024-10-26 21:43:37.707
!MESSAGE 刷新资源时发生了问题
!SUBENTRY 1 org.eclipse.core.resources 4 1 2024-10-26 21:43:37.707
!MESSAGE 自动刷新本机代码 5 时发生了问题。
!SUBENTRY 1 org.eclipse.core.resources 4 1 2024-10-26 21:43:37.707
!MESSAGE 自动刷新本机代码 5 时发生了问题。

!ENTRY org.eclipse.core.resources 4 1 2024-10-26 21:43:38.724
!MESSAGE 刷新资源时发生了问题
!SUBENTRY 1 org.eclipse.core.resources 4 1 2024-10-26 21:43:38.724
!MESSAGE 自动刷新本机代码 5 时发生了问题。
!SUBENTRY 1 org.eclipse.core.resources 4 1 2024-10-26 21:43:38.724
!MESSAGE 自动刷新本机代码 5 时发生了问题。

!ENTRY org.eclipse.core.resources 4 1 2024-10-26 21:43:39.728
!MESSAGE 刷新资源时发生了问题
!SUBENTRY 1 org.eclipse.core.resources 4 1 2024-10-26 21:43:39.728
!MESSAGE 自动刷新本机代码 5 时发生了问题。
!SUBENTRY 1 org.eclipse.core.resources 4 1 2024-10-26 21:43:39.728
!MESSAGE 自动刷新本机代码 5 时发生了问题。

!ENTRY org.eclipse.core.resources 4 1 2024-10-26 21:43:40.739
!MESSAGE 刷新资源时发生了问题
!SUBENTRY 1 org.eclipse.core.resources 4 1 2024-10-26 21:43:40.739
!MESSAGE 自动刷新本机代码 5 时发生了问题。
!SUBENTRY 1 org.eclipse.core.resources 4 1 2024-10-26 21:43:40.739
!MESSAGE 自动刷新本机代码 5 时发生了问题。

!ENTRY org.eclipse.core.resources 4 1 2024-10-26 21:43:41.802
!MESSAGE 刷新资源时发生了问题
!SUBENTRY 1 org.eclipse.core.resources 4 1 2024-10-26 21:43:41.802
!MESSAGE 自动刷新本机代码 5 时发生了问题。
!SUBENTRY 1 org.eclipse.core.resources 4 1 2024-10-26 21:43:41.802
!MESSAGE 自动刷新本机代码 5 时发生了问题。

!ENTRY org.eclipse.core.resources 4 1 2024-10-26 21:43:42.807
!MESSAGE 刷新资源时发生了问题
!SUBENTRY 1 org.eclipse.core.resources 4 1 2024-10-26 21:43:42.807
!MESSAGE 自动刷新本机代码 5 时发生了问题。
!SUBENTRY 1 org.eclipse.core.resources 4 1 2024-10-26 21:43:42.807
!MESSAGE 自动刷新本机代码 5 时发生了问题。

!ENTRY org.eclipse.core.resources 4 1 2024-10-26 21:43:43.820
!MESSAGE 刷新资源时发生了问题
!SUBENTRY 1 org.eclipse.core.resources 4 1 2024-10-26 21:43:43.820
!MESSAGE 自动刷新本机代码 5 时发生了问题。
!SUBENTRY 1 org.eclipse.core.resources 4 1 2024-10-26 21:43:43.820
!MESSAGE 自动刷新本机代码 5 时发生了问题。

!ENTRY org.eclipse.core.resources 4 1 2024-10-26 21:43:44.827
!MESSAGE 刷新资源时发生了问题
!SUBENTRY 1 org.eclipse.core.resources 4 1 2024-10-26 21:43:44.827
!MESSAGE 自动刷新本机代码 5 时发生了问题。
!SUBENTRY 1 org.eclipse.core.resources 4 1 2024-10-26 21:43:44.827
!MESSAGE 自动刷新本机代码 5 时发生了问题。

!ENTRY org.eclipse.core.resources 4 1 2024-10-26 21:43:45.831
!MESSAGE 刷新资源时发生了问题
!SUBENTRY 1 org.eclipse.core.resources 4 1 2024-10-26 21:43:45.831
!MESSAGE 自动刷新本机代码 5 时发生了问题。
!SUBENTRY 1 org.eclipse.core.resources 4 1 2024-10-26 21:43:45.831
!MESSAGE 自动刷新本机代码 5 时发生了问题。

!ENTRY org.eclipse.core.resources 4 1 2024-10-26 21:43:46.835
!MESSAGE 刷新资源时发生了问题
!SUBENTRY 1 org.eclipse.core.resources 4 1 2024-10-26 21:43:46.835
!MESSAGE 自动刷新本机代码 5 时发生了问题。
!SUBENTRY 1 org.eclipse.core.resources 4 1 2024-10-26 21:43:46.835
!MESSAGE 自动刷新本机代码 5 时发生了问题。

!ENTRY org.eclipse.core.resources 4 1 2024-10-26 21:43:47.848
!MESSAGE 刷新资源时发生了问题
!SUBENTRY 1 org.eclipse.core.resources 4 1 2024-10-26 21:43:47.848
!MESSAGE 自动刷新本机代码 5 时发生了问题。
!SUBENTRY 1 org.eclipse.core.resources 4 1 2024-10-26 21:43:47.848
!MESSAGE 自动刷新本机代码 5 时发生了问题。

!ENTRY org.eclipse.core.resources 4 1 2024-10-26 21:43:48.863
!MESSAGE 刷新资源时发生了问题
!SUBENTRY 1 org.eclipse.core.resources 4 1 2024-10-26 21:43:48.863
!MESSAGE 自动刷新本机代码 5 时发生了问题。
!SUBENTRY 1 org.eclipse.core.resources 4 1 2024-10-26 21:43:48.863
!MESSAGE 自动刷新本机代码 5 时发生了问题。

!ENTRY org.eclipse.core.resources 4 1 2024-10-26 21:43:49.868
!MESSAGE 刷新资源时发生了问题
!SUBENTRY 1 org.eclipse.core.resources 4 1 2024-10-26 21:43:49.868
!MESSAGE 自动刷新本机代码 5 时发生了问题。
!SUBENTRY 1 org.eclipse.core.resources 4 1 2024-10-26 21:43:49.868
!MESSAGE 自动刷新本机代码 5 时发生了问题。

!ENTRY org.eclipse.core.resources 4 1 2024-10-26 21:43:50.871
!MESSAGE 刷新资源时发生了问题
!SUBENTRY 1 org.eclipse.core.resources 4 1 2024-10-26 21:43:50.871
!MESSAGE 自动刷新本机代码 5 时发生了问题。
!SUBENTRY 1 org.eclipse.core.resources 4 1 2024-10-26 21:43:50.871
!MESSAGE 自动刷新本机代码 5 时发生了问题。

!ENTRY org.eclipse.core.resources 4 1 2024-10-26 21:43:51.884
!MESSAGE 刷新资源时发生了问题
!SUBENTRY 1 org.eclipse.core.resources 4 1 2024-10-26 21:43:51.884
!MESSAGE 自动刷新本机代码 5 时发生了问题。
!SUBENTRY 1 org.eclipse.core.resources 4 1 2024-10-26 21:43:51.884
!MESSAGE 自动刷新本机代码 5 时发生了问题。

!ENTRY org.eclipse.core.resources 4 1 2024-10-26 21:43:52.898
!MESSAGE 刷新资源时发生了问题
!SUBENTRY 1 org.eclipse.core.resources 4 1 2024-10-26 21:43:52.898
!MESSAGE 自动刷新本机代码 5 时发生了问题。
!SUBENTRY 1 org.eclipse.core.resources 4 1 2024-10-26 21:43:52.898
!MESSAGE 自动刷新本机代码 5 时发生了问题。

!ENTRY org.eclipse.core.resources 4 1 2024-10-26 21:43:53.905
!MESSAGE 刷新资源时发生了问题
!SUBENTRY 1 org.eclipse.core.resources 4 1 2024-10-26 21:43:53.905
!MESSAGE 自动刷新本机代码 5 时发生了问题。
!SUBENTRY 1 org.eclipse.core.resources 4 1 2024-10-26 21:43:53.905
!MESSAGE 自动刷新本机代码 5 时发生了问题。

!ENTRY org.eclipse.core.resources 4 1 2024-10-26 21:43:54.919
!MESSAGE 刷新资源时发生了问题
!SUBENTRY 1 org.eclipse.core.resources 4 1 2024-10-26 21:43:54.919
!MESSAGE 自动刷新本机代码 5 时发生了问题。
!SUBENTRY 1 org.eclipse.core.resources 4 1 2024-10-26 21:43:54.919
!MESSAGE 自动刷新本机代码 5 时发生了问题。

!ENTRY org.eclipse.core.resources 4 1 2024-10-26 21:43:55.933
!MESSAGE 刷新资源时发生了问题
!SUBENTRY 1 org.eclipse.core.resources 4 1 2024-10-26 21:43:55.933
!MESSAGE 自动刷新本机代码 5 时发生了问题。
!SUBENTRY 1 org.eclipse.core.resources 4 1 2024-10-26 21:43:55.933
!MESSAGE 自动刷新本机代码 5 时发生了问题。

!ENTRY org.eclipse.core.resources 4 1 2024-10-26 21:43:56.940
!MESSAGE 刷新资源时发生了问题
!SUBENTRY 1 org.eclipse.core.resources 4 1 2024-10-26 21:43:56.940
!MESSAGE 自动刷新本机代码 5 时发生了问题。
!SUBENTRY 1 org.eclipse.core.resources 4 1 2024-10-26 21:43:56.940
!MESSAGE 自动刷新本机代码 5 时发生了问题。

!ENTRY org.eclipse.core.resources 4 1 2024-10-26 21:43:57.944
!MESSAGE 刷新资源时发生了问题
!SUBENTRY 1 org.eclipse.core.resources 4 1 2024-10-26 21:43:57.944
!MESSAGE 自动刷新本机代码 5 时发生了问题。
!SUBENTRY 1 org.eclipse.core.resources 4 1 2024-10-26 21:43:57.944
!MESSAGE 自动刷新本机代码 5 时发生了问题。

!ENTRY org.eclipse.core.resources 4 1 2024-10-26 21:43:58.957
!MESSAGE 刷新资源时发生了问题
!SUBENTRY 1 org.eclipse.core.resources 4 1 2024-10-26 21:43:58.957
!MESSAGE 自动刷新本机代码 5 时发生了问题。
!SUBENTRY 1 org.eclipse.core.resources 4 1 2024-10-26 21:43:58.957
!MESSAGE 自动刷新本机代码 5 时发生了问题。

!ENTRY org.eclipse.core.resources 4 1 2024-10-26 21:43:59.959
!MESSAGE 刷新资源时发生了问题
!SUBENTRY 1 org.eclipse.core.resources 4 1 2024-10-26 21:43:59.959
!MESSAGE 自动刷新本机代码 5 时发生了问题。
!SUBENTRY 1 org.eclipse.core.resources 4 1 2024-10-26 21:43:59.959
!MESSAGE 自动刷新本机代码 5 时发生了问题。

!ENTRY org.eclipse.core.resources 4 1 2024-10-26 21:44:00.960
!MESSAGE 刷新资源时发生了问题
!SUBENTRY 1 org.eclipse.core.resources 4 1 2024-10-26 21:44:00.960
!MESSAGE 自动刷新本机代码 5 时发生了问题。

!ENTRY org.eclipse.core.resources 4 1 2024-10-26 21:44:01.964
!MESSAGE 刷新资源时发生了问题
!SUBENTRY 1 org.eclipse.core.resources 4 1 2024-10-26 21:44:01.964
!MESSAGE 自动刷新本机代码 5 时发生了问题。
!SUBENTRY 1 org.eclipse.core.resources 4 1 2024-10-26 21:44:01.964
!MESSAGE 自动刷新本机代码 5 时发生了问题。

!ENTRY org.eclipse.core.resources 4 1 2024-10-26 21:44:02.983
!MESSAGE 刷新资源时发生了问题
!SUBENTRY 1 org.eclipse.core.resources 4 1 2024-10-26 21:44:02.983
!MESSAGE 自动刷新本机代码 5 时发生了问题。
!SUBENTRY 1 org.eclipse.core.resources 4 1 2024-10-26 21:44:02.983
!MESSAGE 自动刷新本机代码 5 时发生了问题。

!ENTRY org.eclipse.core.resources 4 1 2024-10-26 21:44:03.987
!MESSAGE 刷新资源时发生了问题
!SUBENTRY 1 org.eclipse.core.resources 4 1 2024-10-26 21:44:03.987
!MESSAGE 自动刷新本机代码 5 时发生了问题。
!SUBENTRY 1 org.eclipse.core.resources 4 1 2024-10-26 21:44:03.987
!MESSAGE 自动刷新本机代码 5 时发生了问题。

!ENTRY org.eclipse.core.resources 4 1 2024-10-26 21:44:04.989
!MESSAGE 刷新资源时发生了问题
!SUBENTRY 1 org.eclipse.core.resources 4 1 2024-10-26 21:44:04.989
!MESSAGE 自动刷新本机代码 5 时发生了问题。
!SUBENTRY 1 org.eclipse.core.resources 4 1 2024-10-26 21:44:04.989
!MESSAGE 自动刷新本机代码 5 时发生了问题。

!ENTRY org.eclipse.core.resources 4 1 2024-10-26 21:44:06.004
!MESSAGE 刷新资源时发生了问题
!SUBENTRY 1 org.eclipse.core.resources 4 1 2024-10-26 21:44:06.004
!MESSAGE 自动刷新本机代码 5 时发生了问题。
!SUBENTRY 1 org.eclipse.core.resources 4 1 2024-10-26 21:44:06.004
!MESSAGE 自动刷新本机代码 5 时发生了问题。

!ENTRY org.eclipse.core.resources 4 1 2024-10-26 21:44:07.019
!MESSAGE 刷新资源时发生了问题
!SUBENTRY 1 org.eclipse.core.resources 4 1 2024-10-26 21:44:07.019
!MESSAGE 自动刷新本机代码 5 时发生了问题。
!SUBENTRY 1 org.eclipse.core.resources 4 1 2024-10-26 21:44:07.019
!MESSAGE 自动刷新本机代码 5 时发生了问题。

!ENTRY org.eclipse.core.resources 4 1 2024-10-26 21:44:08.034
!MESSAGE 刷新资源时发生了问题
!SUBENTRY 1 org.eclipse.core.resources 4 1 2024-10-26 21:44:08.034
!MESSAGE 自动刷新本机代码 5 时发生了问题。
!SUBENTRY 1 org.eclipse.core.resources 4 1 2024-10-26 21:44:08.034
!MESSAGE 自动刷新本机代码 5 时发生了问题。

!ENTRY org.eclipse.core.resources 4 1 2024-10-26 21:44:09.035
!MESSAGE 刷新资源时发生了问题
!SUBENTRY 1 org.eclipse.core.resources 4 1 2024-10-26 21:44:09.035
!MESSAGE 自动刷新本机代码 5 时发生了问题。
!SUBENTRY 1 org.eclipse.core.resources 4 1 2024-10-26 21:44:09.035
!MESSAGE 自动刷新本机代码 5 时发生了问题。

!ENTRY org.eclipse.core.resources 4 1 2024-10-26 21:44:10.050
!MESSAGE 刷新资源时发生了问题
!SUBENTRY 1 org.eclipse.core.resources 4 1 2024-10-26 21:44:10.050
!MESSAGE 自动刷新本机代码 5 时发生了问题。
!SUBENTRY 1 org.eclipse.core.resources 4 1 2024-10-26 21:44:10.050
!MESSAGE 自动刷新本机代码 5 时发生了问题。

!ENTRY org.eclipse.core.resources 4 1 2024-10-26 21:44:11.051
!MESSAGE 刷新资源时发生了问题
!SUBENTRY 1 org.eclipse.core.resources 4 1 2024-10-26 21:44:11.051
!MESSAGE 自动刷新本机代码 5 时发生了问题。
!SUBENTRY 1 org.eclipse.core.resources 4 1 2024-10-26 21:44:11.051
!MESSAGE 自动刷新本机代码 5 时发生了问题。

!ENTRY org.eclipse.core.resources 4 1 2024-10-26 21:44:12.066
!MESSAGE 刷新资源时发生了问题
!SUBENTRY 1 org.eclipse.core.resources 4 1 2024-10-26 21:44:12.066
!MESSAGE 自动刷新本机代码 5 时发生了问题。
!SUBENTRY 1 org.eclipse.core.resources 4 1 2024-10-26 21:44:12.066
!MESSAGE 自动刷新本机代码 5 时发生了问题。

!ENTRY org.eclipse.core.resources 4 1 2024-10-26 21:44:13.069
!MESSAGE 刷新资源时发生了问题
!SUBENTRY 1 org.eclipse.core.resources 4 1 2024-10-26 21:44:13.069
!MESSAGE 自动刷新本机代码 5 时发生了问题。
!SUBENTRY 1 org.eclipse.core.resources 4 1 2024-10-26 21:44:13.069
!MESSAGE 自动刷新本机代码 5 时发生了问题。

!ENTRY org.eclipse.core.resources 4 1 2024-10-26 21:44:14.083
!MESSAGE 刷新资源时发生了问题
!SUBENTRY 1 org.eclipse.core.resources 4 1 2024-10-26 21:44:14.083
!MESSAGE 自动刷新本机代码 5 时发生了问题。
!SUBENTRY 1 org.eclipse.core.resources 4 1 2024-10-26 21:44:14.083
!MESSAGE 自动刷新本机代码 5 时发生了问题。

!ENTRY org.eclipse.core.resources 4 1 2024-10-26 21:44:15.098
!MESSAGE 刷新资源时发生了问题
!SUBENTRY 1 org.eclipse.core.resources 4 1 2024-10-26 21:44:15.098
!MESSAGE 自动刷新本机代码 5 时发生了问题。
!SUBENTRY 1 org.eclipse.core.resources 4 1 2024-10-26 21:44:15.098
!MESSAGE 自动刷新本机代码 5 时发生了问题。

!ENTRY org.eclipse.core.resources 4 1 2024-10-26 21:44:16.100
!MESSAGE 刷新资源时发生了问题
!SUBENTRY 1 org.eclipse.core.resources 4 1 2024-10-26 21:44:16.100
!MESSAGE 自动刷新本机代码 5 时发生了问题。
!SUBENTRY 1 org.eclipse.core.resources 4 1 2024-10-26 21:44:16.100
!MESSAGE 自动刷新本机代码 5 时发生了问题。

!ENTRY org.eclipse.core.resources 4 1 2024-10-26 21:44:17.103
!MESSAGE 刷新资源时发生了问题
!SUBENTRY 1 org.eclipse.core.resources 4 1 2024-10-26 21:44:17.103
!MESSAGE 自动刷新本机代码 5 时发生了问题。
!SUBENTRY 1 org.eclipse.core.resources 4 1 2024-10-26 21:44:17.103
!MESSAGE 自动刷新本机代码 5 时发生了问题。

!ENTRY org.eclipse.core.resources 4 1 2024-10-26 21:44:18.110
!MESSAGE 刷新资源时发生了问题
!SUBENTRY 1 org.eclipse.core.resources 4 1 2024-10-26 21:44:18.110
!MESSAGE 自动刷新本机代码 5 时发生了问题。
!SUBENTRY 1 org.eclipse.core.resources 4 1 2024-10-26 21:44:18.110
!MESSAGE 自动刷新本机代码 5 时发生了问题。

!ENTRY org.eclipse.core.resources 4 1 2024-10-26 21:44:19.124
!MESSAGE 刷新资源时发生了问题
!SUBENTRY 1 org.eclipse.core.resources 4 1 2024-10-26 21:44:19.124
!MESSAGE 自动刷新本机代码 5 时发生了问题。
!SUBENTRY 1 org.eclipse.core.resources 4 1 2024-10-26 21:44:19.124
!MESSAGE 自动刷新本机代码 5 时发生了问题。

!ENTRY org.eclipse.core.resources 4 1 2024-10-26 21:44:20.128
!MESSAGE 刷新资源时发生了问题
!SUBENTRY 1 org.eclipse.core.resources 4 1 2024-10-26 21:44:20.128
!MESSAGE 自动刷新本机代码 5 时发生了问题。
!SUBENTRY 1 org.eclipse.core.resources 4 1 2024-10-26 21:44:20.128
!MESSAGE 自动刷新本机代码 5 时发生了问题。

!ENTRY org.eclipse.core.resources 4 1 2024-10-26 21:44:21.130
!MESSAGE 刷新资源时发生了问题
!SUBENTRY 1 org.eclipse.core.resources 4 1 2024-10-26 21:44:21.130
!MESSAGE 自动刷新本机代码 5 时发生了问题。
!SUBENTRY 1 org.eclipse.core.resources 4 1 2024-10-26 21:44:21.130
!MESSAGE 自动刷新本机代码 5 时发生了问题。

!ENTRY org.eclipse.core.resources 4 1 2024-10-26 21:44:22.133
!MESSAGE 刷新资源时发生了问题
!SUBENTRY 1 org.eclipse.core.resources 4 1 2024-10-26 21:44:22.133
!MESSAGE 自动刷新本机代码 5 时发生了问题。
!SUBENTRY 1 org.eclipse.core.resources 4 1 2024-10-26 21:44:22.133
!MESSAGE 自动刷新本机代码 5 时发生了问题。

!ENTRY org.eclipse.core.resources 4 1 2024-10-26 21:44:23.145
!MESSAGE 刷新资源时发生了问题
!SUBENTRY 1 org.eclipse.core.resources 4 1 2024-10-26 21:44:23.145
!MESSAGE 自动刷新本机代码 5 时发生了问题。
!SUBENTRY 1 org.eclipse.core.resources 4 1 2024-10-26 21:44:23.145
!MESSAGE 自动刷新本机代码 5 时发生了问题。

!ENTRY org.eclipse.core.resources 4 1 2024-10-26 21:44:24.147
!MESSAGE 刷新资源时发生了问题
!SUBENTRY 1 org.eclipse.core.resources 4 1 2024-10-26 21:44:24.147
!MESSAGE 自动刷新本机代码 5 时发生了问题。
!SUBENTRY 1 org.eclipse.core.resources 4 1 2024-10-26 21:44:24.147
!MESSAGE 自动刷新本机代码 5 时发生了问题。

!ENTRY org.eclipse.core.resources 4 1 2024-10-26 21:44:25.150
!MESSAGE 刷新资源时发生了问题
!SUBENTRY 1 org.eclipse.core.resources 4 1 2024-10-26 21:44:25.150
!MESSAGE 自动刷新本机代码 5 时发生了问题。
!SUBENTRY 1 org.eclipse.core.resources 4 1 2024-10-26 21:44:25.150
!MESSAGE 自动刷新本机代码 5 时发生了问题。

!ENTRY org.eclipse.core.resources 4 1 2024-10-26 21:44:26.153
!MESSAGE 刷新资源时发生了问题
!SUBENTRY 1 org.eclipse.core.resources 4 1 2024-10-26 21:44:26.153
!MESSAGE 自动刷新本机代码 5 时发生了问题。
!SUBENTRY 1 org.eclipse.core.resources 4 1 2024-10-26 21:44:26.153
!MESSAGE 自动刷新本机代码 5 时发生了问题。

!ENTRY org.eclipse.core.resources 4 1 2024-10-26 21:44:27.167
!MESSAGE 刷新资源时发生了问题
!SUBENTRY 1 org.eclipse.core.resources 4 1 2024-10-26 21:44:27.167
!MESSAGE 自动刷新本机代码 5 时发生了问题。
!SUBENTRY 1 org.eclipse.core.resources 4 1 2024-10-26 21:44:27.167
!MESSAGE 自动刷新本机代码 5 时发生了问题。

!ENTRY org.eclipse.core.resources 4 1 2024-10-26 21:44:28.171
!MESSAGE 刷新资源时发生了问题
!SUBENTRY 1 org.eclipse.core.resources 4 1 2024-10-26 21:44:28.171
!MESSAGE 自动刷新本机代码 5 时发生了问题。
!SUBENTRY 1 org.eclipse.core.resources 4 1 2024-10-26 21:44:28.171
!MESSAGE 自动刷新本机代码 5 时发生了问题。

!ENTRY org.eclipse.core.resources 4 1 2024-10-26 21:44:29.186
!MESSAGE 刷新资源时发生了问题
!SUBENTRY 1 org.eclipse.core.resources 4 1 2024-10-26 21:44:29.186
!MESSAGE 自动刷新本机代码 5 时发生了问题。
!SUBENTRY 1 org.eclipse.core.resources 4 1 2024-10-26 21:44:29.186
!MESSAGE 自动刷新本机代码 5 时发生了问题。

!ENTRY org.eclipse.core.resources 4 1 2024-10-26 21:44:30.188
!MESSAGE 刷新资源时发生了问题
!SUBENTRY 1 org.eclipse.core.resources 4 1 2024-10-26 21:44:30.188
!MESSAGE 自动刷新本机代码 5 时发生了问题。
!SUBENTRY 1 org.eclipse.core.resources 4 1 2024-10-26 21:44:30.188
!MESSAGE 自动刷新本机代码 5 时发生了问题。

!ENTRY org.eclipse.core.resources 4 1 2024-10-26 21:44:31.203
!MESSAGE 刷新资源时发生了问题
!SUBENTRY 1 org.eclipse.core.resources 4 1 2024-10-26 21:44:31.204
!MESSAGE 自动刷新本机代码 5 时发生了问题。
!SUBENTRY 1 org.eclipse.core.resources 4 1 2024-10-26 21:44:31.204
!MESSAGE 自动刷新本机代码 5 时发生了问题。

!ENTRY org.eclipse.core.resources 4 1 2024-10-26 21:44:32.216
!MESSAGE 刷新资源时发生了问题
!SUBENTRY 1 org.eclipse.core.resources 4 1 2024-10-26 21:44:32.216
!MESSAGE 自动刷新本机代码 5 时发生了问题。
!SUBENTRY 1 org.eclipse.core.resources 4 1 2024-10-26 21:44:32.216
!MESSAGE 自动刷新本机代码 5 时发生了问题。

!ENTRY org.eclipse.core.resources 4 1 2024-10-26 21:44:33.217
!MESSAGE 刷新资源时发生了问题
!SUBENTRY 1 org.eclipse.core.resources 4 1 2024-10-26 21:44:33.217
!MESSAGE 自动刷新本机代码 5 时发生了问题。
!SUBENTRY 1 org.eclipse.core.resources 4 1 2024-10-26 21:44:33.217
!MESSAGE 自动刷新本机代码 5 时发生了问题。

!ENTRY org.eclipse.core.resources 4 1 2024-10-26 21:44:34.233
!MESSAGE 刷新资源时发生了问题
!SUBENTRY 1 org.eclipse.core.resources 4 1 2024-10-26 21:44:34.233
!MESSAGE 自动刷新本机代码 5 时发生了问题。
!SUBENTRY 1 org.eclipse.core.resources 4 1 2024-10-26 21:44:34.233
!MESSAGE 自动刷新本机代码 5 时发生了问题。

!ENTRY org.eclipse.core.resources 4 1 2024-10-26 21:44:35.242
!MESSAGE 刷新资源时发生了问题
!SUBENTRY 1 org.eclipse.core.resources 4 1 2024-10-26 21:44:35.242
!MESSAGE 自动刷新本机代码 5 时发生了问题。
!SUBENTRY 1 org.eclipse.core.resources 4 1 2024-10-26 21:44:35.242
!MESSAGE 自动刷新本机代码 5 时发生了问题。

!ENTRY org.eclipse.core.resources 4 1 2024-10-26 21:44:36.255
!MESSAGE 刷新资源时发生了问题
!SUBENTRY 1 org.eclipse.core.resources 4 1 2024-10-26 21:44:36.255
!MESSAGE 自动刷新本机代码 5 时发生了问题。
!SUBENTRY 1 org.eclipse.core.resources 4 1 2024-10-26 21:44:36.255
!MESSAGE 自动刷新本机代码 5 时发生了问题。

!ENTRY org.eclipse.core.resources 4 1 2024-10-26 21:44:37.258
!MESSAGE 刷新资源时发生了问题
!SUBENTRY 1 org.eclipse.core.resources 4 1 2024-10-26 21:44:37.258
!MESSAGE 自动刷新本机代码 5 时发生了问题。
!SUBENTRY 1 org.eclipse.core.resources 4 1 2024-10-26 21:44:37.258
!MESSAGE 自动刷新本机代码 5 时发生了问题。

!ENTRY org.eclipse.core.resources 4 1 2024-10-26 21:44:38.307
!MESSAGE 刷新资源时发生了问题
!SUBENTRY 1 org.eclipse.core.resources 4 1 2024-10-26 21:44:38.307
!MESSAGE 自动刷新本机代码 5 时发生了问题。
!SUBENTRY 1 org.eclipse.core.resources 4 1 2024-10-26 21:44:38.307
!MESSAGE 自动刷新本机代码 5 时发生了问题。

!ENTRY org.eclipse.core.resources 4 1 2024-10-26 21:44:39.321
!MESSAGE 刷新资源时发生了问题
!SUBENTRY 1 org.eclipse.core.resources 4 1 2024-10-26 21:44:39.321
!MESSAGE 自动刷新本机代码 5 时发生了问题。
!SUBENTRY 1 org.eclipse.core.resources 4 1 2024-10-26 21:44:39.321
!MESSAGE 自动刷新本机代码 5 时发生了问题。

!ENTRY org.eclipse.core.resources 4 1 2024-10-26 21:44:40.323
!MESSAGE 刷新资源时发生了问题
!SUBENTRY 1 org.eclipse.core.resources 4 1 2024-10-26 21:44:40.323
!MESSAGE 自动刷新本机代码 5 时发生了问题。
!SUBENTRY 1 org.eclipse.core.resources 4 1 2024-10-26 21:44:40.323
!MESSAGE 自动刷新本机代码 5 时发生了问题。

!ENTRY org.eclipse.core.resources 4 1 2024-10-26 21:44:41.327
!MESSAGE 刷新资源时发生了问题
!SUBENTRY 1 org.eclipse.core.resources 4 1 2024-10-26 21:44:41.327
!MESSAGE 自动刷新本机代码 5 时发生了问题。
!SUBENTRY 1 org.eclipse.core.resources 4 1 2024-10-26 21:44:41.327
!MESSAGE 自动刷新本机代码 5 时发生了问题。

!ENTRY org.eclipse.core.resources 4 1 2024-10-26 21:44:42.330
!MESSAGE 刷新资源时发生了问题
!SUBENTRY 1 org.eclipse.core.resources 4 1 2024-10-26 21:44:42.330
!MESSAGE 自动刷新本机代码 5 时发生了问题。
!SUBENTRY 1 org.eclipse.core.resources 4 1 2024-10-26 21:44:42.330
!MESSAGE 自动刷新本机代码 5 时发生了问题。

!ENTRY org.eclipse.core.resources 4 1 2024-10-26 21:44:43.346
!MESSAGE 刷新资源时发生了问题
!SUBENTRY 1 org.eclipse.core.resources 4 1 2024-10-26 21:44:43.346
!MESSAGE 自动刷新本机代码 5 时发生了问题。
!SUBENTRY 1 org.eclipse.core.resources 4 1 2024-10-26 21:44:43.346
!MESSAGE 自动刷新本机代码 5 时发生了问题。

!ENTRY org.eclipse.core.resources 4 1 2024-10-26 21:44:44.350
!MESSAGE 刷新资源时发生了问题
!SUBENTRY 1 org.eclipse.core.resources 4 1 2024-10-26 21:44:44.350
!MESSAGE 自动刷新本机代码 5 时发生了问题。
!SUBENTRY 1 org.eclipse.core.resources 4 1 2024-10-26 21:44:44.350
!MESSAGE 自动刷新本机代码 5 时发生了问题。

!ENTRY org.eclipse.core.resources 4 1 2024-10-26 21:44:45.353
!MESSAGE 刷新资源时发生了问题
!SUBENTRY 1 org.eclipse.core.resources 4 1 2024-10-26 21:44:45.353
!MESSAGE 自动刷新本机代码 5 时发生了问题。
!SUBENTRY 1 org.eclipse.core.resources 4 1 2024-10-26 21:44:45.353
!MESSAGE 自动刷新本机代码 5 时发生了问题。

!ENTRY org.eclipse.core.resources 4 1 2024-10-26 21:44:46.356
!MESSAGE 刷新资源时发生了问题
!SUBENTRY 1 org.eclipse.core.resources 4 1 2024-10-26 21:44:46.357
!MESSAGE 自动刷新本机代码 5 时发生了问题。
!SUBENTRY 1 org.eclipse.core.resources 4 1 2024-10-26 21:44:46.357
!MESSAGE 自动刷新本机代码 5 时发生了问题。

!ENTRY org.eclipse.core.resources 4 1 2024-10-26 21:44:47.361
!MESSAGE 刷新资源时发生了问题
!SUBENTRY 1 org.eclipse.core.resources 4 1 2024-10-26 21:44:47.361
!MESSAGE 自动刷新本机代码 5 时发生了问题。
!SUBENTRY 1 org.eclipse.core.resources 4 1 2024-10-26 21:44:47.361
!MESSAGE 自动刷新本机代码 5 时发生了问题。

!ENTRY org.eclipse.core.resources 4 1 2024-10-26 21:44:48.376
!MESSAGE 刷新资源时发生了问题
!SUBENTRY 1 org.eclipse.core.resources 4 1 2024-10-26 21:44:48.376
!MESSAGE 自动刷新本机代码 5 时发生了问题。
!SUBENTRY 1 org.eclipse.core.resources 4 1 2024-10-26 21:44:48.376
!MESSAGE 自动刷新本机代码 5 时发生了问题。

!ENTRY org.eclipse.core.resources 4 1 2024-10-26 21:44:49.387
!MESSAGE 刷新资源时发生了问题
!SUBENTRY 1 org.eclipse.core.resources 4 1 2024-10-26 21:44:49.387
!MESSAGE 自动刷新本机代码 5 时发生了问题。
!SUBENTRY 1 org.eclipse.core.resources 4 1 2024-10-26 21:44:49.387
!MESSAGE 自动刷新本机代码 5 时发生了问题。

!ENTRY org.eclipse.core.resources 4 1 2024-10-26 21:44:50.403
!MESSAGE 刷新资源时发生了问题
!SUBENTRY 1 org.eclipse.core.resources 4 1 2024-10-26 21:44:50.403
!MESSAGE 自动刷新本机代码 5 时发生了问题。
!SUBENTRY 1 org.eclipse.core.resources 4 1 2024-10-26 21:44:50.403
!MESSAGE 自动刷新本机代码 5 时发生了问题。

!ENTRY org.eclipse.core.resources 4 1 2024-10-26 21:44:51.418
!MESSAGE 刷新资源时发生了问题
!SUBENTRY 1 org.eclipse.core.resources 4 1 2024-10-26 21:44:51.418
!MESSAGE 自动刷新本机代码 5 时发生了问题。
!SUBENTRY 1 org.eclipse.core.resources 4 1 2024-10-26 21:44:51.418
!MESSAGE 自动刷新本机代码 5 时发生了问题。

!ENTRY org.eclipse.core.resources 4 1 2024-10-26 21:44:52.431
!MESSAGE 刷新资源时发生了问题
!SUBENTRY 1 org.eclipse.core.resources 4 1 2024-10-26 21:44:52.431
!MESSAGE 自动刷新本机代码 5 时发生了问题。
!SUBENTRY 1 org.eclipse.core.resources 4 1 2024-10-26 21:44:52.431
!MESSAGE 自动刷新本机代码 5 时发生了问题。

!ENTRY org.eclipse.core.resources 4 1 2024-10-26 21:44:53.439
!MESSAGE 刷新资源时发生了问题
!SUBENTRY 1 org.eclipse.core.resources 4 1 2024-10-26 21:44:53.439
!MESSAGE 自动刷新本机代码 5 时发生了问题。
!SUBENTRY 1 org.eclipse.core.resources 4 1 2024-10-26 21:44:53.439
!MESSAGE 自动刷新本机代码 5 时发生了问题。

!ENTRY org.eclipse.core.resources 4 1 2024-10-26 21:44:54.454
!MESSAGE 刷新资源时发生了问题
!SUBENTRY 1 org.eclipse.core.resources 4 1 2024-10-26 21:44:54.454
!MESSAGE 自动刷新本机代码 5 时发生了问题。
!SUBENTRY 1 org.eclipse.core.resources 4 1 2024-10-26 21:44:54.454
!MESSAGE 自动刷新本机代码 5 时发生了问题。

!ENTRY org.eclipse.core.resources 4 1 2024-10-26 21:44:55.468
!MESSAGE 刷新资源时发生了问题
!SUBENTRY 1 org.eclipse.core.resources 4 1 2024-10-26 21:44:55.468
!MESSAGE 自动刷新本机代码 5 时发生了问题。
!SUBENTRY 1 org.eclipse.core.resources 4 1 2024-10-26 21:44:55.468
!MESSAGE 自动刷新本机代码 5 时发生了问题。

!ENTRY org.eclipse.core.resources 4 1 2024-10-26 21:44:56.483
!MESSAGE 刷新资源时发生了问题
!SUBENTRY 1 org.eclipse.core.resources 4 1 2024-10-26 21:44:56.483
!MESSAGE 自动刷新本机代码 5 时发生了问题。
!SUBENTRY 1 org.eclipse.core.resources 4 1 2024-10-26 21:44:56.483
!MESSAGE 自动刷新本机代码 5 时发生了问题。

!ENTRY org.eclipse.core.resources 4 1 2024-10-26 21:44:57.498
!MESSAGE 刷新资源时发生了问题
!SUBENTRY 1 org.eclipse.core.resources 4 1 2024-10-26 21:44:57.498
!MESSAGE 自动刷新本机代码 5 时发生了问题。
!SUBENTRY 1 org.eclipse.core.resources 4 1 2024-10-26 21:44:57.498
!MESSAGE 自动刷新本机代码 5 时发生了问题。

!ENTRY org.eclipse.core.resources 4 1 2024-10-26 21:44:58.499
!MESSAGE 刷新资源时发生了问题
!SUBENTRY 1 org.eclipse.core.resources 4 1 2024-10-26 21:44:58.499
!MESSAGE 自动刷新本机代码 5 时发生了问题。
!SUBENTRY 1 org.eclipse.core.resources 4 1 2024-10-26 21:44:58.499
!MESSAGE 自动刷新本机代码 5 时发生了问题。

!ENTRY org.eclipse.core.resources 4 1 2024-10-26 21:44:59.502
!MESSAGE 刷新资源时发生了问题
!SUBENTRY 1 org.eclipse.core.resources 4 1 2024-10-26 21:44:59.502
!MESSAGE 自动刷新本机代码 5 时发生了问题。
!SUBENTRY 1 org.eclipse.core.resources 4 1 2024-10-26 21:44:59.502
!MESSAGE 自动刷新本机代码 5 时发生了问题。

!ENTRY org.eclipse.core.resources 4 1 2024-10-26 21:45:00.562
!MESSAGE 刷新资源时发生了问题
!SUBENTRY 1 org.eclipse.core.resources 4 1 2024-10-26 21:45:00.562
!MESSAGE 自动刷新本机代码 5 时发生了问题。
!SUBENTRY 1 org.eclipse.core.resources 4 1 2024-10-26 21:45:00.562
!MESSAGE 自动刷新本机代码 5 时发生了问题。

!ENTRY org.eclipse.core.resources 4 1 2024-10-26 21:45:01.577
!MESSAGE 刷新资源时发生了问题
!SUBENTRY 1 org.eclipse.core.resources 4 1 2024-10-26 21:45:01.577
!MESSAGE 自动刷新本机代码 5 时发生了问题。
!SUBENTRY 1 org.eclipse.core.resources 4 1 2024-10-26 21:45:01.577
!MESSAGE 自动刷新本机代码 5 时发生了问题。

!ENTRY org.eclipse.core.resources 4 1 2024-10-26 21:45:02.581
!MESSAGE 刷新资源时发生了问题
!SUBENTRY 1 org.eclipse.core.resources 4 1 2024-10-26 21:45:02.581
!MESSAGE 自动刷新本机代码 5 时发生了问题。
!SUBENTRY 1 org.eclipse.core.resources 4 1 2024-10-26 21:45:02.581
!MESSAGE 自动刷新本机代码 5 时发生了问题。

!ENTRY org.eclipse.core.resources 4 1 2024-10-26 21:45:03.583
!MESSAGE 刷新资源时发生了问题
!SUBENTRY 1 org.eclipse.core.resources 4 1 2024-10-26 21:45:03.583
!MESSAGE 自动刷新本机代码 5 时发生了问题。
!SUBENTRY 1 org.eclipse.core.resources 4 1 2024-10-26 21:45:03.583
!MESSAGE 自动刷新本机代码 5 时发生了问题。

!ENTRY org.eclipse.core.resources 4 1 2024-10-26 21:45:04.596
!MESSAGE 刷新资源时发生了问题
!SUBENTRY 1 org.eclipse.core.resources 4 1 2024-10-26 21:45:04.596
!MESSAGE 自动刷新本机代码 5 时发生了问题。
!SUBENTRY 1 org.eclipse.core.resources 4 1 2024-10-26 21:45:04.596
!MESSAGE 自动刷新本机代码 5 时发生了问题。

!ENTRY org.eclipse.core.resources 4 1 2024-10-26 21:45:05.608
!MESSAGE 刷新资源时发生了问题
!SUBENTRY 1 org.eclipse.core.resources 4 1 2024-10-26 21:45:05.608
!MESSAGE 自动刷新本机代码 5 时发生了问题。
!SUBENTRY 1 org.eclipse.core.resources 4 1 2024-10-26 21:45:05.608
!MESSAGE 自动刷新本机代码 5 时发生了问题。

!ENTRY org.eclipse.core.resources 4 1 2024-10-26 21:45:06.610
!MESSAGE 刷新资源时发生了问题
!SUBENTRY 1 org.eclipse.core.resources 4 1 2024-10-26 21:45:06.610
!MESSAGE 自动刷新本机代码 5 时发生了问题。
!SUBENTRY 1 org.eclipse.core.resources 4 1 2024-10-26 21:45:06.610
!MESSAGE 自动刷新本机代码 5 时发生了问题。

!ENTRY org.eclipse.core.resources 4 1 2024-10-26 21:45:07.612
!MESSAGE 刷新资源时发生了问题
!SUBENTRY 1 org.eclipse.core.resources 4 1 2024-10-26 21:45:07.612
!MESSAGE 自动刷新本机代码 5 时发生了问题。
!SUBENTRY 1 org.eclipse.core.resources 4 1 2024-10-26 21:45:07.612
!MESSAGE 自动刷新本机代码 5 时发生了问题。

!ENTRY org.eclipse.core.resources 4 1 2024-10-26 21:45:08.619
!MESSAGE 刷新资源时发生了问题
!SUBENTRY 1 org.eclipse.core.resources 4 1 2024-10-26 21:45:08.619
!MESSAGE 自动刷新本机代码 5 时发生了问题。
!SUBENTRY 1 org.eclipse.core.resources 4 1 2024-10-26 21:45:08.619
!MESSAGE 自动刷新本机代码 5 时发生了问题。

!ENTRY org.eclipse.core.resources 4 1 2024-10-26 21:45:09.633
!MESSAGE 刷新资源时发生了问题
!SUBENTRY 1 org.eclipse.core.resources 4 1 2024-10-26 21:45:09.633
!MESSAGE 自动刷新本机代码 5 时发生了问题。
!SUBENTRY 1 org.eclipse.core.resources 4 1 2024-10-26 21:45:09.633
!MESSAGE 自动刷新本机代码 5 时发生了问题。

!ENTRY org.eclipse.core.resources 4 1 2024-10-26 21:45:10.636
!MESSAGE 刷新资源时发生了问题
!SUBENTRY 1 org.eclipse.core.resources 4 1 2024-10-26 21:45:10.636
!MESSAGE 自动刷新本机代码 5 时发生了问题。
!SUBENTRY 1 org.eclipse.core.resources 4 1 2024-10-26 21:45:10.636
!MESSAGE 自动刷新本机代码 5 时发生了问题。

!ENTRY org.eclipse.core.resources 4 1 2024-10-26 21:45:11.637
!MESSAGE 刷新资源时发生了问题
!SUBENTRY 1 org.eclipse.core.resources 4 1 2024-10-26 21:45:11.637
!MESSAGE 自动刷新本机代码 5 时发生了问题。
!SUBENTRY 1 org.eclipse.core.resources 4 1 2024-10-26 21:45:11.637
!MESSAGE 自动刷新本机代码 5 时发生了问题。

!ENTRY org.eclipse.core.resources 4 1 2024-10-26 21:45:12.649
!MESSAGE 刷新资源时发生了问题
!SUBENTRY 1 org.eclipse.core.resources 4 1 2024-10-26 21:45:12.649
!MESSAGE 自动刷新本机代码 5 时发生了问题。
!SUBENTRY 1 org.eclipse.core.resources 4 1 2024-10-26 21:45:12.649
!MESSAGE 自动刷新本机代码 5 时发生了问题。

!ENTRY org.eclipse.core.resources 4 1 2024-10-26 21:45:13.664
!MESSAGE 刷新资源时发生了问题
!SUBENTRY 1 org.eclipse.core.resources 4 1 2024-10-26 21:45:13.664
!MESSAGE 自动刷新本机代码 5 时发生了问题。
!SUBENTRY 1 org.eclipse.core.resources 4 1 2024-10-26 21:45:13.664
!MESSAGE 自动刷新本机代码 5 时发生了问题。

!ENTRY org.eclipse.core.resources 4 1 2024-10-26 21:45:14.668
!MESSAGE 刷新资源时发生了问题
!SUBENTRY 1 org.eclipse.core.resources 4 1 2024-10-26 21:45:14.668
!MESSAGE 自动刷新本机代码 5 时发生了问题。
!SUBENTRY 1 org.eclipse.core.resources 4 1 2024-10-26 21:45:14.668
!MESSAGE 自动刷新本机代码 5 时发生了问题。

!ENTRY org.eclipse.core.resources 4 1 2024-10-26 21:45:15.670
!MESSAGE 刷新资源时发生了问题
!SUBENTRY 1 org.eclipse.core.resources 4 1 2024-10-26 21:45:15.670
!MESSAGE 自动刷新本机代码 5 时发生了问题。
!SUBENTRY 1 org.eclipse.core.resources 4 1 2024-10-26 21:45:15.670
!MESSAGE 自动刷新本机代码 5 时发生了问题。

!ENTRY org.eclipse.core.resources 4 1 2024-10-26 21:45:16.680
!MESSAGE 刷新资源时发生了问题
!SUBENTRY 1 org.eclipse.core.resources 4 1 2024-10-26 21:45:16.680
!MESSAGE 自动刷新本机代码 5 时发生了问题。
!SUBENTRY 1 org.eclipse.core.resources 4 1 2024-10-26 21:45:16.680
!MESSAGE 自动刷新本机代码 5 时发生了问题。

!ENTRY org.eclipse.core.resources 4 1 2024-10-26 21:45:17.685
!MESSAGE 刷新资源时发生了问题
!SUBENTRY 1 org.eclipse.core.resources 4 1 2024-10-26 21:45:17.685
!MESSAGE 自动刷新本机代码 5 时发生了问题。
!SUBENTRY 1 org.eclipse.core.resources 4 1 2024-10-26 21:45:17.685
!MESSAGE 自动刷新本机代码 5 时发生了问题。

!ENTRY org.eclipse.core.resources 4 1 2024-10-26 21:45:18.747
!MESSAGE 刷新资源时发生了问题
!SUBENTRY 1 org.eclipse.core.resources 4 1 2024-10-26 21:45:18.747
!MESSAGE 自动刷新本机代码 5 时发生了问题。
!SUBENTRY 1 org.eclipse.core.resources 4 1 2024-10-26 21:45:18.747
!MESSAGE 自动刷新本机代码 5 时发生了问题。

!ENTRY org.eclipse.core.resources 4 1 2024-10-26 21:45:19.760
!MESSAGE 刷新资源时发生了问题
!SUBENTRY 1 org.eclipse.core.resources 4 1 2024-10-26 21:45:19.760
!MESSAGE 自动刷新本机代码 5 时发生了问题。
!SUBENTRY 1 org.eclipse.core.resources 4 1 2024-10-26 21:45:19.760
!MESSAGE 自动刷新本机代码 5 时发生了问题。

!ENTRY org.eclipse.core.resources 4 1 2024-10-26 21:45:20.762
!MESSAGE 刷新资源时发生了问题
!SUBENTRY 1 org.eclipse.core.resources 4 1 2024-10-26 21:45:20.762
!MESSAGE 自动刷新本机代码 5 时发生了问题。
!SUBENTRY 1 org.eclipse.core.resources 4 1 2024-10-26 21:45:20.762
!MESSAGE 自动刷新本机代码 5 时发生了问题。

!ENTRY org.eclipse.core.resources 4 1 2024-10-26 21:45:21.764
!MESSAGE 刷新资源时发生了问题
!SUBENTRY 1 org.eclipse.core.resources 4 1 2024-10-26 21:45:21.764
!MESSAGE 自动刷新本机代码 5 时发生了问题。
!SUBENTRY 1 org.eclipse.core.resources 4 1 2024-10-26 21:45:21.764
!MESSAGE 自动刷新本机代码 5 时发生了问题。

!ENTRY org.eclipse.core.resources 4 1 2024-10-26 21:45:22.766
!MESSAGE 刷新资源时发生了问题
!SUBENTRY 1 org.eclipse.core.resources 4 1 2024-10-26 21:45:22.766
!MESSAGE 自动刷新本机代码 5 时发生了问题。
!SUBENTRY 1 org.eclipse.core.resources 4 1 2024-10-26 21:45:22.766
!MESSAGE 自动刷新本机代码 5 时发生了问题。

!ENTRY org.eclipse.core.resources 4 1 2024-10-26 21:45:23.767
!MESSAGE 刷新资源时发生了问题
!SUBENTRY 1 org.eclipse.core.resources 4 1 2024-10-26 21:45:23.767
!MESSAGE 自动刷新本机代码 5 时发生了问题。
!SUBENTRY 1 org.eclipse.core.resources 4 1 2024-10-26 21:45:23.767
!MESSAGE 自动刷新本机代码 5 时发生了问题。

!ENTRY org.eclipse.core.resources 4 1 2024-10-26 21:45:24.770
!MESSAGE 刷新资源时发生了问题
!SUBENTRY 1 org.eclipse.core.resources 4 1 2024-10-26 21:45:24.770
!MESSAGE 自动刷新本机代码 5 时发生了问题。
!SUBENTRY 1 org.eclipse.core.resources 4 1 2024-10-26 21:45:24.770
!MESSAGE 自动刷新本机代码 5 时发生了问题。

!ENTRY org.eclipse.core.resources 4 1 2024-10-26 21:45:25.777
!MESSAGE 刷新资源时发生了问题
!SUBENTRY 1 org.eclipse.core.resources 4 1 2024-10-26 21:45:25.777
!MESSAGE 自动刷新本机代码 5 时发生了问题。
!SUBENTRY 1 org.eclipse.core.resources 4 1 2024-10-26 21:45:25.777
!MESSAGE 自动刷新本机代码 5 时发生了问题。

!ENTRY org.eclipse.core.resources 4 1 2024-10-26 21:45:26.779
!MESSAGE 刷新资源时发生了问题
!SUBENTRY 1 org.eclipse.core.resources 4 1 2024-10-26 21:45:26.779
!MESSAGE 自动刷新本机代码 5 时发生了问题。
!SUBENTRY 1 org.eclipse.core.resources 4 1 2024-10-26 21:45:26.779
!MESSAGE 自动刷新本机代码 5 时发生了问题。

!ENTRY org.eclipse.core.resources 4 1 2024-10-26 21:45:27.796
!MESSAGE 刷新资源时发生了问题
!SUBENTRY 1 org.eclipse.core.resources 4 1 2024-10-26 21:45:27.796
!MESSAGE 自动刷新本机代码 5 时发生了问题。
!SUBENTRY 1 org.eclipse.core.resources 4 1 2024-10-26 21:45:27.796
!MESSAGE 自动刷新本机代码 5 时发生了问题。

!ENTRY org.eclipse.core.resources 4 1 2024-10-26 21:45:28.797
!MESSAGE 刷新资源时发生了问题
!SUBENTRY 1 org.eclipse.core.resources 4 1 2024-10-26 21:45:28.797
!MESSAGE 自动刷新本机代码 5 时发生了问题。
!SUBENTRY 1 org.eclipse.core.resources 4 1 2024-10-26 21:45:28.797
!MESSAGE 自动刷新本机代码 5 时发生了问题。

!ENTRY org.eclipse.core.resources 4 1 2024-10-26 21:45:29.798
!MESSAGE 刷新资源时发生了问题
!SUBENTRY 1 org.eclipse.core.resources 4 1 2024-10-26 21:45:29.798
!MESSAGE 自动刷新本机代码 5 时发生了问题。
!SUBENTRY 1 org.eclipse.core.resources 4 1 2024-10-26 21:45:29.798
!MESSAGE 自动刷新本机代码 5 时发生了问题。

!ENTRY org.eclipse.core.resources 4 1 2024-10-26 21:45:30.800
!MESSAGE 刷新资源时发生了问题
!SUBENTRY 1 org.eclipse.core.resources 4 1 2024-10-26 21:45:30.800
!MESSAGE 自动刷新本机代码 5 时发生了问题。
!SUBENTRY 1 org.eclipse.core.resources 4 1 2024-10-26 21:45:30.800
!MESSAGE 自动刷新本机代码 5 时发生了问题。

!ENTRY org.eclipse.core.resources 4 1 2024-10-26 21:45:31.810
!MESSAGE 刷新资源时发生了问题
!SUBENTRY 1 org.eclipse.core.resources 4 1 2024-10-26 21:45:31.810
!MESSAGE 自动刷新本机代码 5 时发生了问题。
!SUBENTRY 1 org.eclipse.core.resources 4 1 2024-10-26 21:45:31.810
!MESSAGE 自动刷新本机代码 5 时发生了问题。

!ENTRY org.eclipse.core.resources 4 1 2024-10-26 21:45:32.825
!MESSAGE 刷新资源时发生了问题
!SUBENTRY 1 org.eclipse.core.resources 4 1 2024-10-26 21:45:32.825
!MESSAGE 自动刷新本机代码 5 时发生了问题。
!SUBENTRY 1 org.eclipse.core.resources 4 1 2024-10-26 21:45:32.825
!MESSAGE 自动刷新本机代码 5 时发生了问题。

!ENTRY org.eclipse.core.resources 4 1 2024-10-26 21:45:33.840
!MESSAGE 刷新资源时发生了问题
!SUBENTRY 1 org.eclipse.core.resources 4 1 2024-10-26 21:45:33.840
!MESSAGE 自动刷新本机代码 5 时发生了问题。
!SUBENTRY 1 org.eclipse.core.resources 4 1 2024-10-26 21:45:33.840
!MESSAGE 自动刷新本机代码 5 时发生了问题。

!ENTRY org.eclipse.core.resources 4 1 2024-10-26 21:45:34.854
!MESSAGE 刷新资源时发生了问题
!SUBENTRY 1 org.eclipse.core.resources 4 1 2024-10-26 21:45:34.854
!MESSAGE 自动刷新本机代码 5 时发生了问题。
!SUBENTRY 1 org.eclipse.core.resources 4 1 2024-10-26 21:45:34.854
!MESSAGE 自动刷新本机代码 5 时发生了问题。

!ENTRY org.eclipse.core.resources 4 1 2024-10-26 21:45:35.857
!MESSAGE 刷新资源时发生了问题
!SUBENTRY 1 org.eclipse.core.resources 4 1 2024-10-26 21:45:35.857
!MESSAGE 自动刷新本机代码 5 时发生了问题。
!SUBENTRY 1 org.eclipse.core.resources 4 1 2024-10-26 21:45:35.857
!MESSAGE 自动刷新本机代码 5 时发生了问题。

!ENTRY org.eclipse.core.resources 4 1 2024-10-26 21:45:36.862
!MESSAGE 刷新资源时发生了问题
!SUBENTRY 1 org.eclipse.core.resources 4 1 2024-10-26 21:45:36.862
!MESSAGE 自动刷新本机代码 5 时发生了问题。
!SUBENTRY 1 org.eclipse.core.resources 4 1 2024-10-26 21:45:36.862
!MESSAGE 自动刷新本机代码 5 时发生了问题。

!ENTRY org.eclipse.core.resources 4 1 2024-10-26 21:45:37.873
!MESSAGE 刷新资源时发生了问题
!SUBENTRY 1 org.eclipse.core.resources 4 1 2024-10-26 21:45:37.873
!MESSAGE 自动刷新本机代码 5 时发生了问题。
!SUBENTRY 1 org.eclipse.core.resources 4 1 2024-10-26 21:45:37.873
!MESSAGE 自动刷新本机代码 5 时发生了问题。

!ENTRY org.eclipse.core.resources 4 1 2024-10-26 21:45:38.874
!MESSAGE 刷新资源时发生了问题
!SUBENTRY 1 org.eclipse.core.resources 4 1 2024-10-26 21:45:38.874
!MESSAGE 自动刷新本机代码 5 时发生了问题。
!SUBENTRY 1 org.eclipse.core.resources 4 1 2024-10-26 21:45:38.874
!MESSAGE 自动刷新本机代码 5 时发生了问题。

!ENTRY org.eclipse.core.resources 4 1 2024-10-26 21:45:39.879
!MESSAGE 刷新资源时发生了问题
!SUBENTRY 1 org.eclipse.core.resources 4 1 2024-10-26 21:45:39.879
!MESSAGE 自动刷新本机代码 5 时发生了问题。
!SUBENTRY 1 org.eclipse.core.resources 4 1 2024-10-26 21:45:39.879
!MESSAGE 自动刷新本机代码 5 时发生了问题。

!ENTRY org.eclipse.core.resources 4 1 2024-10-26 21:45:40.883
!MESSAGE 刷新资源时发生了问题
!SUBENTRY 1 org.eclipse.core.resources 4 1 2024-10-26 21:45:40.883
!MESSAGE 自动刷新本机代码 5 时发生了问题。
!SUBENTRY 1 org.eclipse.core.resources 4 1 2024-10-26 21:45:40.883
!MESSAGE 自动刷新本机代码 5 时发生了问题。

!ENTRY org.eclipse.core.resources 4 1 2024-10-26 21:45:41.898
!MESSAGE 刷新资源时发生了问题
!SUBENTRY 1 org.eclipse.core.resources 4 1 2024-10-26 21:45:41.898
!MESSAGE 自动刷新本机代码 5 时发生了问题。
!SUBENTRY 1 org.eclipse.core.resources 4 1 2024-10-26 21:45:41.898
!MESSAGE 自动刷新本机代码 5 时发生了问题。

!ENTRY org.eclipse.core.resources 4 1 2024-10-26 21:45:42.909
!MESSAGE 刷新资源时发生了问题
!SUBENTRY 1 org.eclipse.core.resources 4 1 2024-10-26 21:45:42.909
!MESSAGE 自动刷新本机代码 5 时发生了问题。
!SUBENTRY 1 org.eclipse.core.resources 4 1 2024-10-26 21:45:42.909
!MESSAGE 自动刷新本机代码 5 时发生了问题。

!ENTRY org.eclipse.core.resources 4 1 2024-10-26 21:45:43.914
!MESSAGE 刷新资源时发生了问题
!SUBENTRY 1 org.eclipse.core.resources 4 1 2024-10-26 21:45:43.914
!MESSAGE 自动刷新本机代码 5 时发生了问题。
!SUBENTRY 1 org.eclipse.core.resources 4 1 2024-10-26 21:45:43.914
!MESSAGE 自动刷新本机代码 5 时发生了问题。

!ENTRY org.eclipse.core.resources 4 1 2024-10-26 21:45:44.975
!MESSAGE 刷新资源时发生了问题
!SUBENTRY 1 org.eclipse.core.resources 4 1 2024-10-26 21:45:44.975
!MESSAGE 自动刷新本机代码 5 时发生了问题。
!SUBENTRY 1 org.eclipse.core.resources 4 1 2024-10-26 21:45:44.975
!MESSAGE 自动刷新本机代码 5 时发生了问题。

!ENTRY org.eclipse.core.resources 4 1 2024-10-26 21:45:45.990
!MESSAGE 刷新资源时发生了问题
!SUBENTRY 1 org.eclipse.core.resources 4 1 2024-10-26 21:45:45.990
!MESSAGE 自动刷新本机代码 5 时发生了问题。
!SUBENTRY 1 org.eclipse.core.resources 4 1 2024-10-26 21:45:45.990
!MESSAGE 自动刷新本机代码 5 时发生了问题。

!ENTRY org.eclipse.core.resources 4 1 2024-10-26 21:45:47.002
!MESSAGE 刷新资源时发生了问题
!SUBENTRY 1 org.eclipse.core.resources 4 1 2024-10-26 21:45:47.002
!MESSAGE 自动刷新本机代码 5 时发生了问题。
!SUBENTRY 1 org.eclipse.core.resources 4 1 2024-10-26 21:45:47.002
!MESSAGE 自动刷新本机代码 5 时发生了问题。

!ENTRY org.eclipse.core.resources 4 1 2024-10-26 21:45:48.006
!MESSAGE 刷新资源时发生了问题
!SUBENTRY 1 org.eclipse.core.resources 4 1 2024-10-26 21:45:48.006
!MESSAGE 自动刷新本机代码 5 时发生了问题。
!SUBENTRY 1 org.eclipse.core.resources 4 1 2024-10-26 21:45:48.006
!MESSAGE 自动刷新本机代码 5 时发生了问题。

!ENTRY org.eclipse.core.resources 4 1 2024-10-26 21:45:49.021
!MESSAGE 刷新资源时发生了问题
!SUBENTRY 1 org.eclipse.core.resources 4 1 2024-10-26 21:45:49.021
!MESSAGE 自动刷新本机代码 5 时发生了问题。
!SUBENTRY 1 org.eclipse.core.resources 4 1 2024-10-26 21:45:49.021
!MESSAGE 自动刷新本机代码 5 时发生了问题。

!ENTRY org.eclipse.core.resources 4 1 2024-10-26 21:45:50.026
!MESSAGE 刷新资源时发生了问题
!SUBENTRY 1 org.eclipse.core.resources 4 1 2024-10-26 21:45:50.026
!MESSAGE 自动刷新本机代码 5 时发生了问题。
!SUBENTRY 1 org.eclipse.core.resources 4 1 2024-10-26 21:45:50.026
!MESSAGE 自动刷新本机代码 5 时发生了问题。

!ENTRY org.eclipse.core.resources 4 1 2024-10-26 21:45:51.027
!MESSAGE 刷新资源时发生了问题
!SUBENTRY 1 org.eclipse.core.resources 4 1 2024-10-26 21:45:51.027
!MESSAGE 自动刷新本机代码 5 时发生了问题。
!SUBENTRY 1 org.eclipse.core.resources 4 1 2024-10-26 21:45:51.027
!MESSAGE 自动刷新本机代码 5 时发生了问题。

!ENTRY org.eclipse.core.resources 4 1 2024-10-26 21:45:52.029
!MESSAGE 刷新资源时发生了问题
!SUBENTRY 1 org.eclipse.core.resources 4 1 2024-10-26 21:45:52.029
!MESSAGE 自动刷新本机代码 5 时发生了问题。
!SUBENTRY 1 org.eclipse.core.resources 4 1 2024-10-26 21:45:52.029
!MESSAGE 自动刷新本机代码 5 时发生了问题。

!ENTRY org.eclipse.core.resources 4 1 2024-10-26 21:45:53.042
!MESSAGE 刷新资源时发生了问题
!SUBENTRY 1 org.eclipse.core.resources 4 1 2024-10-26 21:45:53.042
!MESSAGE 自动刷新本机代码 5 时发生了问题。
!SUBENTRY 1 org.eclipse.core.resources 4 1 2024-10-26 21:45:53.042
!MESSAGE 自动刷新本机代码 5 时发生了问题。

!ENTRY org.eclipse.core.resources 4 1 2024-10-26 21:45:54.045
!MESSAGE 刷新资源时发生了问题
!SUBENTRY 1 org.eclipse.core.resources 4 1 2024-10-26 21:45:54.045
!MESSAGE 自动刷新本机代码 5 时发生了问题。
!SUBENTRY 1 org.eclipse.core.resources 4 1 2024-10-26 21:45:54.045
!MESSAGE 自动刷新本机代码 5 时发生了问题。

!ENTRY org.eclipse.core.resources 4 1 2024-10-26 21:45:55.047
!MESSAGE 刷新资源时发生了问题
!SUBENTRY 1 org.eclipse.core.resources 4 1 2024-10-26 21:45:55.047
!MESSAGE 自动刷新本机代码 5 时发生了问题。
!SUBENTRY 1 org.eclipse.core.resources 4 1 2024-10-26 21:45:55.047
!MESSAGE 自动刷新本机代码 5 时发生了问题。

!ENTRY org.eclipse.core.resources 4 1 2024-10-26 21:45:56.060
!MESSAGE 刷新资源时发生了问题
!SUBENTRY 1 org.eclipse.core.resources 4 1 2024-10-26 21:45:56.060
!MESSAGE 自动刷新本机代码 5 时发生了问题。
!SUBENTRY 1 org.eclipse.core.resources 4 1 2024-10-26 21:45:56.060
!MESSAGE 自动刷新本机代码 5 时发生了问题。

!ENTRY org.eclipse.core.resources 4 1 2024-10-26 21:45:57.062
!MESSAGE 刷新资源时发生了问题
!SUBENTRY 1 org.eclipse.core.resources 4 1 2024-10-26 21:45:57.062
!MESSAGE 自动刷新本机代码 5 时发生了问题。
!SUBENTRY 1 org.eclipse.core.resources 4 1 2024-10-26 21:45:57.062
!MESSAGE 自动刷新本机代码 5 时发生了问题。

!ENTRY org.eclipse.core.resources 4 1 2024-10-26 21:45:58.076
!MESSAGE 刷新资源时发生了问题
!SUBENTRY 1 org.eclipse.core.resources 4 1 2024-10-26 21:45:58.076
!MESSAGE 自动刷新本机代码 5 时发生了问题。
!SUBENTRY 1 org.eclipse.core.resources 4 1 2024-10-26 21:45:58.076
!MESSAGE 自动刷新本机代码 5 时发生了问题。

!ENTRY org.eclipse.core.resources 4 1 2024-10-26 21:45:59.078
!MESSAGE 刷新资源时发生了问题
!SUBENTRY 1 org.eclipse.core.resources 4 1 2024-10-26 21:45:59.078
!MESSAGE 自动刷新本机代码 5 时发生了问题。
!SUBENTRY 1 org.eclipse.core.resources 4 1 2024-10-26 21:45:59.078
!MESSAGE 自动刷新本机代码 5 时发生了问题。

!ENTRY org.eclipse.core.resources 4 1 2024-10-26 21:46:00.139
!MESSAGE 刷新资源时发生了问题
!SUBENTRY 1 org.eclipse.core.resources 4 1 2024-10-26 21:46:00.139
!MESSAGE 自动刷新本机代码 5 时发生了问题。
!SUBENTRY 1 org.eclipse.core.resources 4 1 2024-10-26 21:46:00.139
!MESSAGE 自动刷新本机代码 5 时发生了问题。

!ENTRY org.eclipse.core.resources 4 1 2024-10-26 21:46:01.153
!MESSAGE 刷新资源时发生了问题
!SUBENTRY 1 org.eclipse.core.resources 4 1 2024-10-26 21:46:01.153
!MESSAGE 自动刷新本机代码 5 时发生了问题。
!SUBENTRY 1 org.eclipse.core.resources 4 1 2024-10-26 21:46:01.153
!MESSAGE 自动刷新本机代码 5 时发生了问题。

!ENTRY org.eclipse.core.resources 4 1 2024-10-26 21:46:02.159
!MESSAGE 刷新资源时发生了问题
!SUBENTRY 1 org.eclipse.core.resources 4 1 2024-10-26 21:46:02.159
!MESSAGE 自动刷新本机代码 5 时发生了问题。
!SUBENTRY 1 org.eclipse.core.resources 4 1 2024-10-26 21:46:02.159
!MESSAGE 自动刷新本机代码 5 时发生了问题。

!ENTRY org.eclipse.core.resources 4 1 2024-10-26 21:46:03.169
!MESSAGE 刷新资源时发生了问题
!SUBENTRY 1 org.eclipse.core.resources 4 1 2024-10-26 21:46:03.169
!MESSAGE 自动刷新本机代码 5 时发生了问题。
!SUBENTRY 1 org.eclipse.core.resources 4 1 2024-10-26 21:46:03.169
!MESSAGE 自动刷新本机代码 5 时发生了问题。

!ENTRY org.eclipse.core.resources 4 1 2024-10-26 21:46:04.174
!MESSAGE 刷新资源时发生了问题
!SUBENTRY 1 org.eclipse.core.resources 4 1 2024-10-26 21:46:04.174
!MESSAGE 自动刷新本机代码 5 时发生了问题。
!SUBENTRY 1 org.eclipse.core.resources 4 1 2024-10-26 21:46:04.174
!MESSAGE 自动刷新本机代码 5 时发生了问题。

!ENTRY org.eclipse.core.resources 4 1 2024-10-26 21:46:05.188
!MESSAGE 刷新资源时发生了问题
!SUBENTRY 1 org.eclipse.core.resources 4 1 2024-10-26 21:46:05.188
!MESSAGE 自动刷新本机代码 5 时发生了问题。
!SUBENTRY 1 org.eclipse.core.resources 4 1 2024-10-26 21:46:05.188
!MESSAGE 自动刷新本机代码 5 时发生了问题。

!ENTRY org.eclipse.core.resources 4 1 2024-10-26 21:46:06.189
!MESSAGE 刷新资源时发生了问题
!SUBENTRY 1 org.eclipse.core.resources 4 1 2024-10-26 21:46:06.189
!MESSAGE 自动刷新本机代码 5 时发生了问题。
!SUBENTRY 1 org.eclipse.core.resources 4 1 2024-10-26 21:46:06.189
!MESSAGE 自动刷新本机代码 5 时发生了问题。

!ENTRY org.eclipse.core.resources 4 1 2024-10-26 21:46:07.191
!MESSAGE 刷新资源时发生了问题
!SUBENTRY 1 org.eclipse.core.resources 4 1 2024-10-26 21:46:07.191
!MESSAGE 自动刷新本机代码 5 时发生了问题。
!SUBENTRY 1 org.eclipse.core.resources 4 1 2024-10-26 21:46:07.191
!MESSAGE 自动刷新本机代码 5 时发生了问题。

!ENTRY org.eclipse.core.resources 4 1 2024-10-26 21:46:08.204
!MESSAGE 刷新资源时发生了问题
!SUBENTRY 1 org.eclipse.core.resources 4 1 2024-10-26 21:46:08.204
!MESSAGE 自动刷新本机代码 5 时发生了问题。
!SUBENTRY 1 org.eclipse.core.resources 4 1 2024-10-26 21:46:08.204
!MESSAGE 自动刷新本机代码 5 时发生了问题。

!ENTRY org.eclipse.core.resources 4 1 2024-10-26 21:46:09.205
!MESSAGE 刷新资源时发生了问题
!SUBENTRY 1 org.eclipse.core.resources 4 1 2024-10-26 21:46:09.205
!MESSAGE 自动刷新本机代码 5 时发生了问题。
!SUBENTRY 1 org.eclipse.core.resources 4 1 2024-10-26 21:46:09.205
!MESSAGE 自动刷新本机代码 5 时发生了问题。

!ENTRY org.eclipse.core.resources 4 1 2024-10-26 21:46:10.208
!MESSAGE 刷新资源时发生了问题
!SUBENTRY 1 org.eclipse.core.resources 4 1 2024-10-26 21:46:10.208
!MESSAGE 自动刷新本机代码 5 时发生了问题。
!SUBENTRY 1 org.eclipse.core.resources 4 1 2024-10-26 21:46:10.208
!MESSAGE 自动刷新本机代码 5 时发生了问题。

!ENTRY org.eclipse.core.resources 4 1 2024-10-26 21:46:11.222
!MESSAGE 刷新资源时发生了问题
!SUBENTRY 1 org.eclipse.core.resources 4 1 2024-10-26 21:46:11.222
!MESSAGE 自动刷新本机代码 5 时发生了问题。
!SUBENTRY 1 org.eclipse.core.resources 4 1 2024-10-26 21:46:11.222
!MESSAGE 自动刷新本机代码 5 时发生了问题。

!ENTRY org.eclipse.core.resources 4 1 2024-10-26 21:46:12.235
!MESSAGE 刷新资源时发生了问题
!SUBENTRY 1 org.eclipse.core.resources 4 1 2024-10-26 21:46:12.235
!MESSAGE 自动刷新本机代码 5 时发生了问题。
!SUBENTRY 1 org.eclipse.core.resources 4 1 2024-10-26 21:46:12.235
!MESSAGE 自动刷新本机代码 5 时发生了问题。

!ENTRY org.eclipse.core.resources 4 1 2024-10-26 21:46:13.249
!MESSAGE 刷新资源时发生了问题
!SUBENTRY 1 org.eclipse.core.resources 4 1 2024-10-26 21:46:13.249
!MESSAGE 自动刷新本机代码 5 时发生了问题。
!SUBENTRY 1 org.eclipse.core.resources 4 1 2024-10-26 21:46:13.249
!MESSAGE 自动刷新本机代码 5 时发生了问题。

!ENTRY org.eclipse.core.resources 4 1 2024-10-26 21:46:14.250
!MESSAGE 刷新资源时发生了问题
!SUBENTRY 1 org.eclipse.core.resources 4 1 2024-10-26 21:46:14.250
!MESSAGE 自动刷新本机代码 5 时发生了问题。
!SUBENTRY 1 org.eclipse.core.resources 4 1 2024-10-26 21:46:14.250
!MESSAGE 自动刷新本机代码 5 时发生了问题。

!ENTRY org.eclipse.core.resources 4 1 2024-10-26 21:46:15.253
!MESSAGE 刷新资源时发生了问题
!SUBENTRY 1 org.eclipse.core.resources 4 1 2024-10-26 21:46:15.253
!MESSAGE 自动刷新本机代码 5 时发生了问题。
!SUBENTRY 1 org.eclipse.core.resources 4 1 2024-10-26 21:46:15.253
!MESSAGE 自动刷新本机代码 5 时发生了问题。

!ENTRY org.eclipse.core.resources 4 1 2024-10-26 21:46:16.256
!MESSAGE 刷新资源时发生了问题
!SUBENTRY 1 org.eclipse.core.resources 4 1 2024-10-26 21:46:16.256
!MESSAGE 自动刷新本机代码 5 时发生了问题。
!SUBENTRY 1 org.eclipse.core.resources 4 1 2024-10-26 21:46:16.256
!MESSAGE 自动刷新本机代码 5 时发生了问题。

!ENTRY org.eclipse.core.resources 4 1 2024-10-26 21:46:17.271
!MESSAGE 刷新资源时发生了问题
!SUBENTRY 1 org.eclipse.core.resources 4 1 2024-10-26 21:46:17.271
!MESSAGE 自动刷新本机代码 5 时发生了问题。
!SUBENTRY 1 org.eclipse.core.resources 4 1 2024-10-26 21:46:17.271
!MESSAGE 自动刷新本机代码 5 时发生了问题。

!ENTRY org.eclipse.core.resources 4 1 2024-10-26 21:46:18.292
!MESSAGE 刷新资源时发生了问题
!SUBENTRY 1 org.eclipse.core.resources 4 1 2024-10-26 21:46:18.292
!MESSAGE 自动刷新本机代码 5 时发生了问题。
!SUBENTRY 1 org.eclipse.core.resources 4 1 2024-10-26 21:46:18.292
!MESSAGE 自动刷新本机代码 5 时发生了问题。

!ENTRY org.eclipse.core.resources 4 1 2024-10-26 21:46:19.300
!MESSAGE 刷新资源时发生了问题
!SUBENTRY 1 org.eclipse.core.resources 4 1 2024-10-26 21:46:19.300
!MESSAGE 自动刷新本机代码 5 时发生了问题。
!SUBENTRY 1 org.eclipse.core.resources 4 1 2024-10-26 21:46:19.300
!MESSAGE 自动刷新本机代码 5 时发生了问题。

!ENTRY org.eclipse.core.resources 4 1 2024-10-26 21:46:20.304
!MESSAGE 刷新资源时发生了问题
!SUBENTRY 1 org.eclipse.core.resources 4 1 2024-10-26 21:46:20.304
!MESSAGE 自动刷新本机代码 5 时发生了问题。
!SUBENTRY 1 org.eclipse.core.resources 4 1 2024-10-26 21:46:20.304
!MESSAGE 自动刷新本机代码 5 时发生了问题。

!ENTRY org.eclipse.core.resources 4 1 2024-10-26 21:46:21.310
!MESSAGE 刷新资源时发生了问题
!SUBENTRY 1 org.eclipse.core.resources 4 1 2024-10-26 21:46:21.310
!MESSAGE 自动刷新本机代码 5 时发生了问题。
!SUBENTRY 1 org.eclipse.core.resources 4 1 2024-10-26 21:46:21.310
!MESSAGE 自动刷新本机代码 5 时发生了问题。

!ENTRY org.eclipse.core.resources 4 1 2024-10-26 21:46:22.316
!MESSAGE 刷新资源时发生了问题
!SUBENTRY 1 org.eclipse.core.resources 4 1 2024-10-26 21:46:22.316
!MESSAGE 自动刷新本机代码 5 时发生了问题。
!SUBENTRY 1 org.eclipse.core.resources 4 1 2024-10-26 21:46:22.316
!MESSAGE 自动刷新本机代码 5 时发生了问题。

!ENTRY org.eclipse.core.resources 4 1 2024-10-26 21:46:23.331
!MESSAGE 刷新资源时发生了问题
!SUBENTRY 1 org.eclipse.core.resources 4 1 2024-10-26 21:46:23.331
!MESSAGE 自动刷新本机代码 5 时发生了问题。
!SUBENTRY 1 org.eclipse.core.resources 4 1 2024-10-26 21:46:23.331
!MESSAGE 自动刷新本机代码 5 时发生了问题。

!ENTRY org.eclipse.core.resources 4 1 2024-10-26 21:46:24.335
!MESSAGE 刷新资源时发生了问题
!SUBENTRY 1 org.eclipse.core.resources 4 1 2024-10-26 21:46:24.335
!MESSAGE 自动刷新本机代码 5 时发生了问题。
!SUBENTRY 1 org.eclipse.core.resources 4 1 2024-10-26 21:46:24.335
!MESSAGE 自动刷新本机代码 5 时发生了问题。

!ENTRY org.eclipse.core.resources 4 1 2024-10-26 21:46:25.349
!MESSAGE 刷新资源时发生了问题
!SUBENTRY 1 org.eclipse.core.resources 4 1 2024-10-26 21:46:25.349
!MESSAGE 自动刷新本机代码 5 时发生了问题。
!SUBENTRY 1 org.eclipse.core.resources 4 1 2024-10-26 21:46:25.349
!MESSAGE 自动刷新本机代码 5 时发生了问题。

!ENTRY org.eclipse.core.resources 4 1 2024-10-26 21:46:26.364
!MESSAGE 刷新资源时发生了问题
!SUBENTRY 1 org.eclipse.core.resources 4 1 2024-10-26 21:46:26.364
!MESSAGE 自动刷新本机代码 5 时发生了问题。
!SUBENTRY 1 org.eclipse.core.resources 4 1 2024-10-26 21:46:26.364
!MESSAGE 自动刷新本机代码 5 时发生了问题。

!ENTRY org.eclipse.core.resources 4 1 2024-10-26 21:46:27.366
!MESSAGE 刷新资源时发生了问题
!SUBENTRY 1 org.eclipse.core.resources 4 1 2024-10-26 21:46:27.366
!MESSAGE 自动刷新本机代码 5 时发生了问题。
!SUBENTRY 1 org.eclipse.core.resources 4 1 2024-10-26 21:46:27.366
!MESSAGE 自动刷新本机代码 5 时发生了问题。

!ENTRY org.eclipse.core.resources 4 1 2024-10-26 21:46:28.380
!MESSAGE 刷新资源时发生了问题
!SUBENTRY 1 org.eclipse.core.resources 4 1 2024-10-26 21:46:28.380
!MESSAGE 自动刷新本机代码 5 时发生了问题。
!SUBENTRY 1 org.eclipse.core.resources 4 1 2024-10-26 21:46:28.380
!MESSAGE 自动刷新本机代码 5 时发生了问题。

!ENTRY org.eclipse.core.resources 4 1 2024-10-26 21:46:29.383
!MESSAGE 刷新资源时发生了问题
!SUBENTRY 1 org.eclipse.core.resources 4 1 2024-10-26 21:46:29.383
!MESSAGE 自动刷新本机代码 5 时发生了问题。
!SUBENTRY 1 org.eclipse.core.resources 4 1 2024-10-26 21:46:29.383
!MESSAGE 自动刷新本机代码 5 时发生了问题。

!ENTRY org.eclipse.core.resources 4 1 2024-10-26 21:46:30.389
!MESSAGE 刷新资源时发生了问题
!SUBENTRY 1 org.eclipse.core.resources 4 1 2024-10-26 21:46:30.389
!MESSAGE 自动刷新本机代码 5 时发生了问题。
!SUBENTRY 1 org.eclipse.core.resources 4 1 2024-10-26 21:46:30.389
!MESSAGE 自动刷新本机代码 5 时发生了问题。

!ENTRY org.eclipse.core.resources 4 1 2024-10-26 21:46:31.415
!MESSAGE 刷新资源时发生了问题
!SUBENTRY 1 org.eclipse.core.resources 4 1 2024-10-26 21:46:31.416
!MESSAGE 自动刷新本机代码 5 时发生了问题。
!SUBENTRY 1 org.eclipse.core.resources 4 1 2024-10-26 21:46:31.416
!MESSAGE 自动刷新本机代码 5 时发生了问题。

!ENTRY org.eclipse.core.resources 4 1 2024-10-26 21:46:32.433
!MESSAGE 刷新资源时发生了问题
!SUBENTRY 1 org.eclipse.core.resources 4 1 2024-10-26 21:46:32.433
!MESSAGE 自动刷新本机代码 5 时发生了问题。
!SUBENTRY 1 org.eclipse.core.resources 4 1 2024-10-26 21:46:32.433
!MESSAGE 自动刷新本机代码 5 时发生了问题。

!ENTRY org.eclipse.core.resources 4 1 2024-10-26 21:46:33.462
!MESSAGE 刷新资源时发生了问题
!SUBENTRY 1 org.eclipse.core.resources 4 1 2024-10-26 21:46:33.462
!MESSAGE 自动刷新本机代码 5 时发生了问题。
!SUBENTRY 1 org.eclipse.core.resources 4 1 2024-10-26 21:46:33.462
!MESSAGE 自动刷新本机代码 5 时发生了问题。

!ENTRY org.eclipse.core.resources 4 1 2024-10-26 21:46:34.496
!MESSAGE 刷新资源时发生了问题
!SUBENTRY 1 org.eclipse.core.resources 4 1 2024-10-26 21:46:34.496
!MESSAGE 自动刷新本机代码 5 时发生了问题。
!SUBENTRY 1 org.eclipse.core.resources 4 1 2024-10-26 21:46:34.496
!MESSAGE 自动刷新本机代码 5 时发生了问题。

!ENTRY org.eclipse.core.resources 4 1 2024-10-26 21:46:35.508
!MESSAGE 刷新资源时发生了问题
!SUBENTRY 1 org.eclipse.core.resources 4 1 2024-10-26 21:46:35.508
!MESSAGE 自动刷新本机代码 5 时发生了问题。
!SUBENTRY 1 org.eclipse.core.resources 4 1 2024-10-26 21:46:35.508
!MESSAGE 自动刷新本机代码 5 时发生了问题。

!ENTRY org.eclipse.core.resources 4 1 2024-10-26 21:46:36.521
!MESSAGE 刷新资源时发生了问题
!SUBENTRY 1 org.eclipse.core.resources 4 1 2024-10-26 21:46:36.521
!MESSAGE 自动刷新本机代码 5 时发生了问题。
!SUBENTRY 1 org.eclipse.core.resources 4 1 2024-10-26 21:46:36.521
!MESSAGE 自动刷新本机代码 5 时发生了问题。

!ENTRY org.eclipse.core.resources 4 1 2024-10-26 21:46:37.556
!MESSAGE 刷新资源时发生了问题
!SUBENTRY 1 org.eclipse.core.resources 4 1 2024-10-26 21:46:37.556
!MESSAGE 自动刷新本机代码 5 时发生了问题。
!SUBENTRY 1 org.eclipse.core.resources 4 1 2024-10-26 21:46:37.556
!MESSAGE 自动刷新本机代码 5 时发生了问题。

!ENTRY org.eclipse.core.resources 4 1 2024-10-26 21:46:38.590
!MESSAGE 刷新资源时发生了问题
!SUBENTRY 1 org.eclipse.core.resources 4 1 2024-10-26 21:46:38.590
!MESSAGE 自动刷新本机代码 5 时发生了问题。
!SUBENTRY 1 org.eclipse.core.resources 4 1 2024-10-26 21:46:38.590
!MESSAGE 自动刷新本机代码 5 时发生了问题。

!ENTRY org.eclipse.core.resources 4 1 2024-10-26 21:46:39.607
!MESSAGE 刷新资源时发生了问题
!SUBENTRY 1 org.eclipse.core.resources 4 1 2024-10-26 21:46:39.607
!MESSAGE 自动刷新本机代码 5 时发生了问题。
!SUBENTRY 1 org.eclipse.core.resources 4 1 2024-10-26 21:46:39.607
!MESSAGE 自动刷新本机代码 5 时发生了问题。

!ENTRY org.eclipse.core.resources 4 1 2024-10-26 21:46:40.616
!MESSAGE 刷新资源时发生了问题
!SUBENTRY 1 org.eclipse.core.resources 4 1 2024-10-26 21:46:40.616
!MESSAGE 自动刷新本机代码 5 时发生了问题。
!SUBENTRY 1 org.eclipse.core.resources 4 1 2024-10-26 21:46:40.616
!MESSAGE 自动刷新本机代码 5 时发生了问题。

!ENTRY org.eclipse.core.resources 4 1 2024-10-26 21:46:41.629
!MESSAGE 刷新资源时发生了问题
!SUBENTRY 1 org.eclipse.core.resources 4 1 2024-10-26 21:46:41.629
!MESSAGE 自动刷新本机代码 5 时发生了问题。
!SUBENTRY 1 org.eclipse.core.resources 4 1 2024-10-26 21:46:41.629
!MESSAGE 自动刷新本机代码 5 时发生了问题。

!ENTRY org.eclipse.core.resources 4 1 2024-10-26 21:46:42.640
!MESSAGE 刷新资源时发生了问题
!SUBENTRY 1 org.eclipse.core.resources 4 1 2024-10-26 21:46:42.640
!MESSAGE 自动刷新本机代码 5 时发生了问题。
!SUBENTRY 1 org.eclipse.core.resources 4 1 2024-10-26 21:46:42.640
!MESSAGE 自动刷新本机代码 5 时发生了问题。

!ENTRY org.eclipse.core.resources 4 1 2024-10-26 21:46:43.641
!MESSAGE 刷新资源时发生了问题
!SUBENTRY 1 org.eclipse.core.resources 4 1 2024-10-26 21:46:43.641
!MESSAGE 自动刷新本机代码 5 时发生了问题。
!SUBENTRY 1 org.eclipse.core.resources 4 1 2024-10-26 21:46:43.641
!MESSAGE 自动刷新本机代码 5 时发生了问题。

!ENTRY org.eclipse.core.resources 4 1 2024-10-26 21:46:44.642
!MESSAGE 刷新资源时发生了问题
!SUBENTRY 1 org.eclipse.core.resources 4 1 2024-10-26 21:46:44.642
!MESSAGE 自动刷新本机代码 5 时发生了问题。
!SUBENTRY 1 org.eclipse.core.resources 4 1 2024-10-26 21:46:44.642
!MESSAGE 自动刷新本机代码 5 时发生了问题。

!ENTRY org.eclipse.core.resources 4 1 2024-10-26 21:46:45.643
!MESSAGE 刷新资源时发生了问题
!SUBENTRY 1 org.eclipse.core.resources 4 1 2024-10-26 21:46:45.643
!MESSAGE 自动刷新本机代码 5 时发生了问题。
!SUBENTRY 1 org.eclipse.core.resources 4 1 2024-10-26 21:46:45.643
!MESSAGE 自动刷新本机代码 5 时发生了问题。

!ENTRY org.eclipse.core.resources 4 1 2024-10-26 21:46:46.644
!MESSAGE 刷新资源时发生了问题
!SUBENTRY 1 org.eclipse.core.resources 4 1 2024-10-26 21:46:46.644
!MESSAGE 自动刷新本机代码 5 时发生了问题。
!SUBENTRY 1 org.eclipse.core.resources 4 1 2024-10-26 21:46:46.644
!MESSAGE 自动刷新本机代码 5 时发生了问题。

!ENTRY org.eclipse.core.resources 4 1 2024-10-26 21:46:47.645
!MESSAGE 刷新资源时发生了问题
!SUBENTRY 1 org.eclipse.core.resources 4 1 2024-10-26 21:46:47.645
!MESSAGE 自动刷新本机代码 5 时发生了问题。
!SUBENTRY 1 org.eclipse.core.resources 4 1 2024-10-26 21:46:47.645
!MESSAGE 自动刷新本机代码 5 时发生了问题。

!ENTRY org.eclipse.core.resources 4 1 2024-10-26 21:46:48.646
!MESSAGE 刷新资源时发生了问题
!SUBENTRY 1 org.eclipse.core.resources 4 1 2024-10-26 21:46:48.646
!MESSAGE 自动刷新本机代码 5 时发生了问题。
!SUBENTRY 1 org.eclipse.core.resources 4 1 2024-10-26 21:46:48.646
!MESSAGE 自动刷新本机代码 5 时发生了问题。

!ENTRY org.eclipse.core.resources 4 1 2024-10-26 21:46:49.647
!MESSAGE 刷新资源时发生了问题
!SUBENTRY 1 org.eclipse.core.resources 4 1 2024-10-26 21:46:49.647
!MESSAGE 自动刷新本机代码 5 时发生了问题。
!SUBENTRY 1 org.eclipse.core.resources 4 1 2024-10-26 21:46:49.647
!MESSAGE 自动刷新本机代码 5 时发生了问题。

!ENTRY org.eclipse.core.resources 4 1 2024-10-26 21:46:50.648
!MESSAGE 刷新资源时发生了问题
!SUBENTRY 1 org.eclipse.core.resources 4 1 2024-10-26 21:46:50.648
!MESSAGE 自动刷新本机代码 5 时发生了问题。
!SUBENTRY 1 org.eclipse.core.resources 4 1 2024-10-26 21:46:50.648
!MESSAGE 自动刷新本机代码 5 时发生了问题。

!ENTRY org.eclipse.core.resources 4 1 2024-10-26 21:46:51.649
!MESSAGE 刷新资源时发生了问题
!SUBENTRY 1 org.eclipse.core.resources 4 1 2024-10-26 21:46:51.649
!MESSAGE 自动刷新本机代码 5 时发生了问题。
!SUBENTRY 1 org.eclipse.core.resources 4 1 2024-10-26 21:46:51.649
!MESSAGE 自动刷新本机代码 5 时发生了问题。

!ENTRY org.eclipse.core.resources 4 1 2024-10-26 21:46:52.650
!MESSAGE 刷新资源时发生了问题
!SUBENTRY 1 org.eclipse.core.resources 4 1 2024-10-26 21:46:52.650
!MESSAGE 自动刷新本机代码 5 时发生了问题。
!SUBENTRY 1 org.eclipse.core.resources 4 1 2024-10-26 21:46:52.650
!MESSAGE 自动刷新本机代码 5 时发生了问题。

!ENTRY org.eclipse.core.resources 4 1 2024-10-26 21:46:53.651
!MESSAGE 刷新资源时发生了问题
!SUBENTRY 1 org.eclipse.core.resources 4 1 2024-10-26 21:46:53.651
!MESSAGE 自动刷新本机代码 5 时发生了问题。
!SUBENTRY 1 org.eclipse.core.resources 4 1 2024-10-26 21:46:53.651
!MESSAGE 自动刷新本机代码 5 时发生了问题。

!ENTRY org.eclipse.core.resources 4 1 2024-10-26 21:46:54.652
!MESSAGE 刷新资源时发生了问题
!SUBENTRY 1 org.eclipse.core.resources 4 1 2024-10-26 21:46:54.652
!MESSAGE 自动刷新本机代码 5 时发生了问题。
!SUBENTRY 1 org.eclipse.core.resources 4 1 2024-10-26 21:46:54.652
!MESSAGE 自动刷新本机代码 5 时发生了问题。

!ENTRY org.eclipse.core.resources 4 1 2024-10-26 21:46:55.654
!MESSAGE 刷新资源时发生了问题
!SUBENTRY 1 org.eclipse.core.resources 4 1 2024-10-26 21:46:55.654
!MESSAGE 自动刷新本机代码 5 时发生了问题。
!SUBENTRY 1 org.eclipse.core.resources 4 1 2024-10-26 21:46:55.654
!MESSAGE 自动刷新本机代码 5 时发生了问题。

!ENTRY org.eclipse.core.resources 4 1 2024-10-26 21:46:56.655
!MESSAGE 刷新资源时发生了问题
!SUBENTRY 1 org.eclipse.core.resources 4 1 2024-10-26 21:46:56.655
!MESSAGE 自动刷新本机代码 5 时发生了问题。
!SUBENTRY 1 org.eclipse.core.resources 4 1 2024-10-26 21:46:56.655
!MESSAGE 自动刷新本机代码 5 时发生了问题。

!ENTRY org.eclipse.core.resources 4 1 2024-10-26 21:46:57.659
!MESSAGE 刷新资源时发生了问题
!SUBENTRY 1 org.eclipse.core.resources 4 1 2024-10-26 21:46:57.659
!MESSAGE 自动刷新本机代码 5 时发生了问题。
!SUBENTRY 1 org.eclipse.core.resources 4 1 2024-10-26 21:46:57.659
!MESSAGE 自动刷新本机代码 5 时发生了问题。

!ENTRY org.eclipse.core.resources 4 1 2024-10-26 21:46:58.660
!MESSAGE 刷新资源时发生了问题
!SUBENTRY 1 org.eclipse.core.resources 4 1 2024-10-26 21:46:58.660
!MESSAGE 自动刷新本机代码 5 时发生了问题。
!SUBENTRY 1 org.eclipse.core.resources 4 1 2024-10-26 21:46:58.660
!MESSAGE 自动刷新本机代码 5 时发生了问题。

!ENTRY org.eclipse.core.resources 4 1 2024-10-26 21:46:59.661
!MESSAGE 刷新资源时发生了问题
!SUBENTRY 1 org.eclipse.core.resources 4 1 2024-10-26 21:46:59.661
!MESSAGE 自动刷新本机代码 5 时发生了问题。
!SUBENTRY 1 org.eclipse.core.resources 4 1 2024-10-26 21:46:59.661
!MESSAGE 自动刷新本机代码 5 时发生了问题。

!ENTRY org.eclipse.core.resources 4 1 2024-10-26 21:47:00.662
!MESSAGE 刷新资源时发生了问题
!SUBENTRY 1 org.eclipse.core.resources 4 1 2024-10-26 21:47:00.662
!MESSAGE 自动刷新本机代码 5 时发生了问题。
!SUBENTRY 1 org.eclipse.core.resources 4 1 2024-10-26 21:47:00.662
!MESSAGE 自动刷新本机代码 5 时发生了问题。

!ENTRY org.eclipse.core.resources 4 1 2024-10-26 21:47:01.667
!MESSAGE 刷新资源时发生了问题
!SUBENTRY 1 org.eclipse.core.resources 4 1 2024-10-26 21:47:01.667
!MESSAGE 自动刷新本机代码 5 时发生了问题。
!SUBENTRY 1 org.eclipse.core.resources 4 1 2024-10-26 21:47:01.667
!MESSAGE 自动刷新本机代码 5 时发生了问题。

!ENTRY org.eclipse.core.resources 4 1 2024-10-26 21:47:02.683
!MESSAGE 刷新资源时发生了问题
!SUBENTRY 1 org.eclipse.core.resources 4 1 2024-10-26 21:47:02.683
!MESSAGE 自动刷新本机代码 5 时发生了问题。
!SUBENTRY 1 org.eclipse.core.resources 4 1 2024-10-26 21:47:02.683
!MESSAGE 自动刷新本机代码 5 时发生了问题。
